Expected Realization date,Pre Approval Sent Date,Feb Monthly Forecast,May Monthly Forecast,Mar Monthly Forecast,SAP Approval Status,Approval Date,Post Approver (SAP Approver),Invoice Delta,Customer Name,Remarks,Prepared By,Aug Monthly Forecast,Project Status,Column1,Late Payments,Invoice Status,Apr Monthly Forecast,Financial Year,PO Balance Amount,QB Realization Date,Nudging List Status (LYB),PO Amount Consumed,2025 Invoice Details,Approved Date,Formula 1,Month,Post Approval TAT,Formula,Revenue Realised,Name,Managed Services / Staff Org,Formula 2,Effort Approver,Invoiced $Amount,Pay Terms,Realised in Days,Status,Aging,Contracted Revenue (SoW),Revenue Realised Date,Pre Approval Status,Invoice No.,Approval TAT,Pre-Paid TAT,Jul Monthly Forecast,Resource Approval Status,QB Realization Status,SAP Reflection,Effort Approval Status,Jun Monthly Forecast,Submission TAT,Invoice Submission Date,PO Number,Project Master,Reflection TAT,SAP Reflection Date,Taulia - Paid Date,Resource Approver,Jan Monthly Forecast
18 Mar 2025,,,,,,,,,Austin,,,,Completed,,9,,,2025,,27 Mar 2025,,,,,,01_Jan,,,,,,,,"$17,334.00",45,56,Invoice Raised,Between 46 to 60 Days,Austin Cash Application Transformation - Go live readiness,,,ACAT-GLR-012-JAN,,,,,Realised,,,,,31 Jan 2025,,Austin Cash Application Transformation - Go-Live Readiness,,,,,
16 Jun 2025,,,,,,,,,Austin,,,,Ongoing,,4,,,2025,,20 Jun 2025,,,,,,04_Apr,,,,,,,,"$8,667.00",45,51,Invoice Raised,Between 46 to 60 Days,Austin Cash Application Transformation-Support,,,ACAT-25-004-APR,,,,,Realised,,,,,01 May 2025,,Austin Cash Application Transformation - Support,,,,,
17 Mar 2026,,,,,,,,,Austin,,,,,,29,,,2026,,15 Apr 2026,,,,,,01_Jan,,,,,,,,"$8,667.00",45,76,Invoice Raised,Above 60 Days,Austin Cash Application Transformation Support POD Joint Statement of Work (SOW),,,ACAT-26-001-JAN,,,,,Realised,,,,,30 Jan 2026,APS493518,Austin Cash Application Transformation - Support,,,,,
12 Oct 2025,,,,,,,,,Austin,,,,Ongoing,,5,,,2025,,17 Oct 2025,,,,,,08_Aug,,,,,,,,"$8,667.00",45,52,Invoice Raised,Between 46 to 60 Days,Austin Cash Application Transformation-Support,,,ACAT-25-008-AUG,,,,,Realised,,,,,27 Aug 2025,,Austin Cash Application Transformation - Support,,,,,
17 Jun 2026,,,,,,,,,Austin,,,,,,,,,2026,,,,,,,,04_Apr,,,,,,,,"$8,667.00",45,,Invoice Raised,Pending,Austin Cash Application Transformation Support POD Joint Statement of Work (SOW),,,ACAT-26-004-APR,,,,,Pending,,,,,02 May 2026,APS493518,Austin Cash Application Transformation - Support,,,,,
18 May 2025,,,,,,,,,Austin,,,,Ongoing,,1,,,2025,,19 May 2025,,,,,,03_Mar,,,,,,,,"$8,667.00",45,48,Invoice Raised,Between 46 to 60 Days,Austin Cash Application Transformation-Support,,,ACAT-25-003-MAR,,,,,Realised,,,,,02 Apr 2025,,Austin Cash Application Transformation - Support,,,,,
10 Jan 2026,,,,,,,,,Austin,,,,Ongoing,,6,,,2025,,16 Jan 2026,,,,,,11_Nov,,,,,,,,"$17,334.00",45,53,Invoice Raised,Between 46 to 60 Days,CHANGE ORDER – Austin Cash Application Transformation,,,ACAT-25-011-NOV,,,,,Realised,,,,,25 Nov 2025,,Austin Cash Application Transformation - Support,,,,,
14 Jul 2025,,,,,,,,,Austin,,,,Ongoing,,4,,,2025,,18 Jul 2025,,,,,,05_May,,,,,,,,"$8,667.00",45,51,Invoice Raised,Between 46 to 60 Days,Austin Cash Application Transformation-Support,,,ACAT-25-005-MAY,,,,,Realised,,,,,29 May 2025,,Austin Cash Application Transformation - Support,,,,,
07 Feb 2026,,,,,,,,,Austin,,,,Ongoing,,11,,,2025,,18 Feb 2026,,,,,,12_Dec,,,,,,,,"$13,001.00",45,58,Invoice Raised,Between 46 to 60 Days,CHANGE ORDER – Austin Cash Application Transformation,,,ACAT-25-012-DEC,,,,,Realised,,,,,23 Dec 2025,,Austin Cash Application Transformation - Support,,,,,
16 Aug 2025,,,,,,,,,Austin,,,,Ongoing,,6,,,2025,,22 Aug 2025,,,,,,06_Jun,,,,,,,,"$8,667.00",45,53,Invoice Raised,Between 46 to 60 Days,Austin Cash Application Transformation-Support,,,ACAT-25-006-JUN,,,,,Realised,,,,,01 Jul 2025,,Austin Cash Application Transformation - Support,,,,,
17 Nov 2025,,,,,,,,,Austin,,,,Ongoing,,93,,,2025,,18 Feb 2026,,,,,,09_Sep,,,,,,,,"$8,667.00",45,140,Invoice Raised,Above 60 Days,Austin Cash Application Transformation-Support,,,ACAT-25-009-SEPT,,,,,Realised,,,,,02 Oct 2025,,Austin Cash Application Transformation - Support,,,,,
13 Apr 2026,,,,,,,,,Austin,,,,,,2,,,2026,,15 Apr 2026,,,,,,02_Feb,,,,,,,,"$8,667.00",45,49,Invoice Raised,Between 46 to 60 Days,Austin Cash Application Transformation Support POD Joint Statement of Work (SOW),,,ACAT-26-002-FEB,,,,,Realised,,,,,26 Feb 2026,APS493518,Austin Cash Application Transformation - Support,,,,,
18 Mar 2025,,,,,,,,,Austin,,,,Ongoing,,9,,,2025,,27 Mar 2025,,,,,,01_Jan,,,,,,,,"$8,667.00",45,56,Invoice Raised,Between 46 to 60 Days,Austin Cash Application Transformation-Support,,,ACAT-011-JAN,,,,,Realised,,,,,31 Jan 2025,,Austin Cash Application Transformation - Support,,,,,
21 Dec 2025,,,,,,,,,Austin,,,,Ongoing,,0,,,2025,,10 Dec 2025,,,,,,10_Oct,,,,,,,,"$17,334.00",45,36,Invoice Raised,Between 31 to 45 Days,CHANGE ORDER – Austin Cash Application Transformation,,,ACAT-25-010-OCT,,,,,Realised,,,,,05 Nov 2025,,Austin Cash Application Transformation - Support,,,,,
14 Jul 2026,,,,,,,,,Austin,,,,,,,,,2026,,,,,,,,05_May,,,,,,,,"$8,667.00",45,,Invoice Raised,Pending,Austin Cash Application Transformation Support POD Joint Statement of Work (SOW),,,ACAT-26-005-MAY,,,,,Pending,,,,,29 May 2026,APS493518,Austin Cash Application Transformation - Support,,,,,
15 Sep 2025,,,,,,,,,Austin,,,,Ongoing,,0,,,2025,,11 Sep 2025,,,,,,07_Jul,,,,,,,,"$8,667.00",45,43,Invoice Raised,Between 31 to 45 Days,Austin Cash Application Transformation-Support,,,ACAT-25-007-JUL,,,,,Realised,,,,,31 Jul 2025,,Austin Cash Application Transformation - Support,,,,,
19 Apr 2025,,,,,,,,,Austin,,,,Ongoing,,0,,,2025,,11 Apr 2025,,,,,,02_Feb,,,,,,,,"$8,667.00",45,39,Invoice Raised,Between 31 to 45 Days,Austin Cash Application Transformation-Support,,,ACAT-25-002-FEB,,,,,Realised,,,,,04 Mar 2025,,Austin Cash Application Transformation - Support,,,,,
18 May 2026,,,,,,,,,Austin,,,,,,,,,2026,,,,,,,,03_Mar,,,,,,,,"$8,667.00",45,,Invoice Raised,Pending,Austin Cash Application Transformation Support POD Joint Statement of Work (SOW),,,ACAT-26-003-MAR,,,,,Pending,,,,,02 Apr 2026,APS493518,Austin Cash Application Transformation - Support,,,,,
25 Apr 2025,,,,,,,,,Dell,,,,Completed,,3,,,2025,,28 Apr 2025,,,,,,03_Mar,,,,,,,,"$44,000.00",30,35,Invoice Raised,Between 31 to 45 Days,AMENDMENT NO. 3 Data Science,,,DSA-25-003-MAR,,,,,Realised,,,,,25 Mar 2025,,Dell - AMRS: Account Management,,,,,
27 Mar 2025,,,,,,,,,Dell,,,,Completed,,1,,,2025,,28 Mar 2025,,,,,,02_Feb,,,,,,,,"$44,000.00",30,33,Invoice Raised,Between 31 to 45 Days,AMENDMENT NO. 3 Data Science,,,DSA-25-002-FEB,,,,,Realised,,,,,24 Feb 2025,,Dell - AMRS: Account Management,,,,,
24 May 2025,,,,,,,,,Dell,,,,Completed,,3,,,2025,,27 May 2025,,,,,,04_Apr,,,,,,,,"$44,000.00",30,35,Invoice Raised,Between 31 to 45 Days,AMENDMENT NO. 3 Data Science,,,DSA-25-004-APR,,,,,Realised,,,,,23 Apr 2025,,Dell - AMRS: Account Management,,,,,
23 Aug 2025,,,,,,,,,Dell,,,,Ongoing,,3,,,2025,,26 Aug 2025,,,,,,07_Jul,,,,,,,,"$100,000.00",30,35,Invoice Raised,Between 31 to 45 Days,AMENDMENT NO. 14 TO Dell_Aligned Automation TechDirect SOW Phase 2 - Case Task Classification,,,CTC-25-001-JUL,,,,,Realised,,,,,23 Jul 2025,,Dell - CSG Case Classification ML Model,,,,,
21 Dec 2025,,,,,,,,,Dell,,,,"Ongoing, Ongoing, Ongoing, Ongoing",,3,,,2025,,24 Dec 2025,,,,,,11_Nov,,,,,,,,"$27,000.00",30,35,Invoice Raised,Between 31 to 45 Days,AMENDMENT NO. 14 TO Dell_Aligned AutomationTechDirect SOW Phase 2,,,CTC-25-003-NOV,,,,,Realised,,,,,20 Nov 2025,,Dell - CSG Case Classification ML Model,,,,,
25 Oct 2025,,,,,,,,,Dell,,,,,,3,,,2025,,28 Oct 2025,,,,,,09_Sep,,,,,,,,"$100,000.00",30,35,Invoice Raised,Between 31 to 45 Days,AMENDMENT NO. 14 TO Dell_Aligned Automation TechDirect SOW Phase 2 - Case Task Classification,,,CTC-25-002-SEPT,,,,,Realised,,,,,24 Sep 2025,,Dell - CSG Case Classification ML Model,,,,,
24 May 2026,,,,,,,,,Dell,Paid,,,,,4,,,2026,,28 May 2026,,,,,,04_Apr,,,,,,,,"$247,777.00",30,36,Invoice Raised,Between 31 to 45 Days,AMENDMENT NO. 9 TO Dell_Aligned Automation Tech Direct SOW Phase 2-SRU,,,SRU-26-004-APR,,,,,Realised,,,,,23 Apr 2026,PO760877,Dell - Cash Register | Dell - NLPe (AI + Dev) | Dell - Telemetry Intelligence | Dell - Fraud Prevention | Dell - RTG Analytics Support | Dell - NBA - ISG RCA Deep dive and Experimentation | Dell - NBA - Acceleration POD,,,,,
22 Jun 2026,,,,,,,,,Dell,,,,,,,,,2026,,,,,,,,05_May,,,,,,,,"$247,777.00",30,,Invoice Raised,Pending,AMENDMENT NO. 9 TO Dell_Aligned Automation Tech Direct SOW Phase 2-SRU,,,SRU-26-005-MAY,,,,,Pending,,,,,22 May 2026,PO760877,Dell - Cash Register | Dell - NLPe (AI + Dev) | Dell - Telemetry Intelligence | Dell - Fraud Prevention | Dell - RTG Analytics Support | Dell - NBA - ISG RCA Deep dive and Experimentation | Dell - NBA - Acceleration POD,,,,,
23 Apr 2026,,,,,,,,,Dell,,,,,,1,,,2026,,24 Apr 2026,,,,,,03_Mar,,,,,,,,"$247,777.00",30,33,Invoice Raised,Between 31 to 45 Days,AMENDMENT NO. 9 TO Dell_Aligned Automation Tech Direct SOW Phase 2-SRU,,,SRU-26-003-MAR,,,,,Realised,,,,,23 Mar 2026,PO760877,Dell - Cash Register | Dell - NLPe (AI + Dev) | Dell - Telemetry Intelligence | Dell - Fraud Prevention | Dell - RTG Analytics Support | Dell - NBA - ISG RCA Deep dive and Experimentation | Dell - NBA - Acceleration POD,,,,,
27 Mar 2026,,,,,,,,,Dell,,,,,,0,,,2026,,27 Mar 2026,,,,,,02_Feb,,,,,,,,"$247,777.00",30,32,Invoice Raised,Between 31 to 45 Days,AMENDMENT NO. 9 TO Dell_Aligned Automation Tech Direct SOW Phase 2-SRU,,,SRU-26-002-FEB,,,,,Realised,,,,,24 Feb 2026,PO760877,Dell - Cash Register | Dell - NLPe (AI + Dev) | Dell - Telemetry Intelligence | Dell - Fraud Prevention | Dell - RTG Analytics Support | Dell - NBA - ISG RCA Deep dive and Experimentation | Dell - NBA - Acceleration POD,,,,,
24 Feb 2025,,,,,,,,,Dell,,,,"Completed, Ongoing",,4,,,2025,,28 Feb 2025,,,,,,01_Jan,,,,,,,,"$127,000.00",30,36,Invoice Raised,Between 31 to 45 Days,AMENDMENT NO. 8 TO Dell_Aligned Automation Tech Direct SOW Phase 2-Cost of Support Services,,,CSS-25-001-JAN,,,,,Realised,,,,,24 Jan 2025,,Dell - Cost of Support Services | INT - Dell - WFM - Presales,,,,,
28 Jun 2026,,,,,,,,,Dell,,,,,,,,,2026,,,,,,,,05_May,,,,,,,,"$44,000.00",30,,Invoice Raised,Pending,AMENDMENT NO. 1 TO AlignedAutomation Consulting Services Customer Success Customer Reporting,,,CSCR-26-005-MAY,,,,,Pending,,,,,28 May 2026,PO767781,Dell - Customer Success Customer Reporting,,,,,
23 Nov 2025,,,,,,,,,Dell,,,,Ongoing,,3,,,2025,,26 Nov 2025,,,,,,10_Oct,,,,,,,,"$44,000.00",30,35,Invoice Raised,Between 31 to 45 Days,Customer Success Customer Reporting,,,CSCR-25-010-OCT,,,,,Realised,,,,,23 Oct 2025,,Dell - Customer Success Customer Reporting,,,,,
23 Aug 2025,,,,,,,,,Dell,,,,Ongoing,,3,,,2025,,26 Aug 2025,,,,,,07_Jul,,,,,,,,"$44,000.00",30,35,Invoice Raised,Between 31 to 45 Days,Customer Success Customer Reporting,,,CSCR-25-007-JUL,,,,,Realised,,,,,23 Jul 2025,,Dell - Customer Success Customer Reporting,,,,,
27 Jul 2025,,,,,,,,,Dell,,,,Ongoing,,0,,,2025,,25 Jul 2025,,,,,,06_Jun,,,,,,,,"$44,000.00",30,30,Invoice Raised,Between 16 to 30 Days,Customer Success Customer Reporting,,,CSCR-25-006-JUN,,,,,Realised,,,,,26 Jun 2025,,Dell - Customer Success Customer Reporting,,,,,
22 Jan 2026,,,,,,,,,Dell,,,,Ongoing,,1,,,2025,,23 Jan 2026,,,,,,12_Dec,,,,,,,,"$44,000.00",30,33,Invoice Raised,Between 31 to 45 Days,Customer Success Customer Reporting,,,CSCR-25-012-DEC,,,,,Realised,,,,,22 Dec 2025,,Dell - Customer Success Customer Reporting,,,,,
27 Mar 2026,,,,,,,,,Dell,,,,,,0,,,2026,,27 Mar 2026,,,,,,02_Feb,,,,,,,,"$44,000.00",30,32,Invoice Raised,Between 31 to 45 Days,AMENDMENT NO. 1 TO AlignedAutomation Consulting Services Customer Success Customer Reporting,,,CSCR-26-002-FEB,,,,,Realised,,,,,24 Feb 2026,PO767781,Dell - Customer Success Customer Reporting,,,,,
21 Dec 2025,,,,,,,,,Dell,,,,Ongoing,,3,,,2025,,24 Dec 2025,,,,,,11_Nov,,,,,,,,"$44,000.00",30,35,Invoice Raised,Between 31 to 45 Days,Customer Success Customer Reporting,,,CSCR-25-011-NOV,,,,,Realised,,,,,20 Nov 2025,,Dell - Customer Success Customer Reporting,,,,,
24 Sep 2025,,,,,,,,,Dell,,,,Ongoing,,1,,,2025,,25 Sep 2025,,,,,,08_Aug,,,,,,,,"$44,000.00",30,33,Invoice Raised,Between 31 to 45 Days,Customer Success Customer Reporting,,,CSCR-25-008-AUG,,,,,Realised,,,,,24 Aug 2025,,Dell - Customer Success Customer Reporting,,,,,
25 Oct 2025,,,,,,,,,Dell,,,,Ongoing,,3,,,2025,,28 Oct 2025,,,,,,09_Sep,,,,,,,,"$44,000.00",30,35,Invoice Raised,Between 31 to 45 Days,Customer Success Customer Reporting,,,CSCR-25-009-SEPT,,,,,Realised,,,,,24 Sep 2025,,Dell - Customer Success Customer Reporting,,,,,
23 Apr 2026,,,,,,,,,Dell,,,,,,1,,,2026,,24 Apr 2026,,,,,,03_Mar,,,,,,,,"$44,000.00",30,33,Invoice Raised,Between 31 to 45 Days,AMENDMENT NO. 1 TO AlignedAutomation Consulting Services Customer Success Customer Reporting,,,CSCR-26-003-MAR,,,,,Realised,,,,,23 Mar 2026,PO767781,Dell - Customer Success Customer Reporting,,,,,
23 Feb 2026,,,,,,,,,Dell,,,,,,0,,,2026,,23 Feb 2026,,,,,,01_Jan,,,,,,,,"$44,000.00",30,32,Invoice Raised,Between 31 to 45 Days,Customer Success Customer Reporting,,,CSCR-26-001-JAN,,,,,Realised,,,,,23 Jan 2026,PO683500,Dell - Customer Success Customer Reporting,,,,,
22 Jun 2025,,,,,,,,,Dell,,,,Ongoing,,3,,,2025,,25 Jun 2025,,,,,,05_May,,,,,,,,"$44,000.00",30,35,Invoice Raised,Between 31 to 45 Days,Customer Success Customer Reporting,,,CSCR-25-005-MAY,,,,,Realised,,,,,22 May 2025,,Dell - Customer Success Customer Reporting,,,,,
24 May 2026,,,,,,,,,Dell,Paid,,,,,4,,,2026,,28 May 2026,,,,,,04_Apr,,,,,,,,"$44,000.00",30,36,Invoice Raised,Between 31 to 45 Days,AMENDMENT NO. 1 TO AlignedAutomation Consulting Services Customer Success Customer Reporting,,,CSCR-26-004-APR,,,,,Realised,,,,,23 Apr 2026,PO767781,Dell - Customer Success Customer Reporting,,,,,
18 Jun 2026,,,,,,,,,Dell,Paid,,,,,0,,,2026,,18 Jun 2026,,,,,,04_Apr,,,,,,,,"$7,000.00",30,32,Invoice Raised,Between 31 to 45 Days,AMENDMENT NO. 9 TO TECHDIRECT UN-ASSISTED RED PATH STATEMENT OF WORK – PHASE 3 (EMEA & JAPAN) - DTD,,,TDA-26-004-APR,,,,,Realized,,,,,18 May 2026,PO691499,Dell - DTD,,,,,
23 Oct 2025,,,,,,,,,Dell,,,,Ongoing,,1,,,2025,,24 Oct 2025,,,,,,08_Aug,,,,,,,,"$18,563.55",30,33,Invoice Raised,Between 31 to 45 Days,TechDirect statement of work Phase 2-DTD,,,TDA-25-008-AUG,,,,,Realised,,,,,22 Sep 2025,,Dell - DTD,,,,,
24 Jul 2025,,,,,,,,,Dell,,,,Ongoing,,1,,,2025,,25 Jul 2025,,,,,,05_May,,,,,,,,"$18,269.00",30,33,Invoice Raised,Between 31 to 45 Days,TechDirect statement of work Phase 2-DTD,,,TDA-25-005-MAY,,,,,Realised,,,,,23 Jun 2025,,Dell - DTD,,,,,
17 Jul 2026,,,,,,,,,Dell,,,,,,,,,2026,,,,,,,,05_May,,,,,,,,"$5,921.00",30,,Invoice Raised,Pending,TechDirect statement of work Phase 2-DTD,,,TDA-26-005B-MAY,,,,,Pending,,,,,16 Jun 2026,PO691499 | U02500000001020,Dell - DTD,,,,,
17 Jul 2026,,,,,,,,,Dell,,,,,,,,,2026,,,,,,,,05_May,,,,,,,,"$1,750.00",30,,Invoice Raised,Pending,Depot AMC amendment,,,TDA-26-005B-MAY,,,,,Pending,,,,,16 Jun 2026,PO691499 | U02500000001020,Dell - DTD,,,,,
14 Mar 2026,,,,,,,,,Dell,,,,,,3,,,2026,,17 Mar 2026,,,,,,01_Jan,,,,,,,,"$1,750.00",30,35,Invoice Raised,Between 31 to 45 Days,Depot AMC amendment,,,TDA-26-001B-JAN,,,,,Realised,,,,,11 Feb 2026,PO691807,Dell - DTD,,,,,
28 Nov 2025,,,,,,,,,Dell,,,,Ongoing,,0,,,2025,,28 Nov 2025,,,,,,09_Sep,,,,,,,,"$1,750.00",30,32,Invoice Raised,Between 31 to 45 Days,Depot AMC amendment,,,TDA-25-009-SEPT,,,,,Realised,,,,,28 Oct 2025,,Dell - DTD,,,,,
14 Mar 2026,,,,,,,,,Dell,,,,,,3,,,2026,,17 Mar 2026,,,,,,01_Jan,,,,,,,,"$6,735.50",30,35,Invoice Raised,Between 31 to 45 Days,"Amendment 2 TechDirect, Field, Depot & E support Every Defect Matters",,,TDEDM-26-001-JAN,,,,,Realised,,,,,11 Feb 2026,PO611864,Dell - DTD,,,,,
16 May 2026,,,,,,,,,Dell,,,,,,3,Paid,,2026,,19 May 2026,,,,,,03_Mar,,,,,,,,"$39,700.30",30,35,Invoice Raised,Between 31 to 45 Days,TechDirect statement of work Phase 2-DTD,,,TDA-26-003-MAR,,,,,Realised,,,,,15 Apr 2026,PO691499,Dell - DTD,,,,,
14 Mar 2026,,,,,,,,,Dell,,,,,,3,,,2026,,17 Mar 2026,,,,,,01_Jan,,,,,,,,"$8,925.00",30,35,Invoice Raised,Between 31 to 45 Days,AMENDMENT NO. 9 TO TECHDIRECT UN-ASSISTED RED PATH STATEMENT OF WORK – PHASE 2 - DTD,,,TDA-26-001A-JAN,,,,,Realised,,,,,11 Feb 2026,PO611864,Dell - DTD,,,,,
16 Jun 2025,,,,,,,,,Dell,,,,Ongoing,,2,,,2025,,18 Jun 2025,,,,,,03_Mar,,,,,,,,"$1,415.00",30,34,Invoice Raised,Between 31 to 45 Days,"Amendment 2 TechDirect, Field, Depot & E support Every Defect Matters",,,TDEDM25003MAR2,,,,,Realised,,,,,16 May 2025,,Dell - DTD,,,,,
18 Jun 2026,,,,,,,,,Dell,Paid,,,,,0,,,2026,,18 Jun 2026,,,,,,04_Apr,,,,,,,,"$26,605.40",30,32,Invoice Raised,Between 31 to 45 Days,TechDirect statement of work Phase 2-DTD,,,TDA-26-004-APR,,,,,Realized,,,,,18 May 2026,PO691499,Dell - DTD,,,,,
28 Feb 2026,,,,,,,,,Dell,,,,Ongoing,,0,,,2025,,27 Feb 2026,,,,,,12_Dec,,,,,,,,"$1,750.00",30,31,Invoice Raised,Between 31 to 45 Days,Depot AMC amendment,,,TDA-25-012-DEC,,,,,Realised,,,,,28 Jan 2026,,Dell - DTD,,,,,
22 Mar 2025,,,,,,,,,Dell,,,,Ongoing,,2,,,2025,,24 Mar 2025,,,,,,01_Jan,,,,,,,,"$3,203.00",30,34,Invoice Raised,Between 31 to 45 Days,"Amendment 2 TechDirect, Field, Depot & E support Every Defect Matters",,,TDEDM-25-001-JAN,,,,,Realised,,,,,19 Feb 2025,,Dell - DTD,,,,,
08 Feb 2026,,,,,,,,,Dell,,,,,,2,,,2025,,10 Feb 2026,,,,,,10_Oct,,,,,,,,"$7,000.00",30,34,Invoice Raised,Between 31 to 45 Days,AMENDMENT NO. 9 TO TECHDIRECT UN-ASSISTED RED PATH STATEMENT OF WORK – PHASE 3 (EMEA & JAPAN) - DTD,,,TDA-25-012-NOV,,,,,Realised,,,,,08 Jan 2026,,Dell - DTD,,,,,
16 May 2026,,,,,,,,,Dell,,,,,,3,Paid,,2026,,19 May 2026,,,,,,03_Mar,,,,,,,,"$3,720.75",30,35,Invoice Raised,Between 31 to 45 Days,"Amendment 2 TechDirect, Field, Depot & E support Every Defect Matters",,,TDEDM-26-003-MAR,,,,,Realised,,,,,15 Apr 2026,PO691499,Dell - DTD,,,,,
19 Sep 2025,,,,,,,,,Dell,,,,Ongoing,,3,,,2025,,22 Sep 2025,,,,,,07_Jul,,,,,,,,"$18,246.00",30,35,Invoice Raised,Between 31 to 45 Days,TechDirect statement of work Phase 2-DTD,,,TDA-25-007-JUL,,,,,Realised,,,,,19 Aug 2025,,Dell - DTD,,,,,
19 Apr 2025,,,,,,,,,Dell,,,,Ongoing,,23,,,2025,,12 May 2025,,,,,,02_Feb,,,,,,,,"$22,455.15",30,55,Invoice Raised,Between 46 to 60 Days,TechDirect statement of work Phase 2-DTD,,,TDA-25-002-FEB,,,,,Realised,,,,,19 Mar 2025,,Dell - DTD,,,,,
08 Feb 2026,,,,,,,,,Dell,,,,Ongoing,,2,,,2025,,10 Feb 2026,,,,,,11_Nov,,,,,,,,"$16,757.50",30,34,Invoice Raised,Between 31 to 45 Days,AMENDMENT NO. 9 TO TECHDIRECT UN-ASSISTED RED PATH STATEMENT OF WORK – PHASE 2 - DTD,,,TDA-25-012-NOV,,,,,Realised,,,,,08 Jan 2026,,Dell - DTD,,,,,
17 Jul 2026,,,,,,,,,Dell,,,,,,,,,2026,,,,,,,,05_May,,,,,,,,"$4,893.50",30,,Invoice Raised,Pending,AMENDMENT NO. 9 TO TECHDIRECT UN-ASSISTED RED PATH STATEMENT OF WORK – PHASE 2 - DTD,,,TDA-26-005A-MAY,,,,,Pending,,,,,16 Jun 2026,PO691499 | U02500000000857,Dell - DTD,,,,,
23 Oct 2025,,,,,,,,,Dell,,,,Ongoing,,1,,,2025,,24 Oct 2025,,,,,,08_Aug,,,,,,,,"$8,746.50",30,33,Invoice Raised,Between 31 to 45 Days,"Amendment 2 TechDirect, Field, Depot & E support Every Defect Matters",,,TDEDM-25-008-AUG,,,,,Realised,,,,,22 Sep 2025,,Dell - DTD,,,,,
02 Jan 2026,,,,,,,,,Dell,,,,Ongoing,,0,,,2025,,02 Jan 2026,,,,,,10_Oct,,,,,,,,"$7,561.50",30,32,Invoice Raised,Between 31 to 45 Days,"Amendment 2 TechDirect, Field, Depot & E support Every Defect Matters",,,TDEDM-25-010-OCT,,,,,Realised,,,,,02 Dec 2025,,Dell - DTD,,,,,
28 Nov 2025,,,,,,,,,Dell,,,,Ongoing,,0,,,2025,,28 Nov 2025,,,,,,09_Sep,,,,,,,,"$19,079.85",30,32,Invoice Raised,Between 31 to 45 Days,TechDirect statement of work Phase 2-DTD,,,TDA-25-009-SEPT,,,,,Realised,,,,,28 Oct 2025,,Dell - DTD,,,,,
21 Aug 2025,,,,,,,,,Dell,,,,Ongoing,,1,,,2025,,22 Aug 2025,,,,,,06_Jun,,,,,,,,"$8,233.00",30,33,Invoice Raised,Between 31 to 45 Days,"Amendment 2 TechDirect, Field, Depot & E support Every Defect Matters",,,TDEDM-25-006-JUN,,,,,Realised,,,,,21 Jul 2025,,Dell - DTD,,,,,
17 Jul 2026,,,,,,,,,Dell,,,,,,,,,2026,,,,,,,,05_May,,,,,,,,"$19,464.85",30,,Invoice Raised,Pending,TechDirect statement of work Phase 2-DTD,,,TDA-26-005A-MAY,,,,,Pending,,,,,16 Jun 2026,PO691499 | U02500000000857,Dell - DTD,,,,,
17 Apr 2026,,,,,,,,,Dell,,,,,,5,,,2026,,22 Apr 2026,,,,,,02_Feb,,,,,,,,"$7,000.00",30,37,Invoice Raised,Between 31 to 45 Days,AMENDMENT NO. 9 TO TECHDIRECT UN-ASSISTED RED PATH STATEMENT OF WORK – PHASE 3 (EMEA & JAPAN) - DTD,,,TDA-26-002-FEB,,,,,Realised,,,,,17 Mar 2026,PO611864,Dell - DTD,,,,,
24 Jul 2025,,,,,,,,,Dell,,,,Ongoing,,1,,,2025,,25 Jul 2025,,,,,,05_May,,,,,,,,"$1,750.00",30,33,Invoice Raised,Between 31 to 45 Days,Depot AMC amendment,,,TDA-25-005-MAY,,,,,Realised,,,,,23 Jun 2025,,Dell - DTD,,,,,
22 Feb 2026,,,,,,,,,Dell,,,,Ongoing,,1,,,2025,,23 Feb 2026,,,,,,12_Dec,,,,,,,,"$6,407.75",30,33,Invoice Raised,Between 31 to 45 Days,"Amendment 2 TechDirect, Field, Depot & E support Every Defect Matters",,,TDEDM-25-012-DEC,,,,,Realised,,,,,22 Jan 2026,,Dell - DTD,,,,,
22 Mar 2025,,,,,,,,,Dell,,,,Ongoing,,2,,,2025,,24 Mar 2025,,,,,,01_Jan,,,,,,,,"$1,750.00",30,34,Invoice Raised,Between 31 to 45 Days,Depot AMC amendment,,,TDA-25-001-JAN,,,,,Realised,,,,,19 Feb 2025,,Dell - DTD,,,,,
18 Jun 2026,,,,,,,,,Dell,Paid,,,,,0,,,2026,,18 Jun 2026,,,,,,04_Apr,,,,,,,,"$1,592.50",30,32,Invoice Raised,Between 31 to 45 Days,"Amendment 2 TechDirect, Field, Depot & E support Every Defect Matters",,,TDEDM-26-004-APR,,,,,Realized,,,,,18 May 2026,PO691499,Dell - DTD,,,,,
14 Mar 2026,,,,,,,,,Dell,,,,,,3,,,2026,,17 Mar 2026,,,,,,01_Jan,,,,,,,,"$7,000.00",30,35,Invoice Raised,Between 31 to 45 Days,AMENDMENT NO. 9 TO TECHDIRECT UN-ASSISTED RED PATH STATEMENT OF WORK – PHASE 3 (EMEA & JAPAN) - DTD,,,TDA-26-001A-JAN,,,,,Realised,,,,,11 Feb 2026,PO611864,Dell - DTD,,,,,
08 Feb 2026,,,,,,,,,Dell,,,,Ongoing,,2,,,2025,,10 Feb 2026,,,,,,11_Nov,,,,,,,,"$1,750.00",30,34,Invoice Raised,Between 31 to 45 Days,Depot AMC amendment,,,TDA-25-011-NOVR,,,,,Realised,,,,,08 Jan 2026,,Dell - DTD,,,,,
17 Apr 2026,,,,,,,,,Dell,,,,,,5,,,2026,,22 Apr 2026,,,,,,02_Feb,,,,,,,,"$22,647.35",30,37,Invoice Raised,Between 31 to 45 Days,TechDirect statement of work Phase 2-DTD,,,TDA-26-002-FEB,,,,,Realised,,,,,17 Mar 2026,PO611864,Dell - DTD,,,,,
28 Feb 2026,,,,,,,,,Dell,,,,Ongoing,,0,,,2025,,27 Feb 2026,,,,,,12_Dec,,,,,,,,"$16,828.50",30,31,Invoice Raised,Between 31 to 45 Days,TechDirect statement of work Phase 2-DTD,,,TDA-25-012-DEC,,,,,Realised,,,,,28 Jan 2026,,Dell - DTD,,,,,
17 Apr 2026,,,,,,,,,Dell,,,,,,5,,,2026,,22 Apr 2026,,,,,,02_Feb,,,,,,,,"$8,455.50",30,37,Invoice Raised,Between 31 to 45 Days,AMENDMENT NO. 9 TO TECHDIRECT UN-ASSISTED RED PATH STATEMENT OF WORK – PHASE 2 - DTD,,,TDA-26-002-FEB,,,,,Realised,,,,,17 Mar 2026,PO611864,Dell - DTD,,,,,
23 May 2025,,,,,,,,,Dell,,,,Ongoing,,4,,,2025,,27 May 2025,,,,,,03_Mar,,,,,,,,"$17,677.00",30,36,Invoice Raised,Between 31 to 45 Days,TechDirect statement of work Phase 2-DTD,,,TDA-25-003-MAR,,,,,Realised,,,,,22 Apr 2025,,Dell - DTD,,,,,
08 Feb 2026,,,,,,,,,Dell,,,,,,2,,,2025,,10 Feb 2026,,,,,,09_Sep,,,,,,,,"$7,000.00",30,34,Invoice Raised,Between 31 to 45 Days,AMENDMENT NO. 9 TO TECHDIRECT UN-ASSISTED RED PATH STATEMENT OF WORK – PHASE 3 (EMEA & JAPAN) - DTD,,,TDA-25-012-NOV,,,,,Realised,,,,,08 Jan 2026,,Dell - DTD,,,,,
19 Apr 2026,,,,,,,,,Dell,,,,,,3,,,2026,,22 Apr 2026,,,,,,02_Feb,,,,,,,,"$1,944.00",30,35,Invoice Raised,Between 31 to 45 Days,"Amendment 2 TechDirect, Field, Depot & E support Every Defect Matters",,,TDEDM-26-002BFEB2,,,,,Realised,,,,,19 Mar 2026,PO691807,Dell - DTD,,,,,
17 Jul 2026,,,,,,,,,Dell,,,,,,,,,2026,,,,,,,,05_May,,,,,,,,"$7,000.00",30,,Invoice Raised,Pending,AMENDMENT NO. 9 TO TECHDIRECT UN-ASSISTED RED PATH STATEMENT OF WORK – PHASE 3 (EMEA & JAPAN) - DTD,,,TDA-26-005B-MAY,,,,,Pending,,,,,16 Jun 2026,PO691499 | U02500000001020,Dell - DTD,,,,,
19 Jan 2026,,,,,,,,,Dell,,,,Ongoing,,2,,,2025,,21 Jan 2026,,,,,,11_Nov,,,,,,,,"$8,015.50",30,34,Invoice Raised,Between 31 to 45 Days,"Amendment 2 TechDirect, Field, Depot & E support Every Defect Matters",,,TDEDM-25-011-NOV,,,,,Realised,,,,,19 Dec 2025,,Dell - DTD,,,,,
28 Nov 2025,,,,,,,,,Dell,,,,Ongoing,,0,,,2025,,28 Nov 2025,,,,,,09_Sep,,,,,,,,"$15,817.50",30,32,Invoice Raised,Between 31 to 45 Days,AMENDMENT NO. 9 TO TECHDIRECT UN-ASSISTED RED PATH STATEMENT OF WORK – PHASE 2 - DTD,,,TDA-25-009-SEPT,,,,,Realised,,,,,28 Oct 2025,,Dell - DTD,,,,,
16 Jun 2025,,,,,,,,,Dell,,,,Ongoing,,2,,,2025,,18 Jun 2025,,,,,,03_Mar,,,,,,,,"$9,036.00",30,34,Invoice Raised,Between 31 to 45 Days,"Amendment 2 TechDirect, Field, Depot & E support Every Defect Matters",,,TDEDM25003MAR1,,,,,Realised,,,,,16 May 2025,,Dell - DTD,,,,,
24 Nov 2025,,,,,,,,,Dell,,,,Ongoing,,2,,,2025,,26 Nov 2025,,,,,,09_Sep,,,,,,,,"$5,934.50",30,34,Invoice Raised,Between 31 to 45 Days,"Amendment 2 TechDirect, Field, Depot & E support Every Defect Matters",,,TDEDM-25-009- SEPT,,,,,Realised,,,,,24 Oct 2025,,Dell - DTD,,,,,
23 Oct 2025,,,,,,,,,Dell,,,,Ongoing,,1,,,2025,,24 Oct 2025,,,,,,08_Aug,,,,,,,,"$1,750.00",30,33,Invoice Raised,Between 31 to 45 Days,Depot AMC amendment,,,TDA-25-008-AUG,,,,,Realised,,,,,22 Sep 2025,,Dell - DTD,,,,,
16 May 2026,,,,,,,,,Dell,,,,,,3,Paid,,2026,,19 May 2026,,,,,,03_Mar,,,,,,,,"$8,692.50",30,35,Invoice Raised,Between 31 to 45 Days,AMENDMENT NO. 9 TO TECHDIRECT UN-ASSISTED RED PATH STATEMENT OF WORK – PHASE 2 - DTD,,,TDA-26-003-MAR,,,,,Realised,,,,,15 Apr 2026,PO691499,Dell - DTD,,,,,
19 Apr 2026,,,,,,,,,Dell,,,,,,3,,,2026,,22 Apr 2026,,,,,,02_Feb,,,,,,,,"$2,740.50",30,35,Invoice Raised,Between 31 to 45 Days,"Amendment 2 TechDirect, Field, Depot & E support Every Defect Matters",,,TDEDM-26-002AFEB2,,,,,Realised,,,,,19 Mar 2026,PO611864,Dell - DTD,,,,,
02 Jan 2026,,,,,,,,,Dell,,,,Ongoing,,0,,,2025,,02 Jan 2026,,,,,,10_Oct,,,,,,,,"$18,148.90",30,32,Invoice Raised,Between 31 to 45 Days,TechDirect statement of work Phase 2-DTD,,,TDA-25-010-OCT,,,,,Realised,,,,,02 Dec 2025,,Dell - DTD,,,,,
18 Jun 2026,,,,,,,,,Dell,Paid,,,,,0,,,2026,,18 Jun 2026,,,,,,04_Apr,,,,,,,,"$1,750.00",30,32,Invoice Raised,Between 31 to 45 Days,Depot AMC amendment,,,TDA-26-004-APR,,,,,Realized,,,,,18 May 2026,PO691499,Dell - DTD,,,,,
17 Apr 2026,,,,,,,,,Dell,,,,,,5,,,2026,,22 Apr 2026,,,,,,02_Feb,,,,,,,,"$1,750.00",30,37,Invoice Raised,Between 31 to 45 Days,Depot AMC amendment,,,TDA-26-002-FEB,,,,,Realised,,,,,17 Mar 2026,PO611864,Dell - DTD,,,,,
19 Sep 2025,,,,,,,,,Dell,,,,Ongoing,,3,,,2025,,22 Sep 2025,,,,,,07_Jul,,,,,,,,"$8,609.00",30,35,Invoice Raised,Between 31 to 45 Days,"Amendment 2 TechDirect, Field, Depot & E support Every Defect Matters",,,TDEDM-25-007-JUL,,,,,Realised,,,,,19 Aug 2025,,Dell - DTD,,,,,
21 Jun 2025,,,,,,,,,Dell,,,,Ongoing,,3,,,2025,,24 Jun 2025,,,,,,04_Apr,,,,,,,,"$1,750.00",30,35,Invoice Raised,Between 31 to 45 Days,Depot AMC amendment,,,TDA-25-004-APR,,,,,Realised,,,,,21 May 2025,,Dell - DTD,,,,,
28 Feb 2026,,,,,,,,,Dell,,,,Ongoing,,0,,,2025,,27 Feb 2026,,,,,,12_Dec,,,,,,,,"$10,171.50",30,31,Invoice Raised,Between 31 to 45 Days,AMENDMENT NO. 9 TO TECHDIRECT UN-ASSISTED RED PATH STATEMENT OF WORK – PHASE 2 - DTD,,,TDA-25-012-DEC,,,,,Realised,,,,,28 Jan 2026,,Dell - DTD,,,,,
22 Mar 2025,,,,,,,,,Dell,,,,Ongoing,,2,,,2025,,24 Mar 2025,,,,,,01_Jan,,,,,,,,"$15,356.00",30,34,Invoice Raised,Between 31 to 45 Days,TechDirect statement of work Phase 2-DTD,,,TDA-25-001-JAN,,,,,Realised,,,,,19 Feb 2025,,Dell - DTD,,,,,
17 Jul 2026,,,,,,,,,Dell,,,,,,,,,2026,,,,,,,,05_May,,,,,,,,"$7,459.00",30,,Invoice Raised,Pending,AMENDMENT NO. 9 TO TECHDIRECT UN-ASSISTED RED PATH STATEMENT OF WORK – PHASE 2 - DTD,,,TDA-26-005B-MAY,,,,,Pending,,,,,16 Jun 2026,PO691499 | U02500000001020,Dell - DTD,,,,,
28 Feb 2026,,,,,,,,,Dell,,,,,,0,,,2025,,27 Feb 2026,,,,,,11_Nov,,,,,,,,"$7,000.00",30,31,Invoice Raised,Between 31 to 45 Days,AMENDMENT NO. 9 TO TECHDIRECT UN-ASSISTED RED PATH STATEMENT OF WORK – PHASE 3 (EMEA & JAPAN) - DTD,,,TDA-25-012-DEC,,,,,Realised,,,,,28 Jan 2026,,Dell - DTD,,,,,
28 Feb 2026,,,,,,,,,Dell,,,,,,0,,,2025,,27 Feb 2026,,,,,,12_Dec,,,,,,,,$903.30,30,31,Invoice Raised,Between 31 to 45 Days,AMENDMENT NO. 9 TO TECHDIRECT UN-ASSISTED RED PATH STATEMENT OF WORK – PHASE 3 (EMEA & JAPAN) - DTD,,,TDA-25-013-DEC,,,,,Realised,,,,,28 Jan 2026,,Dell - DTD,,,,,
18 Jun 2026,,,,,,,,,Dell,Paid,,,,,0,,,2026,,18 Jun 2026,,,,,,04_Apr,,,,,,,,"$13,029.00",30,32,Invoice Raised,Between 31 to 45 Days,AMENDMENT NO. 9 TO TECHDIRECT UN-ASSISTED RED PATH STATEMENT OF WORK – PHASE 2 - DTD,,,TDA-26-004-APR,,,,,Realized,,,,,18 May 2026,PO691499,Dell - DTD,,,,,
02 Jan 2026,,,,,,,,,Dell,,,,Ongoing,,0,,,2025,,02 Jan 2026,,,,,,10_Oct,,,,,,,,"$1,750.00",30,32,Invoice Raised,Between 31 to 45 Days,Depot AMC amendment,,,TDA-25-010-OCT,,,,,Realised,,,,,02 Dec 2025,,Dell - DTD,,,,,
19 Sep 2025,,,,,,,,,Dell,,,,Ongoing,,3,,,2025,,22 Sep 2025,,,,,,07_Jul,,,,,,,,"$1,750.00",30,35,Invoice Raised,Between 31 to 45 Days,Depot AMC amendment,,,TDA-25-007-JUL,,,,,Realised,,,,,19 Aug 2025,,Dell - DTD,,,,,
19 Apr 2025,,,,,,,,,Dell,,,,Ongoing,,23,,,2025,,12 May 2025,,,,,,02_Feb,,,,,,,,"$1,750.00",30,55,Invoice Raised,Between 46 to 60 Days,Depot AMC amendment,,,TDA-25-002-FEB,,,,,Realised,,,,,19 Mar 2025,,Dell - DTD,,,,,
16 May 2026,,,,,,,,,Dell,,,,,,3,Paid,,2026,,19 May 2026,,,,,,03_Mar,,,,,,,,"$7,000.00",30,35,Invoice Raised,Between 31 to 45 Days,AMENDMENT NO. 9 TO TECHDIRECT UN-ASSISTED RED PATH STATEMENT OF WORK – PHASE 3 (EMEA & JAPAN) - DTD,,,TDA-26-003-MAR,,,,,Realised,,,,,15 Apr 2026,PO691499,Dell - DTD,,,,,
28 Jun 2025,,,,,,,,,Dell,,,,Ongoing,,0,,,2025,,27 Jun 2025,,,,,,04_Apr,,,,,,,,"$8,522.00",30,31,Invoice Raised,Between 31 to 45 Days,"Amendment 2 TechDirect, Field, Depot & E support Every Defect Matters",,,TDEDM-25-004-APR,,,,,Realised,,,,,28 May 2025,,Dell - DTD,,,,,
18 Aug 2025,,,,,,,,,Dell,,,,Ongoing,,2,,,2025,,20 Aug 2025,,,,,,06_Jun,,,,,,,,"$17,664.00",30,34,Invoice Raised,Between 31 to 45 Days,TechDirect statement of work Phase 2-DTD,,,TDA-25-006-JUN,,,,,Realised,,,,,18 Jul 2025,,Dell - DTD,,,,,
14 Mar 2026,,,,,,,,,Dell,,,,,,3,,,2026,,17 Mar 2026,,,,,,01_Jan,,,,,,,,"$18,230.40",30,35,Invoice Raised,Between 31 to 45 Days,TechDirect statement of work Phase 2-DTD,,,TDA-26-001A-JAN,,,,,Realised,,,,,11 Feb 2026,PO611864,Dell - DTD,,,,,
28 Feb 2026,,,,,,,,,Dell,,,,,,0,,,2025,,27 Feb 2026,,,,,,12_Dec,,,,,,,,"$7,000.00",30,31,Invoice Raised,Between 31 to 45 Days,AMENDMENT NO. 9 TO TECHDIRECT UN-ASSISTED RED PATH STATEMENT OF WORK – PHASE 3 (EMEA & JAPAN) - DTD,,,TDA-25-013-DEC,,,,,Realised,,,,,28 Jan 2026,,Dell - DTD,,,,,
02 Jan 2026,,,,,,,,,Dell,,,,Ongoing,,0,,,2025,,02 Jan 2026,,,,,,10_Oct,,,,,,,,"$16,722.00",30,32,Invoice Raised,Between 31 to 45 Days,AMENDMENT NO. 9 TO TECHDIRECT UN-ASSISTED RED PATH STATEMENT OF WORK – PHASE 2 - DTD,,,TDA-25-010-OCT,,,,,Realised,,,,,02 Dec 2025,,Dell - DTD,,,,,
23 May 2025,,,,,,,,,Dell,,,,Ongoing,,4,,,2025,,27 May 2025,,,,,,03_Mar,,,,,,,,"$1,750.00",30,36,Invoice Raised,Between 31 to 45 Days,Depot AMC amendment,,,TDA-25-003-MAR,,,,,Realised,,,,,22 Apr 2025,,Dell - DTD,,,,,
08 Feb 2026,,,,,,,,,Dell,,,,,,2,,,2025,,10 Feb 2026,,,,,,08_Aug,,,,,,,,"$3,500.00",30,34,Invoice Raised,Between 31 to 45 Days,AMENDMENT NO. 9 TO TECHDIRECT UN-ASSISTED RED PATH STATEMENT OF WORK – PHASE 3 (EMEA & JAPAN) - DTD,,,TDA-25-012-NOV,,,,,Realised,,,,,08 Jan 2026,,Dell - DTD,,,,,
18 Aug 2025,,,,,,,,,Dell,,,,Ongoing,,2,,,2025,,20 Aug 2025,,,,,,06_Jun,,,,,,,,"$1,750.00",30,34,Invoice Raised,Between 31 to 45 Days,Depot AMC amendment,,,TDA-25-006-JUN,,,,,Realised,,,,,18 Jul 2025,,Dell - DTD,,,,,
21 Jun 2025,,,,,,,,,Dell,,,,Ongoing,,3,,,2025,,24 Jun 2025,,,,,,04_Apr,,,,,,,,"$18,252.00",30,35,Invoice Raised,Between 31 to 45 Days,TechDirect statement of work Phase 2-DTD,,,TDA-25-004-APR,,,,,Realised,,,,,21 May 2025,,Dell - DTD,,,,,
16 May 2026,,,,,,,,,Dell,,,,,,3,Paid,,2026,,19 May 2026,,,,,,03_Mar,,,,,,,,"$1,750.00",30,35,Invoice Raised,Between 31 to 45 Days,Depot AMC amendment,,,TDA-26-003-MAR,,,,,Realised,,,,,15 Apr 2026,PO691499,Dell - DTD,,,,,
08 Feb 2026,,,,,,,,,Dell,,,,Ongoing,,2,,,2025,,10 Feb 2026,,,,,,11_Nov,,,,,,,,"$16,214.65",30,34,Invoice Raised,Between 31 to 45 Days,TechDirect statement of work Phase 2-DTD,,,TDA-25-011-NOVR,,,,,Realised,,,,,08 Jan 2026,,Dell - DTD,,,,,
14 Apr 2025,,,,,,,,,Dell,,,,Ongoing,,1,,,2025,,15 Apr 2025,,,,,,02_Feb,,,,,,,,"$4,937.00",30,33,Invoice Raised,Between 31 to 45 Days,"Amendment 2 TechDirect, Field, Depot & E support Every Defect Matters",,,TDEDM-25-002-FEB,,,,,Realised,,,,,14 Mar 2025,,Dell - DTD,,,,,
27 Jul 2025,,,,,,,,,Dell,,,,Ongoing,,3,,,2025,,30 Jul 2025,,,,,,05_May,,,,,,,,"$7,902.00",30,35,Invoice Raised,Between 31 to 45 Days,"Amendment 2 TechDirect, Field, Depot & E support Every Defect Matters",,,TDEDM-25-005-MAY,,,,,Realised,,,,,26 Jun 2025,,Dell - DTD,,,,,
19 Apr 2025,,,,,,,,,Dell,,,,Ongoing,,23,,,2025,,12 May 2025,,,,,,01_Jan,,,,,,,,"$3,578.00",30,55,Invoice Raised,Between 46 to 60 Days,TechDirect statement of work Phase 2-DTD,,,TDA-25-002-FEB,,,,,Realised,,,,,19 Mar 2025,,Dell - DTD,,,,,
27 Mar 2026,,,,,,,,,Dell,,,,,,0,,,2026,,27 Mar 2026,,,,,,02_Feb,,,,,,,,"$36,000.00",30,32,Invoice Raised,Between 31 to 45 Days,AMENDMENT NO. 11 TO Dell_Aligned Automation Fixed Fee Data Science – Phase 2_SOW_1February2026,,,DSA11-26-002-FEB,,,,,Realised,,,,,24 Feb 2026,PO770839,Dell - Data Science: Integrated Data Fabric & Automation,,,,,
27 Jul 2025,,,,,,,,,Dell,,,,Ongoing,,0,,,2025,,25 Jul 2025,,,,,,06_Jun,,,,,,,,"$38,267.00",30,30,Invoice Raised,Between 16 to 30 Days,AMENDMENT NO. 7 TO Dell_Aligned Automation Fixed Fee Data Science – Phase 2-Aditya + Accelerate Automation initiatives,,,DSA7-25-006-JUN,,,,,Realised,,,,,26 Jun 2025,,Dell - Data Science: Integrated Data Fabric & Automation,,,,,
24 May 2026,,,,,,,,,Dell,Paid,,,,,4,,,2026,,28 May 2026,,,,,,04_Apr,,,,,,,,"$36,000.00",30,36,Invoice Raised,Between 31 to 45 Days,AMENDMENT NO. 11 TO Dell_Aligned Automation Fixed Fee Data Science – Phase 2_SOW_1February2026,,,DSA11-26-004-APR,,,,,Realised,,,,,23 Apr 2026,PO770839,Dell - Data Science: Integrated Data Fabric & Automation,,,,,
22 Jan 2026,,,,,,,,,Dell,,,,Ongoing,,1,,,2025,,23 Jan 2026,,,,,,12_Dec,,,,,,,,"$14,400.00",30,33,Invoice Raised,Between 31 to 45 Days,AMENDMENT NO. 8 TO Dell_Aligned Automation Fixed Fee Data Science – Phase 2,,,DSA8-25-012-DEC,,,,,Realised,,,,,22 Dec 2025,,Dell - Data Science: Integrated Data Fabric & Automation,,,,,
25 Apr 2025,,,,,,,,,Dell,,,,Ongoing,,3,,,2025,,28 Apr 2025,,,,,,03_Mar,,,,,,,,"$38,266.00",30,35,Invoice Raised,Between 31 to 45 Days,AMENDMENT NO. 7 TO Dell_Aligned Automation Fixed Fee Data Science – Phase 2-Aditya + Accelerate Automation initiatives,,,DSA7-25-003-MAR,,,,,Realised,,,,,25 Mar 2025,,Dell - Data Science: Integrated Data Fabric & Automation,,,,,
29 Mar 2025,,,,,,,,,Dell,,,,Ongoing,,0,,,2025,,28 Mar 2025,,,,,,02_Feb,,,,,,,,"$38,267.00",30,31,Invoice Raised,Between 31 to 45 Days,AMENDMENT NO. 7 TO Dell_Aligned Automation Fixed Fee Data Science – Phase 2-Aditya + Accelerate Automation initiatives,,,DSA7-25-002-FEB,,,,,Realised,,,,,26 Feb 2025,,Dell - Data Science: Integrated Data Fabric & Automation,,,,,
21 Dec 2025,,,,,,,,,Dell,,,,Ongoing,,3,,,2025,,24 Dec 2025,,,,,,11_Nov,,,,,,,,"$38,267.00",30,35,Invoice Raised,Between 31 to 45 Days,AMENDMENT NO. 7 TO Dell_Aligned Automation Fixed Fee Data Science – Phase 2-Aditya + Accelerate Automation initiatives,,,DSA7-25-011-NOV,,,,,Realised,,,,,20 Nov 2025,,Dell - Data Science: Integrated Data Fabric & Automation,,,,,
24 Sep 2025,,,,,,,,,Dell,,,,Ongoing,,1,,,2025,,25 Sep 2025,,,,,,08_Aug,,,,,,,,"$14,400.00",30,33,Invoice Raised,Between 31 to 45 Days,AMENDMENT NO. 8 TO Dell_Aligned Automation Fixed Fee Data Science – Phase 2,,,DSA8-25-008-AUG,,,,,Realised,,,,,24 Aug 2025,,Dell - Data Science: Integrated Data Fabric & Automation,,,,,
24 Sep 2025,,,,,,,,,Dell,,,,Ongoing,,1,,,2025,,25 Sep 2025,,,,,,08_Aug,,,,,,,,"$38,267.00",30,33,Invoice Raised,Between 31 to 45 Days,AMENDMENT NO. 7 TO Dell_Aligned Automation Fixed Fee Data Science – Phase 2-Aditya + Accelerate Automation initiatives,,,DSA7-25-008-AUG,,,,,Realised,,,,,24 Aug 2025,,Dell - Data Science: Integrated Data Fabric & Automation,,,,,
28 Jun 2026,,,,,,,,,Dell,,,,,,,,,2026,,,,,,,,05_May,,,,,,,,"$36,000.00",30,,Invoice Raised,Pending,AMENDMENT NO. 11 TO Dell_Aligned Automation Fixed Fee Data Science – Phase 2_SOW_1February2026,,,DSA11-26-005-MAY,,,,,Pending,,,,,28 May 2026,PO770839,Dell - Data Science: Integrated Data Fabric & Automation,,,,,
21 Dec 2025,,,,,,,,,Dell,,,,Ongoing,,3,,,2025,,24 Dec 2025,,,,,,11_Nov,,,,,,,,"$14,400.00",30,35,Invoice Raised,Between 31 to 45 Days,AMENDMENT NO. 8 TO Dell_Aligned Automation Fixed Fee Data Science – Phase 2,,,DSA8-25-011-NOV,,,,,Realised,,,,,20 Nov 2025,,Dell - Data Science: Integrated Data Fabric & Automation,,,,,
23 Aug 2025,,,,,,,,,Dell,,,,Ongoing,,3,,,2025,,26 Aug 2025,,,,,,07_Jul,,,,,,,,"$14,400.00",30,35,Invoice Raised,Between 31 to 45 Days,AMENDMENT NO. 8 TO Dell_Aligned Automation Fixed Fee Data Science – Phase 2,,,DSA8-25-007-JUL,,,,,Realised,,,,,23 Jul 2025,,Dell - Data Science: Integrated Data Fabric & Automation,,,,,
24 May 2025,,,,,,,,,Dell,,,,Ongoing,,3,,,2025,,27 May 2025,,,,,,04_Apr,,,,,,,,"$38,267.00",30,35,Invoice Raised,Between 31 to 45 Days,AMENDMENT NO. 7 TO Dell_Aligned Automation Fixed Fee Data Science – Phase 2-Aditya + Accelerate Automation initiatives,,,DSA7-25-004-APR,,,,,Realised,,,,,23 Apr 2025,,Dell - Data Science: Integrated Data Fabric & Automation,,,,,
23 Apr 2026,,,,,,,,,Dell,,,,,,1,,,2026,,24 Apr 2026,,,,,,03_Mar,,,,,,,,"$36,000.00",30,33,Invoice Raised,Between 31 to 45 Days,AMENDMENT NO. 11 TO Dell_Aligned Automation Fixed Fee Data Science – Phase 2_SOW_1February2026,,,DSA11-26-003-MAR,,,,,Realised,,,,,23 Mar 2026,PO770839,Dell - Data Science: Integrated Data Fabric & Automation,,,,,
22 Jun 2025,,,,,,,,,Dell,,,,Ongoing,,3,,,2025,,25 Jun 2025,,,,,,05_May,,,,,,,,"$14,400.00",30,35,Invoice Raised,Between 31 to 45 Days,AMENDMENT NO. 8 TO Dell_Aligned Automation Fixed Fee Data Science – Phase 2,,,DSA8-25-005-MAY,,,,,Realised,,,,,22 May 2025,,Dell - Data Science: Integrated Data Fabric & Automation,,,,,
23 Feb 2026,,,,,,,,,Dell,,,,,,0,,,2026,,23 Feb 2026,,,,,,01_Jan,,,,,,,,"$38,267.00",30,32,Invoice Raised,Between 31 to 45 Days,AMENDMENT NO. 7 TO Dell_Aligned Automation Fixed Fee Data Science – Phase 2-Aditya + Accelerate Automation initiatives,,,DSA7-26-001-JAN,,,,,Realised,,,,,23 Jan 2026,PO687056,Dell - Data Science: Integrated Data Fabric & Automation,,,,,
22 Jan 2026,,,,,,,,,Dell,,,,Ongoing,,1,,,2025,,23 Jan 2026,,,,,,12_Dec,,,,,,,,"$38,267.00",30,33,Invoice Raised,Between 31 to 45 Days,AMENDMENT NO. 7 TO Dell_Aligned Automation Fixed Fee Data Science – Phase 2-Aditya + Accelerate Automation initiatives,,,DSA7-25-012-DEC,,,,,Realised,,,,,22 Dec 2025,,Dell - Data Science: Integrated Data Fabric & Automation,,,,,
29 Mar 2025,,,,,,,,,Dell,,,,Ongoing,,0,,,2025,,28 Mar 2025,,,,,,02_Feb,,,,,,,,$960.00,30,31,Invoice Raised,Between 31 to 45 Days,AMENDMENT NO. 8 TO Dell_Aligned Automation Fixed Fee Data Science – Phase 2,,,DSA8-25-002-FEB,,,,,Realised,,,,,26 Feb 2025,,Dell - Data Science: Integrated Data Fabric & Automation,,,,,
24 May 2025,,,,,,,,,Dell,,,,Ongoing,,3,,,2025,,27 May 2025,,,,,,04_Apr,,,,,,,,"$14,400.00",30,35,Invoice Raised,Between 31 to 45 Days,AMENDMENT NO. 8 TO Dell_Aligned Automation Fixed Fee Data Science – Phase 2,,,DSA8-25-004-APR,,,,,Realised,,,,,23 Apr 2025,,Dell - Data Science: Integrated Data Fabric & Automation,,,,,
23 Feb 2026,,,,,,,,,Dell,,,,,,0,,,2026,,23 Feb 2026,,,,,,01_Jan,,,,,,,,"$14,400.00",30,32,Invoice Raised,Between 31 to 45 Days,AMENDMENT NO. 8 TO Dell_Aligned Automation Fixed Fee Data Science – Phase 2,,,DSA8-26-001-JAN,,,,,Realised,,,,,23 Jan 2026,PO687056,Dell - Data Science: Integrated Data Fabric & Automation,,,,,
25 Oct 2025,,,,,,,,,Dell,,,,Ongoing,,3,,,2025,,28 Oct 2025,,,,,,09_Sep,,,,,,,,"$38,267.00",30,35,Invoice Raised,Between 31 to 45 Days,AMENDMENT NO. 7 TO Dell_Aligned Automation Fixed Fee Data Science – Phase 2-Aditya + Accelerate Automation initiatives,,,DSA7-25-009-SEPT,,,,,Realised,,,,,24 Sep 2025,,Dell - Data Science: Integrated Data Fabric & Automation,,,,,
22 Jun 2025,,,,,,,,,Dell,,,,Ongoing,,3,,,2025,,25 Jun 2025,,,,,,05_May,,,,,,,,"$38,267.00",30,35,Invoice Raised,Between 31 to 45 Days,AMENDMENT NO. 7 TO Dell_Aligned Automation Fixed Fee Data Science – Phase 2-Aditya + Accelerate Automation initiatives,,,DSA7-25-005-MAY,,,,,Realised,,,,,22 May 2025,,Dell - Data Science: Integrated Data Fabric & Automation,,,,,
27 Jul 2025,,,,,,,,,Dell,,,,Ongoing,,0,,,2025,,25 Jul 2025,,,,,,06_Jun,,,,,,,,"$14,400.00",30,30,Invoice Raised,Between 16 to 30 Days,AMENDMENT NO. 8 TO Dell_Aligned Automation Fixed Fee Data Science – Phase 2,,,DSA8-25-006-JUN,,,,,Realised,,,,,26 Jun 2025,,Dell - Data Science: Integrated Data Fabric & Automation,,,,,
23 Nov 2025,,,,,,,,,Dell,,,,Ongoing,,3,,,2025,,26 Nov 2025,,,,,,10_Oct,,,,,,,,"$38,267.00",30,35,Invoice Raised,Between 31 to 45 Days,AMENDMENT NO. 7 TO Dell_Aligned Automation Fixed Fee Data Science – Phase 2-Aditya + Accelerate Automation initiatives,,,DSA7-25-010-OCT,,,,,Realised,,,,,23 Oct 2025,,Dell - Data Science: Integrated Data Fabric & Automation,,,,,
23 Nov 2025,,,,,,,,,Dell,,,,Ongoing,,3,,,2025,,26 Nov 2025,,,,,,10_Oct,,,,,,,,"$14,400.00",30,35,Invoice Raised,Between 31 to 45 Days,AMENDMENT NO. 8 TO Dell_Aligned Automation Fixed Fee Data Science – Phase 2,,,DSA8-25-010-OCT,,,,,Realised,,,,,23 Oct 2025,,Dell - Data Science: Integrated Data Fabric & Automation,,,,,
23 Aug 2025,,,,,,,,,Dell,,,,Ongoing,,3,,,2025,,26 Aug 2025,,,,,,07_Jul,,,,,,,,"$38,267.00",30,35,Invoice Raised,Between 31 to 45 Days,AMENDMENT NO. 7 TO Dell_Aligned Automation Fixed Fee Data Science – Phase 2-Aditya + Accelerate Automation initiatives,,,DSA7-25-007-JUL,,,,,Realised,,,,,23 Jul 2025,,Dell - Data Science: Integrated Data Fabric & Automation,,,,,
25 Apr 2025,,,,,,,,,Dell,,,,Ongoing,,3,,,2025,,28 Apr 2025,,,,,,03_Mar,,,,,,,,"$14,400.00",30,35,Invoice Raised,Between 31 to 45 Days,AMENDMENT NO. 8 TO Dell_Aligned Automation Fixed Fee Data Science – Phase 2,,,DSA8-25-003-MAR,,,,,Realised,,,,,25 Mar 2025,,Dell - Data Science: Integrated Data Fabric & Automation,,,,,
25 Oct 2025,,,,,,,,,Dell,,,,Ongoing,,3,,,2025,,28 Oct 2025,,,,,,09_Sep,,,,,,,,"$14,400.00",30,35,Invoice Raised,Between 31 to 45 Days,AMENDMENT NO. 8 TO Dell_Aligned Automation Fixed Fee Data Science – Phase 2,,,DSA8-25-009-SEPT,,,,,Realised,,,,,24 Sep 2025,,Dell - Data Science: Integrated Data Fabric & Automation,,,,,
24 Feb 2025,,,,,,,,,Dell,,,,Completed,,4,,,2025,,28 Feb 2025,,,,,,01_Jan,,,,,,,,"$25,000.00",30,36,Invoice Raised,Between 31 to 45 Days,Celonis Consulting Services - AMENDMENT NO. 3,,,CCS-25-001-JAN,,,,,Realised,,,,,24 Jan 2025,,Dell - Digital,,,,,
23 Nov 2025,,,,,,,,,Dell,,,,Ongoing,,3,,,2025,,26 Nov 2025,,,,,,10_Oct,,,,,,,,"$25,000.00",30,35,Invoice Raised,Between 31 to 45 Days,EDM - CARE Development,,,EDMCD-25-004-OCT,,,,,Realised,,,,,23 Oct 2025,,Dell - EDM Care Development,,,,,
11 May 2026,,,,,,,,,Dell,,,,,,2,Paid,,2026,,13 May 2026,,,,,,04_Apr,,,,,,,,"$25,000.00",30,34,Invoice Raised,Between 31 to 45 Days,EDM - CARE Development,,,EDMCD-26-004-APR,,,,,Realised,,,,,10 Apr 2026,PO719484,Dell - EDM Care Development,,,,,
23 Feb 2026,,,,,,,,,Dell,,,,,,0,,,2026,,23 Feb 2026,,,,,,01_Jan,,,,,,,,"$25,000.00",30,32,Invoice Raised,Between 31 to 45 Days,EDM - CARE Development,,,EDMCD-26-001-JAN,,,,,Realised,,,,,23 Jan 2026,PO719484,Dell - EDM Care Development,,,,,
22 Jan 2026,,,,,,,,,Dell,,,,Ongoing,,1,,,2025,,23 Jan 2026,,,,,,12_Dec,,,,,,,,"$25,000.00",30,33,Invoice Raised,Between 31 to 45 Days,EDM - CARE Development,,,EDMCD-25-006-DEC,,,,,Realised,,,,,22 Dec 2025,,Dell - EDM Care Development,,,,,
27 Mar 2026,,,,,,,,,Dell,,,,,,0,,,2026,,27 Mar 2026,,,,,,02_Feb,,,,,,,,"$25,000.00",30,32,Invoice Raised,Between 31 to 45 Days,EDM - CARE Development,,,EDMCD-26-002-FEB,,,,,Realised,,,,,24 Feb 2026,PO719484,Dell - EDM Care Development,,,,,
23 Apr 2026,,,,,,,,,Dell,,,,,,1,,,2026,,24 Apr 2026,,,,,,03_Mar,,,,,,,,"$25,000.00",30,33,Invoice Raised,Between 31 to 45 Days,EDM - CARE Development,,,EDMCD-26-003-MAR,,,,,Realised,,,,,23 Mar 2026,PO719484,Dell - EDM Care Development,,,,,
23 Aug 2025,,,,,,,,,Dell,,,,Ongoing,,3,,,2025,,26 Aug 2025,,,,,,07_Jul,,,,,,,,"$25,000.00",30,35,Invoice Raised,Between 31 to 45 Days,EDM - CARE Development,,,EDMCD-25-001-JUL,,,,,Realised,,,,,23 Jul 2025,,Dell - EDM Care Development,,,,,
21 Dec 2025,,,,,,,,,Dell,,,,Ongoing,,3,,,2025,,24 Dec 2025,,,,,,11_Nov,,,,,,,,"$25,000.00",30,35,Invoice Raised,Between 31 to 45 Days,EDM - CARE Development,,,EDMCD-25-005-NOV,,,,,Realised,,,,,20 Nov 2025,,Dell - EDM Care Development,,,,,
25 Oct 2025,,,,,,,,,Dell,,,,Ongoing,,3,,,2025,,28 Oct 2025,,,,,,09_Sep,,,,,,,,"$25,000.00",30,35,Invoice Raised,Between 31 to 45 Days,EDM - CARE Development,,,EDMCD-25-003-SEPT,,,,,Realised,,,,,24 Sep 2025,,Dell - EDM Care Development,,,,,
24 Sep 2025,,,,,,,,,Dell,,,,Ongoing,,1,,,2025,,25 Sep 2025,,,,,,08_Aug,,,,,,,,"$25,000.00",30,33,Invoice Raised,Between 31 to 45 Days,EDM - CARE Development,,,EDMCD-25-002-AUG,,,,,Realised,,,,,24 Aug 2025,,Dell - EDM Care Development,,,,,
27 Jul 2025,,,,,,,,,Dell,,,,Ongoing,,0,,,2025,,25 Jul 2025,,,,,,06_Jun,,,,,,,,"$48,536.00",30,30,Invoice Raised,Between 16 to 30 Days,AMENDMENT NO. 9 TO Dell_Aligned Automation TechDirect SOW Phase 2-EDM,,,EDM-25-006-JUN,,,,,Realised,,,,,26 Jun 2025,,Dell - EDM Development,,,,,
22 Jan 2026,,,,,,,,,Dell,,,,Ongoing,,1,,,2025,,23 Jan 2026,,,,,,12_Dec,,,,,,,,"$48,536.00",30,33,Invoice Raised,Between 31 to 45 Days,AMENDMENT NO. 9 TO Dell_Aligned Automation TechDirect SOW Phase 2-EDM,,,EDM-25-012-DEC,,,,,Realised,,,,,22 Dec 2025,,Dell - EDM Development,,,,,
24 Sep 2025,,,,,,,,,Dell,,,,Ongoing,,1,,,2025,,25 Sep 2025,,,,,,08_Aug,,,,,,,,"$48,536.00",30,33,Invoice Raised,Between 31 to 45 Days,AMENDMENT NO. 9 TO Dell_Aligned Automation TechDirect SOW Phase 2-EDM,,,EDM-25-008-AUG,,,,,Realised,,,,,24 Aug 2025,,Dell - EDM Development,,,,,
23 Nov 2025,,,,,,,,,Dell,,,,Ongoing,,3,,,2025,,26 Nov 2025,,,,,,10_Oct,,,,,,,,"$48,536.00",30,35,Invoice Raised,Between 31 to 45 Days,AMENDMENT NO. 9 TO Dell_Aligned Automation TechDirect SOW Phase 2-EDM,,,EDM-25-010-OCT,,,,,Realised,,,,,23 Oct 2025,,Dell - EDM Development,,,,,
27 Mar 2025,,,,,,,,,Dell,,,,Ongoing,,1,,,2025,,28 Mar 2025,,,,,,02_Feb,,,,,,,,"$48,536.00",30,33,Invoice Raised,Between 31 to 45 Days,AMENDMENT NO. 9 TO Dell_Aligned Automation TechDirect SOW Phase 2-EDM,,,EDM-25-002-FEB,,,,,Realised,,,,,24 Feb 2025,,Dell - EDM Development,,,,,
28 Jun 2026,,,,,,,,,Dell,,,,,,,,,2026,,,,,,,,05_May,,,,,,,,"$48,536.00",30,,Invoice Raised,Pending,EDM - Services,,,EDM-26-005-MAY,,,,,Pending,,,,,28 May 2026,PO772833,Dell - EDM Development,,,,,
25 Oct 2025,,,,,,,,,Dell,,,,Ongoing,,3,,,2025,,28 Oct 2025,,,,,,09_Sep,,,,,,,,"$48,536.00",30,35,Invoice Raised,Between 31 to 45 Days,AMENDMENT NO. 9 TO Dell_Aligned Automation TechDirect SOW Phase 2-EDM,,,EDM-25-009-SEPT,,,,,Realised,,,,,24 Sep 2025,,Dell - EDM Development,,,,,
24 May 2026,,,,,,,,,Dell,Paid,,,,,4,,,2026,,28 May 2026,,,,,,04_Apr,,,,,,,,"$48,536.00",30,36,Invoice Raised,Between 31 to 45 Days,EDM - Services,,,EDM-26-004-APR,,,,,Realised,,,,,23 Apr 2026,PO772833,Dell - EDM Development,,,,,
23 Apr 2026,,,,,,,,,Dell,,,,,,1,,,2026,,24 Apr 2026,,,,,,03_Mar,,,,,,,,"$48,536.00",30,33,Invoice Raised,Between 31 to 45 Days,EDM - Services,,,EDM-26-003-MAR,,,,,Realised,,,,,23 Mar 2026,PO772833,Dell - EDM Development,,,,,
27 Mar 2026,,,,,,,,,Dell,,,,,,0,,,2026,,27 Mar 2026,,,,,,02_Feb,,,,,,,,"$48,536.00",30,32,Invoice Raised,Between 31 to 45 Days,EDM - Services,,,EDM-26-002-FEB,,,,,Realised,,,,,24 Feb 2026,PO772833,Dell - EDM Development,,,,,
24 May 2025,,,,,,,,,Dell,,,,Ongoing,,3,,,2025,,27 May 2025,,,,,,04_Apr,,,,,,,,"$48,536.00",30,35,Invoice Raised,Between 31 to 45 Days,AMENDMENT NO. 9 TO Dell_Aligned Automation TechDirect SOW Phase 2-EDM,,,EDM-25-004-APR,,,,,Realised,,,,,23 Apr 2025,,Dell - EDM Development,,,,,
22 Jun 2025,,,,,,,,,Dell,,,,Ongoing,,3,,,2025,,25 Jun 2025,,,,,,05_May,,,,,,,,"$48,536.00",30,35,Invoice Raised,Between 31 to 45 Days,AMENDMENT NO. 9 TO Dell_Aligned Automation TechDirect SOW Phase 2-EDM,,,EDM-25-005-MAY,,,,,Realised,,,,,22 May 2025,,Dell - EDM Development,,,,,
23 Aug 2025,,,,,,,,,Dell,,,,Ongoing,,3,,,2025,,26 Aug 2025,,,,,,07_Jul,,,,,,,,"$48,536.00",30,35,Invoice Raised,Between 31 to 45 Days,AMENDMENT NO. 9 TO Dell_Aligned Automation TechDirect SOW Phase 2-EDM,,,EDM-25-007-JUL,,,,,Realised,,,,,23 Jul 2025,,Dell - EDM Development,,,,,
25 Apr 2025,,,,,,,,,Dell,,,,Ongoing,,3,,,2025,,28 Apr 2025,,,,,,03_Mar,,,,,,,,"$48,536.00",30,35,Invoice Raised,Between 31 to 45 Days,AMENDMENT NO. 9 TO Dell_Aligned Automation TechDirect SOW Phase 2-EDM,,,EDM-25-003-MAR,,,,,Realised,,,,,25 Mar 2025,,Dell - EDM Development,,,,,
23 Feb 2026,,,,,,,,,Dell,,,,,,0,,,2026,,23 Feb 2026,,,,,,01_Jan,,,,,,,,"$48,536.00",30,32,Invoice Raised,Between 31 to 45 Days,AMENDMENT NO. 9 TO Dell_Aligned Automation TechDirect SOW Phase 2-EDM,,,EDM-26-001-JAN,,,,,Realised,,,,,23 Jan 2026,PO679087,Dell - EDM Development,,,,,
21 Dec 2025,,,,,,,,,Dell,,,,Ongoing,,3,,,2025,,24 Dec 2025,,,,,,11_Nov,,,,,,,,"$48,536.00",30,35,Invoice Raised,Between 31 to 45 Days,AMENDMENT NO. 9 TO Dell_Aligned Automation TechDirect SOW Phase 2-EDM,,,EDM-25-011-NOV,,,,,Realised,,,,,20 Nov 2025,,Dell - EDM Development,,,,,
23 Jun 2026,,,,,,,,,Dell,,,,,,,,,2026,,,,,,,,05_May,,,,,,,,"$9,000.00",30,,Invoice Raised,Pending,ESG Services: Takeback Phase 3,,,ESGTB-26-002-MAY,,,,,Pending,,,,,23 May 2026,PO785966,Dell - ESG Services: Takeback Phase 3,,,,,
04 Jun 2026,,,,,,,,,Dell,Paid,,,,,1,,,2026,,05 Jun 2026,,,,,,04_Apr,,,,,,,,"$9,000.00",30,33,Invoice Raised,Between 31 to 45 Days,ESG Services: Takeback Phase 3,,,ESGTB-26-001-APR,,,,,Realized,,,,,04 May 2026,PO785966,Dell - ESG Services: Takeback Phase 3,,,,,
24 Feb 2025,,,,,,,,,Dell,,,,Completed,,4,,,2025,,28 Feb 2025,,,,,,01_Jan,,,,,,,,"$48,536.00",30,36,Invoice Raised,Between 31 to 45 Days,AMENDMENT NO. 6 TO Dell_Aligned Automation TechDirect SOW Phase 2-EDM,,,EDM-25-001-JAN,,,,,Realised,,,,,24 Jan 2025,,Dell - Every Defect Matters - Amendment 2,,,,,
24 Feb 2025,,,,,,,,,Dell,,,,Completed,,4,,,2025,,28 Feb 2025,,,,,,01_Jan,,,,,,,,"$15,600.00",30,36,Invoice Raised,Between 31 to 45 Days,Services Digitalization Enablement FY25,,,SDE-25-001-JAN,,,,,Realised,,,,,24 Jan 2025,,Dell - GPE,,,,,
27 Mar 2026,,,,,,,,,Dell,,,,,,0,,,2026,,27 Mar 2026,,,,,,02_Feb,,,,,,,,"$15,600.00",30,32,Invoice Raised,Between 31 to 45 Days,Services Digitalization Enablement,,,SDE-26-002-FEB,,,,,Realised,,,,,24 Feb 2026,PO771620,Dell - GPE: Process Mining,,,,,
24 Sep 2025,,,,,,,,,Dell,,,,Ongoing,,1,,,2025,,25 Sep 2025,,,,,,08_Aug,,,,,,,,"$15,600.00",30,33,Invoice Raised,Between 31 to 45 Days,Services Digitalization Enablement FY26,,,SDE-25-008-AUG,,,,,Realised,,,,,24 Aug 2025,,Dell - GPE: Process Mining,,,,,
25 Oct 2025,,,,,,,,,Dell,,,,Ongoing,,3,,,2025,,28 Oct 2025,,,,,,09_Sep,,,,,,,,"$15,600.00",30,35,Invoice Raised,Between 31 to 45 Days,Services Digitalization Enablement FY26,,,SDE-25-009-SEPT,,,,,Realised,,,,,24 Sep 2025,,Dell - GPE: Process Mining,,,,,
27 Jul 2025,,,,,,,,,Dell,,,,Ongoing,,0,,,2025,,25 Jul 2025,,,,,,06_Jun,,,,,,,,"$15,600.00",30,30,Invoice Raised,Between 16 to 30 Days,Services Digitalization Enablement FY26,,,SDE-25-006-JUN,,,,,Realised,,,,,26 Jun 2025,,Dell - GPE: Process Mining,,,,,
25 Apr 2025,,,,,,,,,Dell,,,,Ongoing,,3,,,2025,,28 Apr 2025,,,,,,03_Mar,,,,,,,,"$15,600.00",30,35,Invoice Raised,Between 31 to 45 Days,Services Digitalization Enablement FY26,,,SDE-25-003-MAR,,,,,Realised,,,,,25 Mar 2025,,Dell - GPE: Process Mining,,,,,
24 May 2025,,,,,,,,,Dell,,,,Ongoing,,3,,,2025,,27 May 2025,,,,,,04_Apr,,,,,,,,"$15,600.00",30,35,Invoice Raised,Between 31 to 45 Days,Services Digitalization Enablement FY26,,,SDE-25-004-APR,,,,,Realised,,,,,23 Apr 2025,,Dell - GPE: Process Mining,,,,,
23 Apr 2026,,,,,,,,,Dell,,,,,,1,,,2026,,24 Apr 2026,,,,,,03_Mar,,,,,,,,"$15,600.00",30,33,Invoice Raised,Between 31 to 45 Days,Services Digitalization Enablement,,,SDE-26-003-MAR,,,,,Realised,,,,,23 Mar 2026,PO771620,Dell - GPE: Process Mining,,,,,
24 May 2026,,,,,,,,,Dell,Paid,,,,,4,,,2026,,28 May 2026,,,,,,04_Apr,,,,,,,,"$15,600.00",30,36,Invoice Raised,Between 31 to 45 Days,Services Digitalization Enablement,,,SDE-26-004-APR,,,,,Realised,,,,,23 Apr 2026,PO771620,Dell - GPE: Process Mining,,,,,
22 Jan 2026,,,,,,,,,Dell,,,,Ongoing,,1,,,2025,,23 Jan 2026,,,,,,12_Dec,,,,,,,,"$15,600.00",30,33,Invoice Raised,Between 31 to 45 Days,Services Digitalization Enablement FY26,,,SDE-25-012-DEC,,,,,Realised,,,,,22 Dec 2025,,Dell - GPE: Process Mining,,,,,
28 Jun 2026,,,,,,,,,Dell,,,,,,,,,2026,,,,,,,,05_May,,,,,,,,"$15,600.00",30,,Invoice Raised,Pending,Services Digitalization Enablement,,,SDE-26-005-MAY,,,,,Pending,,,,,28 May 2026,PO771620,Dell - GPE: Process Mining,,,,,
23 Aug 2025,,,,,,,,,Dell,,,,Ongoing,,3,,,2025,,26 Aug 2025,,,,,,07_Jul,,,,,,,,"$15,600.00",30,35,Invoice Raised,Between 31 to 45 Days,Services Digitalization Enablement FY26,,,SDE-25-007-JUL,,,,,Realised,,,,,23 Jul 2025,,Dell - GPE: Process Mining,,,,,
23 Feb 2026,,,,,,,,,Dell,,,,,,0,,,2026,,23 Feb 2026,,,,,,01_Jan,,,,,,,,"$15,600.00",30,32,Invoice Raised,Between 31 to 45 Days,Services Digitalization Enablement FY26,,,SDE-26-001-JAN,,,,,Realised,,,,,23 Jan 2026,PO679665,Dell - GPE: Process Mining,,,,,
21 Dec 2025,,,,,,,,,Dell,,,,Ongoing,,3,,,2025,,24 Dec 2025,,,,,,11_Nov,,,,,,,,"$15,600.00",30,35,Invoice Raised,Between 31 to 45 Days,Services Digitalization Enablement FY26,,,SDE-25-011-NOV,,,,,Realised,,,,,20 Nov 2025,,Dell - GPE: Process Mining,,,,,
22 Jun 2025,,,,,,,,,Dell,,,,Ongoing,,3,,,2025,,25 Jun 2025,,,,,,05_May,,,,,,,,"$15,600.00",30,35,Invoice Raised,Between 31 to 45 Days,Services Digitalization Enablement FY26,,,SDE-25-005-MAY,,,,,Realised,,,,,22 May 2025,,Dell - GPE: Process Mining,,,,,
23 Nov 2025,,,,,,,,,Dell,,,,Ongoing,,3,,,2025,,26 Nov 2025,,,,,,10_Oct,,,,,,,,"$15,600.00",30,35,Invoice Raised,Between 31 to 45 Days,Services Digitalization Enablement FY26,,,SDE-25-010-OCT,,,,,Realised,,,,,23 Oct 2025,,Dell - GPE: Process Mining,,,,,
27 Mar 2025,,,,,,,,,Dell,,,,Ongoing,,1,,,2025,,28 Mar 2025,,,,,,02_Feb,,,,,,,,"$15,600.00",30,33,Invoice Raised,Between 31 to 45 Days,Services Digitalization Enablement FY26,,,SDE-25-002-FEB,,,,,Realised,,,,,24 Feb 2025,,Dell - GPE: Process Mining,,,,,
28 Jun 2026,,,,,,,,,Dell,,,,,,,,,2026,,,,,,,,05_May,,,,,,,,"$368,750.00",30,,Invoice Raised,Pending,"Global Professional Services – AI, GenAI & Agentic Operationalization",,,GPS-26-005-MAY,,,,,Pending,,,,,28 May 2026,PO767850,"Dell - GPS Mod 1.0 - PSAS, Product Accelerator, ACG and EPS | Dell - GPS Mod 2.0 - ISG Deploy Agentic AI | Dell - GPS Mod 2.0 - Consulting IP management",,,,,
24 May 2026,,,,,,,,,Dell,Paid,,,,,4,,,2026,,28 May 2026,,,,,,04_Apr,,,,,,,,"$368,750.00",30,36,Invoice Raised,Between 31 to 45 Days,"Global Professional Services – AI, GenAI & Agentic Operationalization",,,GPS-26-004-APR,,,,,Realised,,,,,23 Apr 2026,PO767850,"Dell - GPS Mod 1.0 - PSAS, Product Accelerator, ACG and EPS | Dell - GPS Mod 2.0 - ISG Deploy Agentic AI | Dell - GPS Mod 2.0 - Consulting IP management",,,,,
23 Apr 2026,,,,,,,,,Dell,,,,,,1,,,2026,,24 Apr 2026,,,,,,03_Mar,,,,,,,,"$368,750.00",30,33,Invoice Raised,Between 31 to 45 Days,"Global Professional Services – AI, GenAI & Agentic Operationalization",,,GPS-26-003-MAR,,,,,Realised,,,,,23 Mar 2026,PO767850,"Dell - GPS Mod 1.0 - PSAS, Product Accelerator, ACG and EPS | Dell - GPS Mod 2.0 - ISG Deploy Agentic AI | Dell - GPS Mod 2.0 - Consulting IP management",,,,,
27 Mar 2026,,,,,,,,,Dell,,,,,,0,,,2026,,27 Mar 2026,,,,,,02_Feb,,,,,,,,"$368,750.00",30,32,Invoice Raised,Between 31 to 45 Days,"Global Professional Services – AI, GenAI & Agentic Operationalization",,,GPS-26-002-FEB,,,,,Realised,,,,,24 Feb 2026,PO767850,"Dell - GPS Mod 1.0 - PSAS, Product Accelerator, ACG and EPS | Dell - GPS Mod 2.0 - ISG Deploy Agentic AI | Dell - GPS Mod 2.0 - Consulting IP management",,,,,
23 Nov 2025,,,,,,,,,Dell,,,,Ongoing,,3,,,2025,,26 Nov 2025,,,,,,10_Oct,,,,,,,,"$150,000.00",30,35,Invoice Raised,Between 31 to 45 Days,GPS Modernization 2.0,,,GPSM2-25-004-OCT,,,,,Realised,,,,,23 Oct 2025,,Dell - GPS Modernization 2.0,,,,,
23 Aug 2025,,,,,,,,,Dell,,,,Ongoing,,3,,,2025,,26 Aug 2025,,,,,,07_Jul,,,,,,,,"$75,000.00",30,35,Invoice Raised,Between 31 to 45 Days,GPS Modernization 2.0,,,GPSM2-25-001-JUL,,,,,Realised,,,,,23 Jul 2025,,Dell - GPS Modernization 2.0,,,,,
22 Jan 2026,,,,,,,,,Dell,,,,Ongoing,,1,,,2025,,23 Jan 2026,,,,,,12_Dec,,,,,,,,"$150,000.00",30,33,Invoice Raised,Between 31 to 45 Days,GPS Modernization 2.0,,,GPSM2-25-006-DEC,,,,,Realised,,,,,22 Dec 2025,,Dell - GPS Modernization 2.0,,,,,
23 Feb 2026,,,,,,,,,Dell,,,,,,0,,,2026,,23 Feb 2026,,,,,,01_Jan,,,,,,,,"$150,000.00",30,32,Invoice Raised,Between 31 to 45 Days,GPS Modernization 2.0,,,GPSM2-26-001-JAN,,,,,Realised,,,,,23 Jan 2026,PO723190,Dell - GPS Modernization 2.0,,,,,
24 Sep 2025,,,,,,,,,Dell,,,,Ongoing,,1,,,2025,,25 Sep 2025,,,,,,08_Aug,,,,,,,,"$150,000.00",30,33,Invoice Raised,Between 31 to 45 Days,GPS Modernization 2.0,,,GPSM2-25-002-AUG,,,,,Realised,,,,,24 Aug 2025,,Dell - GPS Modernization 2.0,,,,,
25 Oct 2025,,,,,,,,,Dell,,,,Ongoing,,3,,,2025,,28 Oct 2025,,,,,,09_Sep,,,,,,,,"$150,000.00",30,35,Invoice Raised,Between 31 to 45 Days,GPS Modernization 2.0,,,GPSM2-25-003-SEPT,,,,,Realised,,,,,24 Sep 2025,,Dell - GPS Modernization 2.0,,,,,
21 Dec 2025,,,,,,,,,Dell,,,,Ongoing,,3,,,2025,,24 Dec 2025,,,,,,11_Nov,,,,,,,,"$150,000.00",30,35,Invoice Raised,Between 31 to 45 Days,GPS Modernization 2.0,,,GPSM2-25-005-NOV,,,,,Realised,,,,,20 Nov 2025,,Dell - GPS Modernization 2.0,,,,,
24 Sep 2025,,,,,,,,,Dell,,,,Ongoing,,1,,,2025,,25 Sep 2025,,,,,,08_Aug,,,,,,,,"$127,000.00",30,33,Invoice Raised,Between 31 to 45 Days,AMENDMENT NO. 8 TO Dell_Aligned Automation Tech Direct SOW Phase 2-Cost of Support Services,,,CSS-25-008-AUG,,,,,Realised,,,,,24 Aug 2025,,Dell - Gen AI for Support /  Agentic Automation,,,,,
24 May 2025,,,,,,,,,Dell,,,,Ongoing,,3,,,2025,,27 May 2025,,,,,,04_Apr,,,,,,,,"$127,000.00",30,35,Invoice Raised,Between 31 to 45 Days,AMENDMENT NO. 8 TO Dell_Aligned Automation Tech Direct SOW Phase 2-Cost of Support Services,,,CSS-25-004-APR,,,,,Realised,,,,,23 Apr 2025,,Dell - Gen AI for Support /  Agentic Automation,,,,,
10 Apr 2026,,,,,,,,,Dell,,,,,,3,,,2026,,13 Apr 2026,,,,,,02_Feb,,,,,,,,"$127,000.00",30,35,Invoice Raised,Between 31 to 45 Days,AMENDMENT NO. 8 TO Dell_Aligned Automation Tech Direct SOW Phase 2-Cost of Support Services,,,CSS-26-002-FEB,,,,,Realised,,,,,10 Mar 2026,PO777550,Dell - Gen AI for Support /  Agentic Automation,,,,,
23 Feb 2026,,,,,,,,,Dell,,,,,,0,,,2026,,23 Feb 2026,,,,,,01_Jan,,,,,,,,"$127,000.00",30,32,Invoice Raised,Between 31 to 45 Days,AMENDMENT NO. 8 TO Dell_Aligned Automation Tech Direct SOW Phase 2-Cost of Support Services,,,CSS-26-001-JAN,,,,,Realised,,,,,23 Jan 2026,PO750702,Dell - Gen AI for Support /  Agentic Automation,,,,,
22 Jun 2026,,,,,,,,,Dell,,,,,,,,,2026,,,,,,,,05_May,,,,,,,,"$127,000.00",30,,Invoice Raised,Pending,AMENDMENT NO. 8 TO Dell_Aligned Automation Tech Direct SOW Phase 2-Cost of Support Services,,,CSS-26-005-MAY,,,,,Pending,,,,,22 May 2026,PO777550,Dell - Gen AI for Support /  Agentic Automation,,,,,
24 May 2026,,,,,,,,,Dell,Paid,,,,,4,,,2026,,28 May 2026,,,,,,04_Apr,,,,,,,,"$127,000.00",30,36,Invoice Raised,Between 31 to 45 Days,AMENDMENT NO. 8 TO Dell_Aligned Automation Tech Direct SOW Phase 2-Cost of Support Services,,,CSS-26-004-APR,,,,,Realised,,,,,23 Apr 2026,PO777550,Dell - Gen AI for Support /  Agentic Automation,,,,,
22 Jan 2026,,,,,,,,,Dell,,,,Ongoing,,1,,,2025,,23 Jan 2026,,,,,,12_Dec,,,,,,,,"$127,000.00",30,33,Invoice Raised,Between 31 to 45 Days,AMENDMENT NO. 8 TO Dell_Aligned Automation Tech Direct SOW Phase 2-Cost of Support Services,,,CSS-25-012-DEC,,,,,Realised,,,,,22 Dec 2025,,Dell - Gen AI for Support /  Agentic Automation,,,,,
23 Apr 2026,,,,,,,,,Dell,,,,,,1,,,2026,,24 Apr 2026,,,,,,03_Mar,,,,,,,,"$127,000.00",30,33,Invoice Raised,Between 31 to 45 Days,AMENDMENT NO. 8 TO Dell_Aligned Automation Tech Direct SOW Phase 2-Cost of Support Services,,,CSS-26-003-MAR,,,,,Realised,,,,,23 Mar 2026,PO777550,Dell - Gen AI for Support /  Agentic Automation,,,,,
21 Dec 2025,,,,,,,,,Dell,,,,Ongoing,,3,,,2025,,24 Dec 2025,,,,,,11_Nov,,,,,,,,"$127,000.00",30,35,Invoice Raised,Between 31 to 45 Days,AMENDMENT NO. 8 TO Dell_Aligned Automation Tech Direct SOW Phase 2-Cost of Support Services,,,CSS-25-011-NOV,,,,,Realised,,,,,20 Nov 2025,,Dell - Gen AI for Support /  Agentic Automation,,,,,
25 Apr 2025,,,,,,,,,Dell,,,,Ongoing,,3,,,2025,,28 Apr 2025,,,,,,03_Mar,,,,,,,,"$127,000.00",30,35,Invoice Raised,Between 31 to 45 Days,AMENDMENT NO. 8 TO Dell_Aligned Automation Tech Direct SOW Phase 2-Cost of Support Services,,,CSS-25-003-MAR,,,,,Realised,,,,,25 Mar 2025,,Dell - Gen AI for Support /  Agentic Automation,,,,,
23 Aug 2025,,,,,,,,,Dell,,,,Ongoing,,3,,,2025,,26 Aug 2025,,,,,,07_Jul,,,,,,,,"$127,000.00",30,35,Invoice Raised,Between 31 to 45 Days,AMENDMENT NO. 8 TO Dell_Aligned Automation Tech Direct SOW Phase 2-Cost of Support Services,,,CSS-25-007-JUL,,,,,Realised,,,,,23 Jul 2025,,Dell - Gen AI for Support /  Agentic Automation,,,,,
27 Jul 2025,,,,,,,,,Dell,,,,Ongoing,,0,,,2025,,25 Jul 2025,,,,,,06_Jun,,,,,,,,"$127,000.00",30,30,Invoice Raised,Between 16 to 30 Days,AMENDMENT NO. 8 TO Dell_Aligned Automation Tech Direct SOW Phase 2-Cost of Support Services,,,CSS-25-006-JUN,,,,,Realised,,,,,26 Jun 2025,,Dell - Gen AI for Support /  Agentic Automation,,,,,
22 Jun 2025,,,,,,,,,Dell,,,,Ongoing,,3,,,2025,,25 Jun 2025,,,,,,05_May,,,,,,,,"$127,000.00",30,35,Invoice Raised,Between 31 to 45 Days,AMENDMENT NO. 8 TO Dell_Aligned Automation Tech Direct SOW Phase 2-Cost of Support Services,,,CSS-25-005-MAY,,,,,Realised,,,,,22 May 2025,,Dell - Gen AI for Support /  Agentic Automation,,,,,
25 Oct 2025,,,,,,,,,Dell,,,,Ongoing,,3,,,2025,,28 Oct 2025,,,,,,09_Sep,,,,,,,,"$127,000.00",30,35,Invoice Raised,Between 31 to 45 Days,AMENDMENT NO. 8 TO Dell_Aligned Automation Tech Direct SOW Phase 2-Cost of Support Services,,,CSS-25-009-SEPT,,,,,Realised,,,,,24 Sep 2025,,Dell - Gen AI for Support /  Agentic Automation,,,,,
23 Nov 2025,,,,,,,,,Dell,,,,Ongoing,,3,,,2025,,26 Nov 2025,,,,,,10_Oct,,,,,,,,"$127,000.00",30,35,Invoice Raised,Between 31 to 45 Days,AMENDMENT NO. 8 TO Dell_Aligned Automation Tech Direct SOW Phase 2-Cost of Support Services,,,CSS-25-010-OCT,,,,,Realised,,,,,23 Oct 2025,,Dell - Gen AI for Support /  Agentic Automation,,,,,
27 Jul 2025,,,,,,,,,Dell,,,,Ongoing,,0,,,2025,,25 Jul 2025,,,,,,06_Jun,,,,,,,,"$150,000.00",30,30,Invoice Raised,Between 16 to 30 Days,Dell Global Professional Services (GPS) Transformation Blueprint-2025,,,GPS-25-006-JUN,,,,,Realised,,,,,26 Jun 2025,,Dell - Global Prof Services (GPS) Transformation,,,,,
24 May 2025,,,,,,,,,Dell,,,,Ongoing,,3,,,2025,,27 May 2025,,,,,,04_Apr,,,,,,,,"$150,000.00",30,35,Invoice Raised,Between 31 to 45 Days,Dell Global Professional Services (GPS) Transformation Blueprint-2025,,,GPS-25-004-APR,,,,,Realised,,,,,23 Apr 2025,,Dell - Global Prof Services (GPS) Transformation,,,,,
23 Nov 2025,,,,,,,,,Dell,,,,Ongoing,,3,,,2025,,26 Nov 2025,,,,,,10_Oct,,,,,,,,"$150,000.00",30,35,Invoice Raised,Between 31 to 45 Days,Dell Global Professional Services (GPS) Transformation Blueprint-2025,,,GPS-25-010-OCT,,,,,Realised,,,,,23 Oct 2025,,Dell - Global Prof Services (GPS) Transformation,,,,,
25 Oct 2025,,,,,,,,,Dell,,,,Ongoing,,3,,,2025,,28 Oct 2025,,,,,,09_Sep,,,,,,,,"$150,000.00",30,35,Invoice Raised,Between 31 to 45 Days,Dell Global Professional Services (GPS) Transformation Blueprint-2025,,,GPS-25-009-SEPT,,,,,Realised,,,,,24 Sep 2025,,Dell - Global Prof Services (GPS) Transformation,,,,,
24 Feb 2025,,,,,,,,,Dell,,,,Ongoing,,4,,,2025,,28 Feb 2025,,,,,,01_Jan,,,,,,,,"$134,178.00",30,36,Invoice Raised,Between 31 to 45 Days,Dell Global Professional Services (GPS) Transformation Blueprint-2025,,,GPS-25-001-JAN,,,,,Realised,,,,,24 Jan 2025,,Dell - Global Prof Services (GPS) Transformation,,,,,
22 Jun 2025,,,,,,,,,Dell,,,,Ongoing,,3,,,2025,,25 Jun 2025,,,,,,05_May,,,,,,,,"$150,000.00",30,35,Invoice Raised,Between 31 to 45 Days,Dell Global Professional Services (GPS) Transformation Blueprint-2025,,,GPS-25-005-MAY,,,,,Realised,,,,,22 May 2025,,Dell - Global Prof Services (GPS) Transformation,,,,,
23 Feb 2026,,,,,,,,,Dell,,,,,,0,,,2026,,23 Feb 2026,,,,,,01_Jan,,,,,,,,"$150,000.00",30,32,Invoice Raised,Between 31 to 45 Days,Dell Global Professional Services (GPS) Transformation Blueprint-2025,,,GPS-26-001-JAN,,,,,Realised,,,,,23 Jan 2026,PO556687,Dell - Global Prof Services (GPS) Transformation,,,,,
31 Mar 2025,,,,,,,,,Dell,,,,Ongoing,,0,,,2025,,28 Mar 2025,,,,,,02_Feb,,,,,,,,"$150,000.00",30,29,Invoice Raised,Between 16 to 30 Days,Dell Global Professional Services (GPS) Transformation Blueprint-2025,,,GPS-25-002-FEB,,,,,Realised,,,,,28 Feb 2025,,Dell - Global Prof Services (GPS) Transformation,,,,,
21 Dec 2025,,,,,,,,,Dell,,,,Ongoing,,3,,,2025,,24 Dec 2025,,,,,,11_Nov,,,,,,,,"$150,000.00",30,35,Invoice Raised,Between 31 to 45 Days,Dell Global Professional Services (GPS) Transformation Blueprint-2025,,,GPS-25-011-NOV,,,,,Realised,,,,,20 Nov 2025,,Dell - Global Prof Services (GPS) Transformation,,,,,
23 Aug 2025,,,,,,,,,Dell,,,,Ongoing,,3,,,2025,,26 Aug 2025,,,,,,07_Jul,,,,,,,,"$150,000.00",30,35,Invoice Raised,Between 31 to 45 Days,Dell Global Professional Services (GPS) Transformation Blueprint-2025,,,GPS-25-007-JUL,,,,,Realised,,,,,23 Jul 2025,,Dell - Global Prof Services (GPS) Transformation,,,,,
24 Sep 2025,,,,,,,,,Dell,,,,Ongoing,,1,,,2025,,25 Sep 2025,,,,,,08_Aug,,,,,,,,"$150,000.00",30,33,Invoice Raised,Between 31 to 45 Days,Dell Global Professional Services (GPS) Transformation Blueprint-2025,,,GPS-25-008-AUG,,,,,Realised,,,,,24 Aug 2025,,Dell - Global Prof Services (GPS) Transformation,,,,,
25 Apr 2025,,,,,,,,,Dell,,,,Ongoing,,3,,,2025,,28 Apr 2025,,,,,,03_Mar,,,,,,,,"$150,000.00",30,35,Invoice Raised,Between 31 to 45 Days,Dell Global Professional Services (GPS) Transformation Blueprint-2025,,,GPS-25-003-MAR,,,,,Realised,,,,,25 Mar 2025,,Dell - Global Prof Services (GPS) Transformation,,,,,
22 Jan 2026,,,,,,,,,Dell,,,,Ongoing,,1,,,2025,,23 Jan 2026,,,,,,12_Dec,,,,,,,,"$150,000.00",30,33,Invoice Raised,Between 31 to 45 Days,Dell Global Professional Services (GPS) Transformation Blueprint-2025,,,GPS-25-012-DEC,,,,,Realised,,,,,22 Dec 2025,,Dell - Global Prof Services (GPS) Transformation,,,,,
24 Feb 2025,,,,,,,,,Dell,,,,Completed,,4,,,2025,,28 Feb 2025,,,,,,01_Jan,,,,,,,,"$44,000.00",30,36,Invoice Raised,Between 31 to 45 Days,AMENDMENT NO. 2 Data Science,,,DSA-25-001-JAN,,,,,Realised,,,,,24 Jan 2025,,Dell - Graph db - Shalu-Rex,,,,,
16 Mar 2026,,,,,,,,,Dell,,,,,,4,,,2026,,20 Mar 2026,,,,,,01_Jan,,,,,,,,"$303,332.00",30,36,Invoice Raised,Between 31 to 45 Days,"Integrated Field, Care and Business Planning (IBP, Field, Care)",,,IBP-26-001-JAN,,,,,Realised,,,,,13 Feb 2026,PO771838,Dell - IBP - ISG / Field - ISG / Care - ISG & CSG,,,,,
02 Jul 2026,,,,,,,,,Dell,,,,,,,,,2026,,,,,,,,05_May,,,,,,,,"$75,833.00",30,,Invoice Raised,Pending,"Integrated Field, Care and Business Planning (IBP, Field, Care)",,,IBP-26-005-MAY,,,,,Pending,,,,,01 Jun 2026,PO771838 | U02500000000610,Dell - IBP - ISG / Field - ISG / Care - ISG & CSG,,,,,
23 Apr 2026,,,,,,,,,Dell,,,,,,1,,,2026,,24 Apr 2026,,,,,,03_Mar,,,,,,,,"$75,833.00",30,33,Invoice Raised,Between 31 to 45 Days,"Integrated Field, Care and Business Planning (IBP, Field, Care)",,,IBP-26-003-MAR,,,,,Realised,,,,,23 Mar 2026,PO771838,Dell - IBP - ISG / Field - ISG / Care - ISG & CSG,,,,,
27 Mar 2026,,,,,,,,,Dell,,,,,,0,,,2026,,27 Mar 2026,,,,,,02_Feb,,,,,,,,"$75,833.00",30,32,Invoice Raised,Between 31 to 45 Days,"Integrated Field, Care and Business Planning (IBP, Field, Care)",,,IBP-26-002-FEB,,,,,Realised,,,,,24 Feb 2026,PO771838,Dell - IBP - ISG / Field - ISG / Care - ISG &amp; CSG,,,,,
24 May 2026,,,,,,,,,Dell,Paid,,,,,4,,,2026,,28 May 2026,,,,,,04_Apr,,,,,,,,"$75,833.00",30,36,Invoice Raised,Between 31 to 45 Days,"Integrated Field, Care and Business Planning (IBP, Field, Care)",,,IBP-26-004-APR,,,,,Realised,,,,,23 Apr 2026,PO771838,Dell - IBP - ISG / Field - ISG / Care - ISG &amp; CSG,,,,,
23 Apr 2026,,,,,,,,,Dell,,,,,,1,,,2026,,24 Apr 2026,,,,,,03_Mar,,,,,,,,"$16,667.00",30,33,Invoice Raised,Between 31 to 45 Days,AMENDMENT NO. 10 TO Dell_Aligned Automation Fixed Fee Data Science – Phase 2,,,DSA10-26-003-MAR,,,,,Realised,,,,,23 Mar 2026,PO770839,Dell - Knowledge Graphs,,,,,
24 May 2026,,,,,,,,,Dell,Paid,,,,,4,,,2026,,28 May 2026,,,,,,04_Apr,,,,,,,,"$16,666.67",30,36,Invoice Raised,Between 31 to 45 Days,AMENDMENT NO. 10 TO Dell_Aligned Automation Fixed Fee Data Science – Phase 2,,,DSA10-26-004-APR,,,,,Realised,,,,,23 Apr 2026,PO770839,Dell - Knowledge Graphs,,,,,
27 Mar 2026,,,,,,,,,Dell,,,,,,0,,,2026,,27 Mar 2026,,,,,,02_Feb,,,,,,,,"$16,667.00",30,32,Invoice Raised,Between 31 to 45 Days,AMENDMENT NO. 10 TO Dell_Aligned Automation Fixed Fee Data Science – Phase 2,,,DSA10-26-002-FEB,,,,,Realised,,,,,24 Feb 2026,PO770839,Dell - Knowledge Graphs,,,,,
28 Jun 2026,,,,,,,,,Dell,,,,,,,,,2026,,,,,,,,05_May,,,,,,,,"$16,666.67",30,,Invoice Raised,Pending,AMENDMENT NO. 10 TO Dell_Aligned Automation Fixed Fee Data Science – Phase 2,,,DSA10-26-005-MAY,,,,,Pending,,,,,28 May 2026,PO770839,Dell - Knowledge Graphs,,,,,
22 Jan 2026,,,,,,,,,Dell,,,,,,1,,,2025,,23 Jan 2026,,,,,,12_Dec,,,,,,,,"$50,000.00",30,33,Invoice Raised,Between 31 to 45 Days,AMENDMENT NO. 1 To GAM – Data Quality Modernization,,,GAM2-25-001-DEC,,,,,Realised,,,,,22 Dec 2025,,Dell - Magi OTM Telemetry PUC,,,,,
23 Feb 2026,,,,,,,,,Dell,,,,,,0,,,2026,,23 Feb 2026,,,,,,01_Jan,,,,,,,,"$50,000.00",30,32,Invoice Raised,Between 31 to 45 Days,AMENDMENT NO. 1 To GAM – Data Quality Modernization,,,GAM2-26-001-JAN,,,,,Realised,,,,,23 Jan 2026,PO758641,Dell - Magi OTM Telemetry PUC,,,,,
24 Feb 2025,,,,,,,,,Dell,,,,Completed,,4,,,2025,,28 Feb 2025,,,,,,01_Jan,,,,,,,,"$16,663.00",30,36,Invoice Raised,Between 31 to 45 Days,AMENDMENT NO. 5-Data Science – Phase 2-Aditya-Managed Services,,,DS-25-001-JAN,,,,,Realised,,,,,24 Jan 2025,,Dell - Managed Services,,,,,
24 Feb 2025,,,,,,,,,Dell,,,,"Ongoing, Ongoing",,4,,,2025,,28 Feb 2025,,,,,,01_Jan,,,,,,,,"$175,000.00",30,36,Invoice Raised,Between 31 to 45 Days,Managed Services - TechDirect SOW Phase 2 - AMENDMENT NO. 1,,,MSTD-25-001-JAN,,,,,Realised,,,,,24 Jan 2025,,Dell - Managed Services | Dell - Skan Task Mining,,,,,
15 Dec 2025,,,,,,,,,Dell,,,,,,2,,,2025,,17 Dec 2025,,,,,,11_Nov,,,,,,,,"$83,689.00",30,34,Invoice Raised,Between 31 to 45 Days,Market Intelligence – Proof of Concept,,,MIPOC-25-001-NOV,,,,,Realised,,,,,14 Nov 2025,,Dell - Market Intelligence – Proof of Concept,,,,,
28 Jun 2026,,,,,,,,,Dell,,,,,,,,,2026,,,,,,,,05_May,,,,,,,,"$66,666.67",30,,Invoice Raised,Pending,Maverick Surge Support-CO-1,,,MVK-26-001-MAY,,,,,Pending,,,,,28 May 2026,PO785123,Dell - Maverick Surge Support,,,,,
23 Apr 2026,,,,,,,,,Dell,,,,,,1,,,2026,,24 Apr 2026,,,,,,03_Mar,,,,,,,,"$20,800.00",30,33,Invoice Raised,Between 31 to 45 Days,AMENDMENT NO. 20 TO Dell_Aligned Automation Tech Direct SOW Phase 2,,,NLPEA20-26-003-MAR,,,,,Realised,,,,,23 Mar 2026,PO773762,Dell - NLPe (AI),,,,,
27 Mar 2026,,,,,,,,,Dell,,,,,,0,,,2026,,27 Mar 2026,,,,,,02_Feb,,,,,,,,"$20,800.00",30,32,Invoice Raised,Between 31 to 45 Days,AMENDMENT NO. 20 TO Dell_Aligned Automation Tech Direct SOW Phase 2,,,NLPEA20-26-002- FEB,,,,,Realised,,,,,24 Feb 2026,PO773762,Dell - NLPe (AI),,,,,
28 Jun 2026,,,,,,,,,Dell,,,,,,,,,2026,,,,,,,,05_May,,,,,,,,"$20,800.00",30,,Invoice Raised,Pending,AMENDMENT NO. 20 TO Dell_Aligned Automation Tech Direct SOW Phase 2,,,NLPEA20-26-005-MAY,,,,,Pending,,,,,28 May 2026,PO773762 | U03500000000260,Dell - NLPe (AI),,,,,
24 May 2026,,,,,,,,,Dell,Paid,,,,,4,,,2026,,28 May 2026,,,,,,04_Apr,,,,,,,,"$20,800.00",30,36,Invoice Raised,Between 31 to 45 Days,AMENDMENT NO. 20 TO Dell_Aligned Automation Tech Direct SOW Phase 2,,,NLPEA20-26-004-APR,,,,,Realised,,,,,23 Apr 2026,PO773762,Dell - NLPe (AI),,,,,
23 Aug 2025,,,,,,,,,Dell,,,,Ongoing,,3,,,2025,,26 Aug 2025,,,,,,07_Jul,,,,,,,,"$29,120.00",30,35,Invoice Raised,Between 31 to 45 Days,AMENDMENT NO. 11 TO Dell_Aligned Automation Tech Direct SOW Phase 2,,,NLPE-25-002-JUL,,,,,Realised,,,,,23 Jul 2025,,Dell - NLPe (Dev),,,,,
21 Dec 2025,,,,,,,,,Dell,,,,,,3,,,2025,,24 Dec 2025,,,,,,11_Nov,,,,,,,,"$6,720.00",30,35,Invoice Raised,Between 31 to 45 Days,AMENDMENT NO. 15 TO Dell_Aligned Automation Tech Direct SOW Phase 2-NLP,,,NLPE2-25-004-NOV,,,,,Realised,,,,,20 Nov 2025,,Dell - NLPe (Dev),,,,,
23 Nov 2025,,,,,,,,,Dell,,,,Ongoing,,3,,,2025,,26 Nov 2025,,,,,,10_Oct,,,,,,,,"$29,120.00",30,35,Invoice Raised,Between 31 to 45 Days,AMENDMENT NO. 11 TO Dell_Aligned Automation Tech Direct SOW Phase 2,,,NLPE-25-005-OCT,,,,,Realised,,,,,23 Oct 2025,,Dell - NLPe (Dev),,,,,
24 May 2026,,,,,,,,,Dell,Paid,,,,,4,,,2026,,28 May 2026,,,,,,04_Apr,,,,,,,,"$29,120.00",30,36,Invoice Raised,Between 31 to 45 Days,AMENDMENT NO. 16 TO Dell_Aligned Automation Tech Direct SOW Phase 2-NLP,,,NLPEA16-26-004-APR,,,,,Realised,,,,,23 Apr 2026,PO761759,Dell - NLPe (Dev),,,,,
23 Nov 2025,,,,,,,,,Dell,,,,,,3,,,2025,,26 Nov 2025,,,,,,10_Oct,,,,,,,,"$6,720.00",30,35,Invoice Raised,Between 31 to 45 Days,AMENDMENT NO. 15 TO Dell_Aligned Automation Tech Direct SOW Phase 2-NLP,,,NLPE2-25-003-OCT,,,,,Realised,,,,,23 Oct 2025,,Dell - NLPe (Dev),,,,,
27 Mar 2026,,,,,,,,,Dell,,,,,,0,,,2026,,27 Mar 2026,,,,,,02_Feb,,,,,,,,"$29,120.00",30,32,Invoice Raised,Between 31 to 45 Days,AMENDMENT NO. 16 TO Dell_Aligned Automation Tech Direct SOW Phase 2-NLP,,,NLPEA16-26-002- FEB,,,,,Realised,,,,,24 Feb 2026,PO761759,Dell - NLPe (Dev),,,,,
23 Feb 2026,,,,,,,,,Dell,,,,,,0,,,2026,,23 Feb 2026,,,,,,01_Jan,,,,,,,,"$6,720.00",30,32,Invoice Raised,Between 31 to 45 Days,AMENDMENT NO. 15 TO Dell_Aligned Automation Tech Direct SOW Phase 2-NLP,,,NLPE2-26-001-JAN,,,,,Realised,,,,,23 Jan 2026,PO723286,Dell - NLPe (Dev),,,,,
27 Jul 2025,,,,,,,,,Dell,,,,Ongoing,,2,,,2025,,29 Jul 2025,,,,,,06_Jun,,,,,,,,"$5,712.00",30,34,Invoice Raised,Between 31 to 45 Days,AMENDMENT NO. 11 TO Dell_Aligned Automation Tech Direct SOW Phase 2,,,NLPE-25-001-JUN,,,,,Realised,,,,,26 Jun 2025,,Dell - NLPe (Dev),,,,,
25 Oct 2025,,,,,,,,,Dell,,,,,,3,,,2025,,28 Oct 2025,,,,,,09_Sep,,,,,,,,"$6,720.00",30,35,Invoice Raised,Between 31 to 45 Days,AMENDMENT NO. 15 TO Dell_Aligned Automation Tech Direct SOW Phase 2-NLP,,,NLPE2-25-002-SEPT,,,,,Realised,,,,,24 Sep 2025,,Dell - NLPe (Dev),,,,,
25 Oct 2025,,,,,,,,,Dell,,,,Ongoing,,3,,,2025,,28 Oct 2025,,,,,,09_Sep,,,,,,,,"$29,120.00",30,35,Invoice Raised,Between 31 to 45 Days,AMENDMENT NO. 11 TO Dell_Aligned Automation Tech Direct SOW Phase 2,,,NLPE-25-004-SEPT,,,,,Realised,,,,,24 Sep 2025,,Dell - NLPe (Dev),,,,,
22 Jan 2026,,,,,,,,,Dell,,,,,,12,,,2025,,03 Feb 2026,,,,,,12_Dec,,,,,,,,"$6,720.00",30,44,Invoice Raised,Between 31 to 45 Days,AMENDMENT NO. 15 TO Dell_Aligned Automation Tech Direct SOW Phase 2-NLP,,,NLPE2-25-005-DEC,,,,,Realised,,,,,22 Dec 2025,,Dell - NLPe (Dev),,,,,
21 Dec 2025,,,,,,,,,Dell,,,,Ongoing,,3,,,2025,,24 Dec 2025,,,,,,11_Nov,,,,,,,,"$29,120.00",30,35,Invoice Raised,Between 31 to 45 Days,AMENDMENT NO. 11 TO Dell_Aligned Automation Tech Direct SOW Phase 2,,,NLPE-25-006-NOV,,,,,Realised,,,,,20 Nov 2025,,Dell - NLPe (Dev),,,,,
23 Feb 2026,,,,,,,,,Dell,,,,,,0,,,2026,,23 Feb 2026,,,,,,01_Jan,,,,,,,,"$29,120.00",30,32,Invoice Raised,Between 31 to 45 Days,AMENDMENT NO. 16 TO Dell_Aligned Automation Tech Direct SOW Phase 2-NLP,,,NLPE-26-001-JAN,,,,,Realised,,,,,23 Jan 2026,PO761759,Dell - NLPe (Dev),,,,,
23 Jun 2026,,,,,,,,,Dell,,,,,,,,,2026,,,,,,,,05_May,,,,,,,,"$29,120.00",30,,Invoice Raised,Pending,AMENDMENT NO. 16 TO Dell_Aligned Automation Tech Direct SOW Phase 2-NLP,,,NLPEA16-26-005-MAY,,,,,Pending,,,,,23 May 2026,PO761759,Dell - NLPe (Dev),,,,,
23 Apr 2026,,,,,,,,,Dell,,,,,,1,,,2026,,24 Apr 2026,,,,,,03_Mar,,,,,,,,"$29,120.00",30,33,Invoice Raised,Between 31 to 45 Days,AMENDMENT NO. 16 TO Dell_Aligned Automation Tech Direct SOW Phase 2-NLP,,,NLPEA16-26-003-MAR,,,,,Realised,,,,,23 Mar 2026,PO761759,Dell - NLPe (Dev),,,,,
24 Sep 2025,,,,,,,,,Dell,,,,Ongoing,,1,,,2025,,25 Sep 2025,,,,,,08_Aug,,,,,,,,"$29,120.00",30,33,Invoice Raised,Between 31 to 45 Days,AMENDMENT NO. 11 TO Dell_Aligned Automation Tech Direct SOW Phase 2,,,NLPE-25-003-AUG,,,,,Realised,,,,,24 Aug 2025,,Dell - NLPe (Dev),,,,,
24 Sep 2025,,,,,,,,,Dell,,,,,,1,,,2025,,25 Sep 2025,,,,,,08_Aug,,,,,,,,"$3,024.00",30,33,Invoice Raised,Between 31 to 45 Days,AMENDMENT NO. 15 TO Dell_Aligned Automation Tech Direct SOW Phase 2-NLP,,,NLPE2-25-001-AUG,,,,,Realised,,,,,24 Aug 2025,,Dell - NLPe (Dev),,,,,
09 Feb 2026,,,,,,,,,Dell,,,,Ongoing,,2,,,2025,,11 Feb 2026,,,,,,12_Dec,,,,,,,,"$29,120.00",30,34,Invoice Raised,Between 31 to 45 Days,AMENDMENT NO. 11 TO Dell_Aligned Automation Tech Direct SOW Phase 2,,,NLPE-25-007-DEC,,,,,Realised,,,,,09 Jan 2026,,Dell - NLPe (Dev),,,,,
01 Feb 2026,,,,,,,,,Dell,,,,,,0,,,2026,,30 Jan 2026,,,,,,01_Jan,,,,,,,,"$154,167.00",30,30,Invoice Raised,Between 16 to 30 Days,AMENDMENT NO. 10 TO Dell_Aligned Automation Tech Direct SOW Phase 2-Gen AI,,,GENAID-26-001-JAN,,,,,Realised,,,,,01 Jan 2026,PO675942,Dell - Next Best Action,,,,,
03 Apr 2026,,,,,,,,,Dell,,,,,,3,,,2026,,06 Apr 2026,,,,,,03_Mar,,,,,,,,"$154,166.67",30,35,Invoice Raised,Between 31 to 45 Days,AMENDMENT NO. 10 TO Dell_Aligned Automation Tech Direct SOW Phase 2-Gen AI,,,GENAID-26-003-MAR,,,,,Realised,,,,,03 Mar 2026,PO758876,Dell - Next Best Action,,,,,
19 Jul 2026,,,,,,,,,Dell,,,,,,,,,2026,,,,,,,,06_June,,,,,,,,"$154,166.67",30,,Invoice Raised,Pending,AMENDMENT NO. 10 TO Dell_Aligned Automation Tech Direct SOW Phase 2-Gen AI,,,GENAID-26-006-JUN,,,,,,,,,,18 Jun 2026,PO758876 | U02500000001157,Dell - Next Best Action,,,,,
01 Aug 2025,,,,,,,,,Dell,,,,Ongoing,,0,,,2025,,01 Aug 2025,,,,,,07_Jul,,,,,,,,"$154,167.00",30,32,Invoice Raised,Between 31 to 45 Days,AMENDMENT NO. 10 TO Dell_Aligned Automation Tech Direct SOW Phase 2-Gen AI,,,GENAID-25-006-JUL,,,,,Realised,,,,,01 Jul 2025,,Dell - Next Best Action,,,,,
03 Oct 2025,,,,,,,,,Dell,,,,Ongoing,,3,,,2025,,06 Oct 2025,,,,,,09_Sep,,,,,,,,"$154,167.00",30,35,Invoice Raised,Between 31 to 45 Days,AMENDMENT NO. 10 TO Dell_Aligned Automation Tech Direct SOW Phase 2-Gen AI,,,GENAID-25-008-SEPT,,,,,Realised,,,,,02 Sep 2025,,Dell - Next Best Action,,,,,
17 Mar 2025,,,,,,,,,Dell,,,,Ongoing,,2,,,2025,,19 Mar 2025,,,,,,02_Feb,,,,,,,,"$154,167.00",30,34,Invoice Raised,Between 31 to 45 Days,AMENDMENT NO. 10 TO Dell_Aligned Automation Tech Direct SOW Phase 2-Gen AI,,,GENAID25001FEB,,,,,Realised,,,,,14 Feb 2025,,Dell - Next Best Action,,,,,
01 Apr 2025,,,,,,,,,Dell,,,,Ongoing,,1,,,2025,,02 Apr 2025,,,,,,03_Mar,,,,,,,,"$154,167.00",30,33,Invoice Raised,Between 31 to 45 Days,AMENDMENT NO. 10 TO Dell_Aligned Automation Tech Direct SOW Phase 2-Gen AI,,,GENAID25002MAR,,,,,Realised,,,,,01 Mar 2025,,Dell - Next Best Action,,,,,
01 Jun 2026,,,,,,,,,Dell,Paid,,,,,2,,,2026,,03 Jun 2026,,,,,,05_May,,,,,,,,"$154,166.67",30,34,Invoice Raised,Between 31 to 45 Days,AMENDMENT NO. 10 TO Dell_Aligned Automation Tech Direct SOW Phase 2-Gen AI,,,GENAID-26-005-MAY,,,,,Realised,,,,,01 May 2026,PO758876,Dell - Next Best Action,,,,,
05 Mar 2026,,,,,,,,,Dell,,,,,,0,,,2026,,27 Feb 2026,,,,,,02_Feb,,,,,,,,"$154,166.67",30,26,Invoice Raised,Between 16 to 30 Days,AMENDMENT NO. 10 TO Dell_Aligned Automation Tech Direct SOW Phase 2-Gen AI,,,GENAID-26-002-FEB,,,,,Realised,,,,,02 Feb 2026,PO758876,Dell - Next Best Action,,,,,
19 Jan 2026,,,,,,,,,Dell,,,,Ongoing,,2,,,2025,,21 Jan 2026,,,,,,12_Dec,,,,,,,,"$154,167.00",30,34,Invoice Raised,Between 31 to 45 Days,AMENDMENT NO. 10 TO Dell_Aligned Automation Tech Direct SOW Phase 2-Gen AI,,,GENAID-25-011-DEC,,,,,Realised,,,,,19 Dec 2025,,Dell - Next Best Action,,,,,
03 Jul 2025,,,,,,,,,Dell,,,,Ongoing,,4,,,2025,,07 Jul 2025,,,,,,06_Jun,,,,,,,,"$154,167.00",30,36,Invoice Raised,Between 31 to 45 Days,AMENDMENT NO. 10 TO Dell_Aligned Automation Tech Direct SOW Phase 2-Gen AI,,,GENAID-25-005-JUN,,,,,Realised,,,,,02 Jun 2025,,Dell - Next Best Action,,,,,
03 May 2026,,,,,,,,,Dell,,,,,,3,Paid,,2026,,06 May 2026,,,,,,04_Apr,,,,,,,,"$154,166.67",30,35,Invoice Raised,Between 31 to 45 Days,AMENDMENT NO. 10 TO Dell_Aligned Automation Tech Direct SOW Phase 2-Gen AI,,,GENAID-26-004-APR,,,,,Realised,,,,,02 Apr 2026,PO758876,Dell - Next Best Action,,,,,
03 May 2025,,,,,,,,,Dell,,,,Ongoing,,0,,,2025,,02 May 2025,,,,,,04_Apr,,,,,,,,"$154,167.00",30,31,Invoice Raised,Between 31 to 45 Days,AMENDMENT NO. 10 TO Dell_Aligned Automation Tech Direct SOW Phase 2-Gen AI,,,GENAID-25-003-APR,,,,,Realised,,,,,02 Apr 2025,,Dell - Next Best Action,,,,,
01 Nov 2025,,,,,,,,,Dell,,,,Ongoing,,0,,,2025,,31 Oct 2025,,,,,,10_Oct,,,,,,,,"$154,167.00",30,31,Invoice Raised,Between 31 to 45 Days,AMENDMENT NO. 10 TO Dell_Aligned Automation Tech Direct SOW Phase 2-Gen AI,,,GENAID-25-009-OCT,,,,,Realised,,,,,01 Oct 2025,,Dell - Next Best Action,,,,,
01 Jun 2025,,,,,,,,,Dell,,,,Ongoing,,3,,,2025,,04 Jun 2025,,,,,,05_May,,,,,,,,"$154,167.00",30,35,Invoice Raised,Between 31 to 45 Days,AMENDMENT NO. 10 TO Dell_Aligned Automation Tech Direct SOW Phase 2-Gen AI,,,GENAID25004MAY,,,,,Realised,,,,,01 May 2025,,Dell - Next Best Action,,,,,
04 Dec 2025,,,,,,,,,Dell,,,,Ongoing,,1,,,2025,,05 Dec 2025,,,,,,11_Nov,,,,,,,,"$154,167.00",30,33,Invoice Raised,Between 31 to 45 Days,AMENDMENT NO. 10 TO Dell_Aligned Automation Tech Direct SOW Phase 2-Gen AI,,,GENAID-25-010- NOV,,,,,Realised,,,,,03 Nov 2025,,Dell - Next Best Action,,,,,
02 Sep 2025,,,,,,,,,Dell,,,,Ongoing,,2,,,2025,,04 Sep 2025,,,,,,08_Aug,,,,,,,,"$154,167.00",30,34,Invoice Raised,Between 31 to 45 Days,AMENDMENT NO. 10 TO Dell_Aligned Automation Tech Direct SOW Phase 2-Gen AI,,,GENAID-25-007-AUG,,,,,Realised,,,,,02 Aug 2025,,Dell - Next Best Action,,,,,
19 Jun 2026,,,,,,,,,Dell,,,,,,,,,,,,,,,,,06_June,,,,,,,,"$154,166.67",,,Invoice Raised,Pending,AMENDMENT NO. 10 TO Dell_Aligned Automation Tech Direct SOW Phase 2-Gen AI,,,GENAID-26-006-JUN,,,,,,,,,,18 Jun 2026,PO758876 | U02500000001157,Dell - Next Best Action,,,,,
22 Jun 2025,,,,,,,,,Dell,,,,Ongoing,,0,,,2025,,19 Jun 2025,,,,,,05_May,,,,,,,,"$25,000.00",30,29,Invoice Raised,Between 16 to 30 Days,AMENDMENT NO. 4 - Celonis Consulting Services Dell Digital FY'26_Q2,,,CCS-25-005-MAY,,,,,Realised,,,,,22 May 2025,,Dell - Process Mining,,,,,
23 Aug 2025,,,,,,,,,Dell,,,,Ongoing,,3,,,2025,,26 Aug 2025,,,,,,07_Jul,,,,,,,,"$25,000.00",30,35,Invoice Raised,Between 31 to 45 Days,AMENDMENT NO. 4 - Celonis Consulting Services Dell Digital FY'26_Q2,,,CCS-25-007-JUL,,,,,Realised,,,,,23 Jul 2025,,Dell - Process Mining,,,,,
25 Apr 2025,,,,,,,,,Dell,,,,Completed,,3,,,2025,,28 Apr 2025,,,,,,03_Mar,,,,,,,,"$25,000.00",30,35,Invoice Raised,Between 31 to 45 Days,AMENDMENT NO. 3 - Celonis Consulting Services Dell Digital FY'26_Q1,,,CCS-25-003-MAR,,,,,Realised,,,,,25 Mar 2025,,Dell - Process Mining,,,,,
27 Jul 2025,,,,,,,,,Dell,,,,Ongoing,,0,,,2025,,25 Jul 2025,,,,,,06_Jun,,,,,,,,"$25,000.00",30,30,Invoice Raised,Between 16 to 30 Days,AMENDMENT NO. 4 - Celonis Consulting Services Dell Digital FY'26_Q2,,,CCS-25-006-JUN,,,,,Realised,,,,,26 Jun 2025,,Dell - Process Mining,,,,,
24 May 2025,,,,,,,,,Dell,,,,Completed,,3,,,2025,,27 May 2025,,,,,,04_Apr,,,,,,,,"$25,000.00",30,35,Invoice Raised,Between 31 to 45 Days,AMENDMENT NO. 3 - Celonis Consulting Services Dell Digital FY'26_Q1,,,CCS-25-004-APR,,,,,Realised,,,,,23 Apr 2025,,Dell - Process Mining,,,,,
27 Mar 2025,,,,,,,,,Dell,,,,Completed,,1,,,2025,,28 Mar 2025,,,,,,02_Feb,,,,,,,,"$25,000.00",30,33,Invoice Raised,Between 31 to 45 Days,AMENDMENT NO. 3 - Celonis Consulting Services Dell Digital FY'26_Q1,,,CCS-25-002-FEB,,,,,Realised,,,,,24 Feb 2025,,Dell - Process Mining,,,,,
24 Feb 2025,,,,,,,,,Dell,,,,Completed,,4,,,2025,,28 Feb 2025,,,,,,01_Jan,,,,,,,,"$50,000.00",30,36,Invoice Raised,Between 31 to 45 Days,Dell Global Professional Services (GPS) Transformation Blueprint-SKU Cost Update Refresh,,,GPSCO225001JAN,,,,,Realised,,,,,24 Jan 2025,,Dell - SKU Cost Refresh (GPS),,,,,
27 Mar 2025,,,,,,,,,Dell,,,,"Completed, Ongoing, On Hold, Ongoing, Ongoing, Ongoing, Ongoing",,1,,,2025,,28 Mar 2025,,,,,,02_Feb,,,,,,,,"$247,777.00",30,33,Invoice Raised,Between 31 to 45 Days,AMENDMENT NO. 9 TO Dell_Aligned Automation Tech Direct SOW Phase 2-SRU,,,SRU-25-002-FEB,,,,,Realised,,,,,24 Feb 2025,,Dell - SRU Enhancements & Operationalization | Dell – Fraud Prevention | Dell - Digitization & Automation | Dell - 4 NOs | Dell - Intelligent Coaching | Dell - Skan AI | Dell - NLPe (AI + Dev),,,,,
22 Jun 2025,,,,,,,,,Dell,,,,"Completed, Ongoing, On Hold, Ongoing, Ongoing, Ongoing, Ongoing",,3,,,2025,,25 Jun 2025,,,,,,05_May,,,,,,,,"$247,777.00",30,35,Invoice Raised,Between 31 to 45 Days,AMENDMENT NO. 9 TO Dell_Aligned Automation Tech Direct SOW Phase 2-SRU,,,SRU-25-005-MAY,,,,,Realised,,,,,22 May 2025,,Dell - SRU Enhancements & Operationalization | Dell – Fraud Prevention | Dell - Digitization & Automation | Dell - NLPe (AI + Dev) | Dell - 4 NOs | Dell - Intelligent Coaching | Dell - Skan AI,,,,,
24 May 2025,,,,,,,,,Dell,,,,"Completed, Ongoing, On Hold, Ongoing, Ongoing, Ongoing, Ongoing",,3,,,2025,,27 May 2025,,,,,,04_Apr,,,,,,,,"$247,777.00",30,35,Invoice Raised,Between 31 to 45 Days,AMENDMENT NO. 9 TO Dell_Aligned Automation Tech Direct SOW Phase 2-SRU,,,SRU-25-004-APR,,,,,Realised,,,,,23 Apr 2025,,Dell - SRU Enhancements & Operationalization | Dell – Fraud Prevention | Dell - Digitization & Automation | Dell - NLPe (AI + Dev) | Dell - 4 NOs | Dell - Intelligent Coaching | Dell - Skan AI,,,,,
25 Apr 2025,,,,,,,,,Dell,,,,"Completed, Ongoing, On Hold, Ongoing, Ongoing, Ongoing, Ongoing",,3,,,2025,,28 Apr 2025,,,,,,03_Mar,,,,,,,,"$247,777.00",30,35,Invoice Raised,Between 31 to 45 Days,AMENDMENT NO. 9 TO Dell_Aligned Automation Tech Direct SOW Phase 2-SRU,,,SRU-25-003-MAR,,,,,Realised,,,,,25 Mar 2025,,Dell - SRU Enhancements & Operationalization | Dell – Fraud Prevention | Dell - Digitization & Automation | Dell - NLPe (AI + Dev) | Dell - 4 NOs | Dell - Intelligent Coaching | Dell - Skan AI,,,,,
23 Nov 2025,,,,,,,,,Dell,,,,"Completed, Ongoing, On Hold, Ongoing, Ongoing, Ongoing, Ongoing, Ongoing",,3,,,2025,,26 Nov 2025,,,,,,10_Oct,,,,,,,,"$247,777.00",30,35,Invoice Raised,Between 31 to 45 Days,AMENDMENT NO. 9 TO Dell_Aligned Automation Tech Direct SOW Phase 2-SRU,,,SRU-25-010-OCT,,,,,Realised,,,,,23 Oct 2025,,Dell - SRU Enhancements & Operationalization | Dell – Fraud Prevention | Dell - Digitization & Automation | Dell - NLPe (AI + Dev) | Dell - 4 NOs | Dell - Intelligent Coaching | Dell - Skan AI | Dell - Cash Register,,,,,
24 Sep 2025,,,,,,,,,Dell,,,,"Completed, Ongoing, On Hold, Ongoing, Ongoing, Ongoing, Ongoing, Ongoing",,1,,,2025,,25 Sep 2025,,,,,,08_Aug,,,,,,,,"$247,777.00",30,33,Invoice Raised,Between 31 to 45 Days,AMENDMENT NO. 9 TO Dell_Aligned Automation Tech Direct SOW Phase 2-SRU,,,SRU-25-008-AUG,,,,,Realised,,,,,24 Aug 2025,,Dell - SRU Enhancements & Operationalization | Dell – Fraud Prevention | Dell - Digitization & Automation | Dell - NLPe (AI + Dev) | Dell - 4 NOs | Dell - Intelligent Coaching | Dell - Skan AI | Dell - Cash Register,,,,,
27 Jul 2025,,,,,,,,,Dell,,,,"Completed, Ongoing, On Hold, Ongoing, Ongoing, Ongoing, Ongoing, Ongoing",,0,,,2025,,25 Jul 2025,,,,,,06_Jun,,,,,,,,"$247,777.00",30,30,Invoice Raised,Between 16 to 30 Days,AMENDMENT NO. 9 TO Dell_Aligned Automation Tech Direct SOW Phase 2-SRU,,,SRU-25-006-JUN,,,,,Realised,,,,,26 Jun 2025,,Dell - SRU Enhancements & Operationalization | Dell – Fraud Prevention | Dell - Digitization & Automation | Dell - NLPe (AI + Dev) | Dell - 4 NOs | Dell - Intelligent Coaching | Dell - Skan AI | Dell - Cash Register,,,,,
23 Aug 2025,,,,,,,,,Dell,,,,"Completed, Ongoing, On Hold, Ongoing, Ongoing, Ongoing, Ongoing, Ongoing",,3,,,2025,,26 Aug 2025,,,,,,07_Jul,,,,,,,,"$247,777.00",30,35,Invoice Raised,Between 31 to 45 Days,AMENDMENT NO. 9 TO Dell_Aligned Automation Tech Direct SOW Phase 2-SRU,,,SRU-25-007-JUL,,,,,Realised,,,,,23 Jul 2025,,Dell - SRU Enhancements & Operationalization | Dell – Fraud Prevention | Dell - Digitization & Automation | Dell - NLPe (AI + Dev) | Dell - 4 NOs | Dell - Intelligent Coaching | Dell - Skan AI | Dell - Cash Register,,,,,
22 Jan 2026,,,,,,,,,Dell,,,,"Completed, Ongoing, On Hold, Ongoing, Ongoing, Ongoing, Ongoing, Ongoing",,1,,,2025,,23 Jan 2026,,,,,,12_Dec,,,,,,,,"$247,777.00",30,33,Invoice Raised,Between 31 to 45 Days,AMENDMENT NO. 9 TO Dell_Aligned Automation Tech Direct SOW Phase 2-SRU,,,SRU-25-012-DEC,,,,,Realised,,,,,22 Dec 2025,,Dell - SRU Enhancements & Operationalization | Dell – Fraud Prevention | Dell - Digitization & Automation | Dell - NLPe (AI + Dev) | Dell - 4 NOs | Dell - Intelligent Coaching | Dell - Skan AI | Dell - Cash Register,,,,,
21 Dec 2025,,,,,,,,,Dell,,,,"Completed, Ongoing, On Hold, Ongoing, Ongoing, Ongoing, Ongoing, Ongoing",,3,,,2025,,24 Dec 2025,,,,,,11_Nov,,,,,,,,"$247,777.00",30,35,Invoice Raised,Between 31 to 45 Days,AMENDMENT NO. 9 TO Dell_Aligned Automation Tech Direct SOW Phase 2-SRU,,,SRU-25-011-NOV,,,,,Realised,,,,,20 Nov 2025,,Dell - SRU Enhancements & Operationalization | Dell – Fraud Prevention | Dell - Digitization & Automation | Dell - NLPe (AI + Dev) | Dell - 4 NOs | Dell - Intelligent Coaching | Dell - Skan AI | Dell - Cash Register,,,,,
25 Oct 2025,,,,,,,,,Dell,,,,"Completed, Ongoing, On Hold, Ongoing, Ongoing, Ongoing, Ongoing, Ongoing",,3,,,2025,,28 Oct 2025,,,,,,09_Sep,,,,,,,,"$247,777.00",30,35,Invoice Raised,Between 31 to 45 Days,AMENDMENT NO. 9 TO Dell_Aligned Automation Tech Direct SOW Phase 2-SRU,,,SRU-25-009-SEPT,,,,,Realised,,,,,24 Sep 2025,,Dell - SRU Enhancements & Operationalization | Dell – Fraud Prevention | Dell - Digitization & Automation | Dell - NLPe (AI + Dev) | Dell - 4 NOs | Dell - Intelligent Coaching | Dell - Skan AI | Dell - Cash Register,,,,,
23 Feb 2026,,,,,,,,,Dell,,,,,,0,,,2026,,23 Feb 2026,,,,,,01_Jan,,,,,,,,"$247,777.00",30,32,Invoice Raised,Between 31 to 45 Days,AMENDMENT NO. 9 TO Dell_Aligned Automation Tech Direct SOW Phase 2-SRU,,,SRU-26-001-JAN,,,,,Realised,,,,,23 Jan 2026,PO676042,Dell - SRU Enhancements & Operationalization | Dell – Fraud Prevention | Dell - Digitization & Automation | Dell - NLPe (AI + Dev) | Dell - 4 NOs | Dell - Intelligent Coaching | Dell - Skan AI | Dell - Cash Register,,,,,
06 Feb 2025,,,,,,,,,Dell,,,,"Completed, Completed",,1,,,2025,,07 Feb 2025,,,,,,01_Jan,,,,,,,,"$247,777.00",30,33,Invoice Raised,Between 31 to 45 Days,AMENDMENT NO. 7 TO Dell_Aligned Automation TechDirect SOW Phase 2 (SRU),,,SRU-24-009-JAN,,,,,Realised,,,,,06 Jan 2025,,Dell - SRU Intelligence | Dell - NLPe (SRU Extension) |  Dell - Offer Lifecycle Process - Discovery & Optimization,,,,,
27 Mar 2025,,,,,,,,,Dell,,,,"Ongoing, Ongoing, Ongoing, Completed",,1,,,2025,,28 Mar 2025,,,,,,02_Feb,,,,,,,,"$175,000.00",30,33,Invoice Raised,Between 31 to 45 Days,Managed Services - TechDirect SOW Phase 2 - AMENDMENT NO. 1,,,MSTD-25-002-FEB,,,,,Realised,,,,,24 Feb 2025,,Dell - Telemetry Intelligence | Dell - Personalization AI/GenAI | Dell - Knowledge Graphs | Dell - Customer MDR Insights / New priorities,,,,,
25 Oct 2025,,,,,,,,,Dell,,,,"Ongoing, Ongoing, Ongoing, Ongoing",,3,,,2025,,28 Oct 2025,,,,,,09_Sep,,,,,,,,"$175,000.00",30,35,Invoice Raised,Between 31 to 45 Days,Managed Services - TechDirect SOW Phase 2 - AMENDMENT NO. 1,,,MSTD-25-009-SEPT,,,,,Realised,,,,,24 Sep 2025,,Dell - Telemetry Intelligence | Dell - Personalization AI/GenAI | Dell - Knowledge Graphs | Dell -MMPD,,,,,
24 May 2025,,,,,,,,,Dell,,,,"Ongoing, Ongoing, Ongoing, Ongoing",,3,,,2025,,27 May 2025,,,,,,04_Apr,,,,,,,,"$175,000.00",30,35,Invoice Raised,Between 31 to 45 Days,Managed Services - TechDirect SOW Phase 2 - AMENDMENT NO. 1,,,MSTD-25-004-APR,,,,,Realised,,,,,23 Apr 2025,,Dell - Telemetry Intelligence | Dell - Personalization AI/GenAI | Dell - Knowledge Graphs | Dell -MMPD,,,,,
27 Mar 2026,,,,,,,,,Dell,,,,,,0,,,2026,,27 Mar 2026,,,,,,02_Feb,,,,,,,,"$175,000.00",30,32,Invoice Raised,Between 31 to 45 Days,Managed Services - TechDirect SOW Phase 2 - AMENDMENT NO. 1,,,MSTD-26-002-FEB,,,,,Realised,,,,,24 Feb 2026,PO762392,Dell - Telemetry Intelligence | Dell - Personalization AI/GenAI | Dell - Knowledge Graphs | Dell -MMPD,,,,,
27 Jul 2025,,,,,,,,,Dell,,,,"Ongoing, Ongoing, Ongoing, Ongoing",,0,,,2025,,25 Jul 2025,,,,,,06_Jun,,,,,,,,"$175,000.00",30,30,Invoice Raised,Between 16 to 30 Days,Managed Services - TechDirect SOW Phase 2 - AMENDMENT NO. 1,,,MSTD-25-006-JUN,,,,,Realised,,,,,26 Jun 2025,,Dell - Telemetry Intelligence | Dell - Personalization AI/GenAI | Dell - Knowledge Graphs | Dell -MMPD,,,,,
25 Apr 2025,,,,,,,,,Dell,,,,"Ongoing, Ongoing, Ongoing, Ongoing",,3,,,2025,,28 Apr 2025,,,,,,03_Mar,,,,,,,,"$175,000.00",30,35,Invoice Raised,Between 31 to 45 Days,Managed Services - TechDirect SOW Phase 2 - AMENDMENT NO. 1,,,MSTD-25-003-MAR,,,,,Realised,,,,,25 Mar 2025,,Dell - Telemetry Intelligence | Dell - Personalization AI/GenAI | Dell - Knowledge Graphs | Dell -MMPD,,,,,
23 Aug 2025,,,,,,,,,Dell,,,,"Ongoing, Ongoing, Ongoing, Ongoing",,3,,,2025,,26 Aug 2025,,,,,,07_Jul,,,,,,,,"$175,000.00",30,35,Invoice Raised,Between 31 to 45 Days,Managed Services - TechDirect SOW Phase 2 - AMENDMENT NO. 1,,,MSTD-25-007-JUL,,,,,Realised,,,,,23 Jul 2025,,Dell - Telemetry Intelligence | Dell - Personalization AI/GenAI | Dell - Knowledge Graphs | Dell -MMPD,,,,,
29 Dec 2025,,,,,,,,,Dell,,,,"Ongoing, Ongoing, Ongoing, Ongoing",,2,,,2025,,31 Dec 2025,,,,,,11_Nov,,,,,,,,"$175,000.00",30,34,Invoice Raised,Between 31 to 45 Days,Managed Services - TechDirect SOW Phase 2 - AMENDMENT NO. 1,,,MSTD-25-011-NOV,,,,,Realised,,,,,28 Nov 2025,,Dell - Telemetry Intelligence | Dell - Personalization AI/GenAI | Dell - Knowledge Graphs | Dell -MMPD,,,,,
23 Nov 2025,,,,,,,,,Dell,,,,"Ongoing, Ongoing, Ongoing, Ongoing",,3,,,2025,,26 Nov 2025,,,,,,10_Oct,,,,,,,,"$175,000.00",30,35,Invoice Raised,Between 31 to 45 Days,Managed Services - TechDirect SOW Phase 2 - AMENDMENT NO. 1,,,MSTD-25-010-OCT,,,,,Realised,,,,,23 Oct 2025,,Dell - Telemetry Intelligence | Dell - Personalization AI/GenAI | Dell - Knowledge Graphs | Dell -MMPD,,,,,
24 Sep 2025,,,,,,,,,Dell,,,,"Ongoing, Ongoing, Ongoing, Ongoing",,1,,,2025,,25 Sep 2025,,,,,,08_Aug,,,,,,,,"$175,000.00",30,33,Invoice Raised,Between 31 to 45 Days,Managed Services - TechDirect SOW Phase 2 - AMENDMENT NO. 1,,,MSTD-25-008-AUG,,,,,Realised,,,,,24 Aug 2025,,Dell - Telemetry Intelligence | Dell - Personalization AI/GenAI | Dell - Knowledge Graphs | Dell -MMPD,,,,,
22 Jun 2025,,,,,,,,,Dell,,,,"Ongoing, Ongoing, Ongoing, Ongoing",,3,,,2025,,25 Jun 2025,,,,,,05_May,,,,,,,,"$175,000.00",30,35,Invoice Raised,Between 31 to 45 Days,Managed Services - TechDirect SOW Phase 2 - AMENDMENT NO. 1,,,MSTD-25-005-MAY,,,,,Realised,,,,,22 May 2025,,Dell - Telemetry Intelligence | Dell - Personalization AI/GenAI | Dell - Knowledge Graphs | Dell -MMPD,,,,,
23 Feb 2026,,,,,,,,,Dell,,,,,,0,,,2026,,23 Feb 2026,,,,,,01_Jan,,,,,,,,"$175,000.00",30,32,Invoice Raised,Between 31 to 45 Days,Managed Services - TechDirect SOW Phase 2 - AMENDMENT NO. 1,,,MSTD-26-001-JAN,,,,,Realised,,,,,23 Jan 2026,PO754235,Dell - Telemetry Intelligence | Dell - Personalization AI/GenAI | Dell - Knowledge Graphs | Dell -MMPD,,,,,
22 Jan 2026,,,,,,,,,Dell,,,,"Ongoing, Ongoing, Ongoing, Ongoing",,1,,,2025,,23 Jan 2026,,,,,,12_Dec,,,,,,,,"$175,000.00",30,33,Invoice Raised,Between 31 to 45 Days,Managed Services - TechDirect SOW Phase 2 - AMENDMENT NO. 1,,,MSTD-25-012-DEC,,,,,Realised,,,,,22 Dec 2025,,Dell - Telemetry Intelligence | Dell - Personalization AI/GenAI | Dell - Knowledge Graphs | Dell -MMPD,,,,,
28 Jun 2026,,,,,,,,,Dell,,,,,,,,,2026,,,,,,,,05_May,,,,,,,,"$175,000.00",30,,Invoice Raised,Pending,Managed Services - TechDirect SOW Phase 2 - AMENDMENT NO. 1,,,MSTD-26-005-MAY,,,,,Pending,,,,,28 May 2026,PO762392,Dell - Telemetry Intelligence | Dell - Personalization AI/GenAI | Dell - Knowledge Graphs | Dell -MMPD,,,,,
23 Apr 2026,,,,,,,,,Dell,,,,,,1,,,2026,,24 Apr 2026,,,,,,03_Mar,,,,,,,,"$175,000.00",30,33,Invoice Raised,Between 31 to 45 Days,Managed Services - TechDirect SOW Phase 2 - AMENDMENT NO. 1,,,MSTD-26-003-MAR,,,,,Realised,,,,,23 Mar 2026,PO762392,Dell - Telemetry Intelligence | Dell - Personalization AI/GenAI | Dell - Knowledge Graphs | Dell -MMPD,,,,,
24 May 2026,,,,,,,,,Dell,Paid,,,,,4,,,2026,,28 May 2026,,,,,,04_Apr,,,,,,,,"$175,000.00",30,36,Invoice Raised,Between 31 to 45 Days,Managed Services - TechDirect SOW Phase 2 - AMENDMENT NO. 1,,,MSTD-26-004-APR,,,,,Realised,,,,,23 Apr 2026,PO762392,Dell - Telemetry Intelligence | Dell - Personalization AI/GenAI | Dell - Knowledge Graphs | Dell -MMPD,,,,,
25 Oct 2025,,,,,,,,,Dell,,,,Ongoing,,3,,,2025,,28 Oct 2025,,,,,,09_Sep,,,,,,,,"$20,800.00",30,35,Invoice Raised,Between 31 to 45 Days,Dell-University of Tennessee - Data Engineer-CO-3,,,UTN-25-006-SEPT,,,,,Realised,,,,,24 Sep 2025,,Dell - University of Tennessee (External),,,,,
27 Mar 2025,,,,,,,,,Dell,,,,Completed,,1,,,2025,,28 Mar 2025,,,,,,02_Feb,,,,,,,,"$18,625.00",30,33,Invoice Raised,Between 31 to 45 Days,Dell-University of Tennessee - Data Engineer-CO-1,,,UTN-25-002-FEB,,,,,Realised,,,,,24 Feb 2025,,Dell - University of Tennessee (External),,,,,
24 Sep 2025,,,,,,,,,Dell,,,,Ongoing,,1,,,2025,,25 Sep 2025,,,,,,08_Aug,,,,,,,,"$20,800.00",30,33,Invoice Raised,Between 31 to 45 Days,Dell-University of Tennessee - Data Engineer-CO-3,,,UTN-25-005-AUG,,,,,Realised,,,,,24 Aug 2025,,Dell - University of Tennessee (External),,,,,
24 Feb 2025,,,,,,,,,Dell,,,,Ongoing,,4,,,2025,,28 Feb 2025,,,,,,01_Jan,,,,,,,,"$20,000.00",30,36,Invoice Raised,Between 31 to 45 Days,Dell-University of Tennessee - Data Engineer-CO-1,,,UTN-25-001-JAN,,,,,Realised,,,,,24 Jan 2025,,Dell - University of Tennessee (External),,,,,
04 May 2025,,,,,,,,,Dell,,,,Completed,,3,,,2025,,07 May 2025,,,,,,03_Mar,,,,,,,,"$20,000.00",30,35,Invoice Raised,Between 31 to 45 Days,Dell-University of Tennessee - Data Engineer-CO-1 | Dell-University of Tennessee - Data Engineer-CO-2,,,UTN-25-003-MAR,,,,,Realised,,,,,03 Apr 2025,,Dell - University of Tennessee (External),,,,,
23 Aug 2025,,,,,,,,,Dell,,,,Ongoing,,3,,,2025,,26 Aug 2025,,,,,,07_Jul,,,,,,,,"$20,800.00",30,35,Invoice Raised,Between 31 to 45 Days,Dell-University of Tennessee - Data Engineer-CO-3,,,UTN-25-004-JUL,,,,,Realised,,,,,23 Jul 2025,,Dell - University of Tennessee (External),,,,,
22 Jan 2026,,,,,,,,,Dell,,,,Ongoing,,8,,,2025,,30 Jan 2026,,,,,,12_Dec,,,,,,,,"$233,333.33",30,40,Invoice Raised,Between 31 to 45 Days,Workforce Operations Modernization,,,WFO-25-012-DEC,,,,,Realised,,,,,22 Dec 2025,,Dell - WFO (Workforce Operations Modernization),,,,,
27 Mar 2025,,,,,,,,,Dell,,,,Ongoing,,1,,,2025,,28 Mar 2025,,,,,,02_Feb,,,,,,,,"$127,000.00",30,33,Invoice Raised,Between 31 to 45 Days,AMENDMENT NO. 8 TO Dell_Aligned Automation Tech Direct SOW Phase 2-Cost of Support Services,,,CSS-25-002-FEB,,,,,Realised,,,,,24 Feb 2025,,Dell - WFO (Workforce Operations Modernization),,,,,
28 Feb 2026,,,,,,,,,Dell,,,,,,0,,,2026,,27 Feb 2026,,,,,,01_Jan,,,,,,,,"$141,633.33",30,31,Invoice Raised,Between 31 to 45 Days,Workforce Operations Modernization,,,WFO-26-001A-JAN,,,,,Realised,,,,,28 Jan 2026,PO754898,Dell - WFO (Workforce Operations Modernization),,,,,
28 Feb 2026,,,,,,,,,Dell,,,,,,0,,,2026,,27 Feb 2026,,,,,,01_Jan,,,,,,,,"$91,700.00",30,31,Invoice Raised,Between 31 to 45 Days,Workforce Operations Modernization,,,WFO-26-001B-JAN,,,,,Realised,,,,,28 Jan 2026,PO690155,Dell - WFO (Workforce Operations Modernization),,,,,
27 Mar 2026,,,,,,,,,Dell,,,,,,0,,,2026,,27 Mar 2026,,,,,,02_Feb,,,,,,,,"$202,083.33",30,32,Invoice Raised,Between 31 to 45 Days,Workforce Operations Modernization,,,WFO-26-002-FEB,,,,,Realised,,,,,24 Feb 2026,PO772343,Dell - WFO (Workforce Operations Modernization),,,,,
24 May 2026,,,,,,,,,Dell,Paid,,,,,4,,,2026,,28 May 2026,,,,,,04_Apr,,,,,,,,"$202,083.33",30,36,Invoice Raised,Between 31 to 45 Days,Workforce Operations Modernization,,,WFO-26-004-APR,,,,,Realised,,,,,23 Apr 2026,PO772343,Dell - WFO (Workforce Operations Modernization),,,,,
25 Oct 2025,,,,,,,,,Dell,,,,Ongoing,,3,,,2025,,28 Oct 2025,,,,,,09_Sep,,,,,,,,"$233,333.33",30,35,Invoice Raised,Between 31 to 45 Days,Workforce Operations Modernization,,,WFO-25-009-SEPT,,,,,Realised,,,,,24 Sep 2025,,Dell - WFO (Workforce Operations Modernization),,,,,
23 Aug 2025,,,,,,,,,Dell,,,,Ongoing,,3,,,2025,,26 Aug 2025,,,,,,07_Jul,,,,,,,,"$233,333.00",30,35,Invoice Raised,Between 31 to 45 Days,Workforce Operations Modernization,,,WFO-25-007-JUL,,,,,Realised,,,,,23 Jul 2025,,Dell - WFO (Workforce Operations Modernization),,,,,
28 Jun 2026,,,,,,,,,Dell,,,,,,,,,2026,,,,,,,,05_May,,,,,,,,"$202,083.33",30,,Invoice Raised,Pending,Workforce Operations Modernization,,,WFO-26-005-MAY,,,,,Pending,,,,,28 May 2026,PO772343 | U03500000000311,Dell - WFO (Workforce Operations Modernization),,,,,
22 Jun 2025,,,,,,,,,Dell,,,,Ongoing,,5,,,2025,,27 Jun 2025,,,,,,05_May,,,,,,,,"$233,333.00",30,37,Invoice Raised,Between 31 to 45 Days,Workforce Operations Modernization,,,WFO-25-005-MAY,,,,,Realised,,,,,22 May 2025,,Dell - WFO (Workforce Operations Modernization),,,,,
24 May 2025,,,,,,,,,Dell,,,,Ongoing,,3,,,2025,,27 May 2025,,,,,,04_Apr,,,,,,,,"$136,000.00",30,35,Invoice Raised,Between 31 to 45 Days,Workforce Operations Modernization,,,WFO-25-004-APR,,,,,Realised,,,,,23 Apr 2025,,Dell - WFO (Workforce Operations Modernization),,,,,
23 Nov 2025,,,,,,,,,Dell,,,,Ongoing,,3,,,2025,,26 Nov 2025,,,,,,10_Oct,,,,,,,,"$233,333.33",30,35,Invoice Raised,Between 31 to 45 Days,Workforce Operations Modernization,,,WFO-25-010-OCT,,,,,Realised,,,,,23 Oct 2025,,Dell - WFO (Workforce Operations Modernization),,,,,
24 Sep 2025,,,,,,,,,Dell,,,,Ongoing,,1,,,2025,,25 Sep 2025,,,,,,08_Aug,,,,,,,,"$233,333.00",30,33,Invoice Raised,Between 31 to 45 Days,Workforce Operations Modernization,,,WFO-25-008-AUG,,,,,Realised,,,,,24 Aug 2025,,Dell - WFO (Workforce Operations Modernization),,,,,
23 Apr 2026,,,,,,,,,Dell,,,,,,1,,,2026,,24 Apr 2026,,,,,,03_Mar,,,,,,,,"$202,083.33",30,33,Invoice Raised,Between 31 to 45 Days,Workforce Operations Modernization,,,WFO-26-003-MAR,,,,,Realised,,,,,23 Mar 2026,PO772343,Dell - WFO (Workforce Operations Modernization),,,,,
21 Dec 2025,,,,,,,,,Dell,,,,Ongoing,,3,,,2025,,24 Dec 2025,,,,,,11_Nov,,,,,,,,"$233,333.33",30,35,Invoice Raised,Between 31 to 45 Days,Workforce Operations Modernization,,,WFO-25-011-NOV,,,,,Realised,,,,,20 Nov 2025,,Dell - WFO (Workforce Operations Modernization),,,,,
27 Jul 2025,,,,,,,,,Dell,,,,Ongoing,,0,,,2025,,25 Jul 2025,,,,,,06_Jun,,,,,,,,"$233,333.00",30,30,Invoice Raised,Between 16 to 30 Days,Workforce Operations Modernization,,,WFO-25-006-JUN,,,,,Realised,,,,,26 Jun 2025,,Dell - WFO (Workforce Operations Modernization),,,,,
25 Apr 2025,,,,,,,,,Dell,,,,Ongoing,,12,,,2025,,07 May 2025,,,,,,03_Mar,,,,,,,,"$136,000.00",30,44,Invoice Raised,Between 31 to 45 Days,Workforce Operations Modernization,,,WFO-25-003-MAR,,,,,Realised,,,,,25 Mar 2025,,Dell - WFO (Workforce Operations Modernization),,,,,
15 Feb 2025,,,,,,,,,Dell,,,,"Completed, Completed, Completed",,4,,,2025,,19 Feb 2025,,,,,,01_Jan,,,,,,,,"$70,833.00",30,36,Invoice Raised,Between 31 to 45 Days,AMENDMENT NO. 5 TechDirect SOW Phase 2-AI | GenAI and Digitalization/Automation,,,GENAID24012JAN,,,,,Realised,,,,,15 Jan 2025,,Dell – TechDirect Ph2 - FPE UI | Dell – TechDirect Ph2 - NBA | Dell – TechDirect Ph2 - Chat Analytics,,,,,
23 Feb 2026,,,,,,,,,Dell,,,,,,0,,,2026,,23 Feb 2026,,,,,,01_Jan,,,,,,,,"$125,000.00",30,32,Invoice Raised,Between 31 to 45 Days,GAM – Data Quality Modernization,,,GAM-26-001-JAN,,,,,Realised,,,,,23 Jan 2026,PO755280,Dell- GAM – Data Modernization Project,,,,,
22 Jan 2026,,,,,,,,,Dell,,,,,,1,,,2025,,23 Jan 2026,,,,,,12_Dec,,,,,,,,"$125,000.00",30,33,Invoice Raised,Between 31 to 45 Days,GAM – Data Quality Modernization,,,GAM-25-005-DEC,,,,,Realised,,,,,22 Dec 2025,,Dell- GAM – Data Modernization Project,,,,,
06 Oct 2025,,,,,,,,,Dell,,,,Ongoing,,2,,,2025,,08 Oct 2025,,,,,,08_Aug,,,,,,,,"$53,667.00",30,34,Invoice Raised,Between 31 to 45 Days,GAM – Data Quality Modernization,,,GAM-25-002-AUG,,,,,Realised,,,,,05 Sep 2025,,Dell- GAM – Data Modernization Project,,,,,
25 Oct 2025,,,,,,,,,Dell,,,,Ongoing,,3,,,2025,,28 Oct 2025,,,,,,09_Sep,,,,,,,,"$53,667.00",30,35,Invoice Raised,Between 31 to 45 Days,GAM – Data Quality Modernization,,,GAM-25-003-SEPT,,,,,Realised,,,,,24 Sep 2025,,Dell- GAM – Data Modernization Project,,,,,
23 Aug 2025,,,,,,,,,Dell,,,,Ongoing,,3,,,2025,,26 Aug 2025,,,,,,07_Jul,,,,,,,,"$53,667.00",30,35,Invoice Raised,Between 31 to 45 Days,GAM – Data Quality Modernization,,,GAM-25-001-JUL,,,,,Realised,,,,,23 Jul 2025,,Dell- GAM – Data Modernization Project,,,,,
28 Jun 2026,,,,,,,,,Dell,,,,,,,,,2026,,,,,,,,05_May,,,,,,,,"$83,333.33",30,,Invoice Raised,Pending,GAM Change Order 2,,,GAM2-26-005-MAY,,,,,Pending,,,,,28 May 2026,PO787925,Dell- GAM – Data Modernization Project Phase 2,,,,,
25 May 2026,,,,,,,,,Dell,Paid,,,,,3,,,2026,,28 May 2026,,,,,,04_Apr,,,,,,,,"$83,333.33",30,35,Invoice Raised,Between 31 to 45 Days,GAM Change Order 2,,,GAM2-26-004-APR,,,,,Realised,,,,,24 Apr 2026,PO787925,Dell- GAM – Data Modernization Project Phase 2,,,,,
30 Nov 2025,,,,,,,,,AIS / Eli Lilly,,,,Ongoing,,5,,,2025,,05 Dec 2025,,,,,,09_Sep,,,,,,,,"$12,806.00",65,72,Invoice Raised,Above 60 Days,Lilly Advanced Therapeutics Infrastructure Support,,,AIS-ATIS-25-04,,,,,Realised,,,,,25 Sep 2025,,Eli Lilly - Advanced Therapeutics Infrastructure Support,,,,,
04 Sep 2025,,,,,,,,,AIS / Eli Lilly,,,,Ongoing,,7,,,2025,,11 Sep 2025,,,,,,06_Jun,,,,,,,,"$5,018.00",65,74,Invoice Raised,Above 60 Days,Lilly Advanced Therapeutics Infrastructure Support,,,AIS-ATIS-25-01,,,,,Realised,,,,,30 Jun 2025,,Eli Lilly - Advanced Therapeutics Infrastructure Support,,,,,
08 May 2026,,,,,,,,,AIS / Eli Lilly,,,,,,0,Paid,,2026,,06 May 2026,,,,,,02_Feb,,,,,,,,"$12,805.60",65,65,Invoice Raised,Above 60 Days,Lilly Advanced Therapeutics Infrastructure Support,,,AIS-ATIS-26-02,,,,,Realised,,,,,03 Mar 2026,AIS00498274,Eli Lilly - Advanced Therapeutics Infrastructure Support,,,,,
27 Jan 2026,,,,,,,,,AIS / Eli Lilly,,,,Ongoing,,3,,,2025,,30 Jan 2026,,,,,,11_Nov,,,,,,,,"$12,806.00",65,70,Invoice Raised,Above 60 Days,Lilly Advanced Therapeutics Infrastructure Support,,,AIS-ATIS-25-06,,,,,Realised,,,,,22 Nov 2025,,Eli Lilly - Advanced Therapeutics Infrastructure Support,,,,,
02 Aug 2026,,,,,,,,,AIS / Eli Lilly,,,,,,,,,2026,,,,,,,,05_May,,,,,,,,"$12,805.00",65,,Invoice Raised,Pending,Lilly Advanced Therapeutics Infrastructure Support,,,AIS-ATIS-26-05,,,,,Pending,,,,,28 May 2026,AIS00498274,Eli Lilly - Advanced Therapeutics Infrastructure Support,,,,,
01 Jan 2026,,,,,,,,,AIS / Eli Lilly,,,,Ongoing,,11,,,2025,,12 Jan 2026,,,,,,10_Oct,,,,,,,,"$12,806.00",65,78,Invoice Raised,Above 60 Days,Lilly Advanced Therapeutics Infrastructure Support,,,AIS-ATIS-25-05,,,,,Realised,,,,,27 Oct 2025,,Eli Lilly - Advanced Therapeutics Infrastructure Support,,,,,
02 Oct 2025,,,,,,,,,AIS / Eli Lilly,,,,Ongoing,,20,,,2025,,22 Oct 2025,,,,,,07_Jul,,,,,,,,"$12,806.00",65,87,Invoice Raised,Above 60 Days,Lilly Advanced Therapeutics Infrastructure Support,,,AIS-ATIS-25-02,,,,,Realised,,,,,28 Jul 2025,,Eli Lilly - Advanced Therapeutics Infrastructure Support,,,,,
04 Jun 2026,,,,,,,,,AIS / Eli Lilly,Paid,,,,,0,,,2026,,04 Jun 2026,,,,,,03_Mar,,,,,,,,"$12,805.00",65,67,Invoice Raised,Above 60 Days,Lilly Advanced Therapeutics Infrastructure Support,,,AIS-ATIS-26-03,,,,,Realised,,,,,30 Mar 2026,AIS00498274,Eli Lilly - Advanced Therapeutics Infrastructure Support,,,,,
03 Nov 2025,,,,,,,,,AIS / Eli Lilly,,,,Ongoing,,16,,,2025,,19 Nov 2025,,,,,,08_Aug,,,,,,,,"$12,806.00",65,83,Invoice Raised,Above 60 Days,Lilly Advanced Therapeutics Infrastructure Support,,,AIS-ATIS-25-03,,,,,Realised,,,,,29 Aug 2025,,Eli Lilly - Advanced Therapeutics Infrastructure Support,,,,,
02 Jul 2026,,,,,,,,,AIS / Eli Lilly,,,,,,,,,2026,,,,,,,,04_Apr,,,,,,,,"$12,805.00",65,,Invoice Raised,Pending,Lilly Advanced Therapeutics Infrastructure Support,,,AIS-ATIS-26-04,,,,,Pending,,,,,27 Apr 2026,AIS00498274,Eli Lilly - Advanced Therapeutics Infrastructure Support,,,,,
26 Feb 2026,,,,,,,,,AIS / Eli Lilly,,,,Ongoing,,0,,,2025,,26 Feb 2026,,,,,,12_Dec,,,,,,,,"$12,806.00",65,67,Invoice Raised,Above 60 Days,Lilly Advanced Therapeutics Infrastructure Support,,,AIS-ATIS-25-07,,,,,Realised,,,,,22 Dec 2025,,Eli Lilly - Advanced Therapeutics Infrastructure Support,,,,,
03 Apr 2026,,,,,,,,,AIS / Eli Lilly,,,,,,0,,,2026,,25 Mar 2026,,,,,,01_Jan,,,,,,,,"$15,314.40",65,58,Invoice Raised,Between 46 to 60 Days,Lilly Advanced Therapeutics Infrastructure Support,,,AIS-ATIS-26-01,,,,,Realised,,,,,27 Jan 2026,AIS00498274,Eli Lilly - Advanced Therapeutics Infrastructure Support,,,,,
02 Aug 2025,,,,,,,,,AIS / Eli Lilly,,,,Ongoing,,4,,,2025,,06 Aug 2025,,,,,,05_May,,,,,,,,"$13,720.00",65,71,Invoice Raised,Above 60 Days,Application Support Lead Services,,,AIS-ASLS-25-05,,,,,Realised,,,,,28 May 2025,,Eli Lilly - Application Support Lead Staffing Services,,,,,
04 May 2025,,,,,,,,,AIS / Eli Lilly,,,,Ongoing,,2,,,2025,,06 May 2025,,,,,,02_Feb,,,,,,,,"$13,720.00",65,69,Invoice Raised,Above 60 Days,Application Support Lead Services,,,AIS-ASLS-25-02,,,,,Realised,,,,,27 Feb 2025,,Eli Lilly - Application Support Lead Staffing Services,,,,,
05 Apr 2025,,,,,,,,,AIS / Eli Lilly,,,,Ongoing,,10,,,2025,,15 Apr 2025,,,,,,01_Jan,,,,,,,,"$13,720.00",65,77,Invoice Raised,Above 60 Days,Application Support Lead Services,,,AIS-ASLS-25-01,,,,,Realised,,,,,29 Jan 2025,,Eli Lilly - Application Support Lead Staffing Services,,,,,
01 Jun 2025,,,,,,,,,AIS / Eli Lilly,,,,Ongoing,,8,,,2025,,09 Jun 2025,,,,,,03_Mar,,,,,,,,"$13,720.00",65,75,Invoice Raised,Above 60 Days,Application Support Lead Services,,,AIS-ASLS-25-03,,,,,Realised,,,,,27 Mar 2025,,Eli Lilly - Application Support Lead Staffing Services,,,,,
04 Jul 2025,,,,,,,,,AIS / Eli Lilly,,,,Ongoing,,7,,,2025,,11 Jul 2025,,,,,,04_Apr,,,,,,,,"$13,720.00",65,74,Invoice Raised,Above 60 Days,Application Support Lead Services,,,AIS-ASLS-25-04,,,,,Realised,,,,,29 Apr 2025,,Eli Lilly - Application Support Lead Staffing Services,,,,,
04 Sep 2025,,,,,,,,,AIS / Eli Lilly,,,,Ongoing,,11,,,2025,,15 Sep 2025,,,,,,06_Jun,,,,,,,,"$8,064.00",65,78,Invoice Raised,Above 60 Days,Application Support Lead Services,,,AIS-ASLS-25-06,,,,,Realised,,,,,30 Jun 2025,,Eli Lilly - Application Support Lead Staffing Services,,,,,
14 May 2026,,,,,,,,,AIS / Eli Lilly,,,,,,,,,2026,,,,,,,,02_Feb,,,,,,,,"$5,128.00",65,,Invoice Raised,Pending,CMH AML Rockstar Agent,,,AIS-AML-26-01,,,,,Pending,,,,,09 Mar 2026,AIS-DERM-2-20-28,Eli Lilly - CMH AML Rockstar Agent,,,,,
02 Jul 2026,,,,,,,,,AIS / Eli Lilly,,,,,,,,,2026,,,,,,,,04_Apr,,,,,,,,"$10,256.00",65,,Invoice Raised,Pending,CMH AML Rockstar Agent,,,AIS-AML-26-03,,,,,Pending,,,,,27 Apr 2026,AIS-DERM-2-20-28,Eli Lilly - CMH AML Rockstar Agent,,,,,
30 May 2026,,,,,,,,,AIS / Eli Lilly,Paid,,,,,5,,,2026,,04 Jun 2026,,,,,,03_Mar,,,,,,,,"$10,256.00",65,72,Invoice Raised,Above 60 Days,CMH AML Rockstar Agent,,,AIS-AML-26-02,,,,,Realised,,,,,25 Mar 2026,AIS-DERM-2-20-28,Eli Lilly - CMH AML Rockstar Agent,,,,,
01 Jan 2026,,,,,,,,,AIS / Eli Lilly,,,,Ongoing,,11,,,2025,,12 Jan 2026,,,,,,10_Oct,,,,,,,,"$10,942.00",65,78,Invoice Raised,Above 60 Days,CMH Ad Board Summary CoPilot Assistant,,,AIS-CMH-AB-25-01,,,,,Realised,,,,,27 Oct 2025,,Eli Lilly - CMH Ad Board Summary Copilot Assistant,,,,,
27 Jan 2026,,,,,,,,,AIS / Eli Lilly,,,,Ongoing,,3,,,2025,,30 Jan 2026,,,,,,11_Nov,,,,,,,,"$10,942.00",65,70,Invoice Raised,Above 60 Days,CMH Ad Board Summary CoPilot Assistant,,,AIS-CMH-AB-25-02,,,,,Realised,,,,,22 Nov 2025,,Eli Lilly - CMH Ad Board Summary Copilot Assistant,,,,,
01 Jun 2025,,,,,,,,,AIS / Eli Lilly,,,,Completed,,5,,,2025,,06 Jun 2025,,,,,,03_Mar,,,,,,,,"$16,941.00",65,72,Invoice Raised,Above 60 Days,CMH Medical Affairs Ad Board CIAB Assistant,,,AIS-CIAB-25-02,,,,,Realised,,,,,27 Mar 2025,,Eli Lilly - CMH Medical Affairs Ad Board CIAB Assistant,,,,,
04 Jul 2025,,,,,,,,,AIS / Eli Lilly,,,,Completed,,7,,,2025,,11 Jul 2025,,,,,,04_Apr,,,,,,,,"$12,706.00",65,74,Invoice Raised,Above 60 Days,CMH Medical Affairs Ad Board CIAB Assistant,,,AIS-CIAB-25-03,,,,,Realised,,,,,29 Apr 2025,,Eli Lilly - CMH Medical Affairs Ad Board CIAB Assistant,,,,,
04 May 2025,,,,,,,,,AIS / Eli Lilly,,,,Completed,,0,,,2025,,01 May 2025,,,,,,02_Feb,,,,,,,,"$12,706.00",65,64,Invoice Raised,Above 60 Days,CMH Medical Affairs Ad Board CIAB Assistant,,,AIS-CIAB-25-01,,,,,Realised,,,,,27 Feb 2025,,Eli Lilly - CMH Medical Affairs Ad Board CIAB Assistant,,,,,
26 Feb 2026,,,,,,,,,AIS / Eli Lilly,,,,Ongoing,,0,,,2025,,26 Feb 2026,,,,,,12_Dec,,,,,,,,$960.00,65,67,Invoice Raised,Above 60 Days,CMH Medical Affairs AutomateHub – Support Services 2025,,,AIS-CMH-25-12,,,,,Realised,,,,,22 Dec 2025,,Eli Lilly - CMH Medical Affairs AutomateHub – Support Services,,,,,
05 Apr 2025,,,,,,,,,AIS / Eli Lilly,,,,Ongoing,,10,,,2025,,15 Apr 2025,,,,,,01_Jan,,,,,,,,$960.00,65,77,Invoice Raised,Above 60 Days,CMH Medical Affairs AutomateHub – Support Services 2025,,,AIS-CMH-25-01,,,,,Realised,,,,,29 Jan 2025,,Eli Lilly - CMH Medical Affairs AutomateHub – Support Services,,,,,
02 Aug 2025,,,,,,,,,AIS / Eli Lilly,,,,Ongoing,,4,,,2025,,06 Aug 2025,,,,,,05_May,,,,,,,,$960.00,65,71,Invoice Raised,Above 60 Days,CMH Medical Affairs AutomateHub – Support Services 2025 | CMH Medical Affairs AutomateHub – Support Services 2025 Change Order 1,,,AIS-CMH-25-05,,,,,Realised,,,,,28 May 2025,,Eli Lilly - CMH Medical Affairs AutomateHub – Support Services,,,,,
04 Jul 2025,,,,,,,,,AIS / Eli Lilly,,,,Ongoing,,5,,,2025,,09 Jul 2025,,,,,,04_Apr,,,,,,,,$960.00,65,72,Invoice Raised,Above 60 Days,CMH Medical Affairs AutomateHub – Support Services 2025 | CMH Medical Affairs AutomateHub – Support Services 2025 Change Order 1,,,AIS-CMH-25-04,,,,,Realised,,,,,29 Apr 2025,,Eli Lilly - CMH Medical Affairs AutomateHub – Support Services,,,,,
27 Jan 2026,,,,,,,,,AIS / Eli Lilly,,,,Ongoing,,3,,,2025,,30 Jan 2026,,,,,,11_Nov,,,,,,,,"$5,020.00",65,70,Invoice Raised,Above 60 Days,CMH Medical Affairs AutomateHub – Support Services 2025,,,AIS-CMH-25-11,,,,,Realised,,,,,22 Nov 2025,,Eli Lilly - CMH Medical Affairs AutomateHub – Support Services,,,,,
30 Nov 2025,,,,,,,,,AIS / Eli Lilly,,,,Ongoing,,5,,,2025,,05 Dec 2025,,,,,,09_Sep,,,,,,,,$960.00,65,72,Invoice Raised,Above 60 Days,CMH Medical Affairs AutomateHub – Support Services 2025 Change Order 1,,,AIS-CMH-25-09,,,,,Realised,,,,,25 Sep 2025,,Eli Lilly - CMH Medical Affairs AutomateHub – Support Services,,,,,
04 May 2025,,,,,,,,,AIS / Eli Lilly,,,,Ongoing,,0,,,2025,,01 May 2025,,,,,,02_Feb,,,,,,,,$960.00,65,64,Invoice Raised,Above 60 Days,CMH Medical Affairs AutomateHub – Support Services 2025,,,AIS-CMH-25-02,,,,,Realised,,,,,27 Feb 2025,,Eli Lilly - CMH Medical Affairs AutomateHub – Support Services,,,,,
01 Jan 2026,,,,,,,,,AIS / Eli Lilly,,,,Ongoing,,11,,,2025,,12 Jan 2026,,,,,,10_Oct,,,,,,,,$960.00,65,78,Invoice Raised,Above 60 Days,CMH Medical Affairs AutomateHub – Support Services 2025,,,AIS-CMH-25-10,,,,,Realised,,,,,27 Oct 2025,,Eli Lilly - CMH Medical Affairs AutomateHub – Support Services,,,,,
02 Oct 2025,,,,,,,,,AIS / Eli Lilly,,,,Ongoing,,6,,,2025,,08 Oct 2025,,,,,,07_Jul,,,,,,,,$960.00,65,73,Invoice Raised,Above 60 Days,CMH Medical Affairs AutomateHub – Support Services 2025 Change Order 1,,,AIS-CMH-25-07,,,,,Realised,,,,,28 Jul 2025,,Eli Lilly - CMH Medical Affairs AutomateHub – Support Services,,,,,
03 Nov 2025,,,,,,,,,AIS / Eli Lilly,,,,Ongoing,,16,,,2025,,19 Nov 2025,,,,,,08_Aug,,,,,,,,$960.00,65,83,Invoice Raised,Above 60 Days,CMH Medical Affairs AutomateHub – Support Services 2025 Change Order 1,,,AIS-CMH-25-08,,,,,Realised,,,,,29 Aug 2025,,Eli Lilly - CMH Medical Affairs AutomateHub – Support Services,,,,,
01 Jun 2025,,,,,,,,,AIS / Eli Lilly,,,,Ongoing,,8,,,2025,,09 Jun 2025,,,,,,03_Mar,,,,,,,,"$2,902.00",65,75,Invoice Raised,Above 60 Days,CMH Medical Affairs AutomateHub – Support Services 2025 | CMH Medical Affairs AutomateHub – Support Services 2025 Change Order 1,,,AIS-CMH-25-03,,,,,Realised,,,,,27 Mar 2025,,Eli Lilly - CMH Medical Affairs AutomateHub – Support Services,,,,,
04 Sep 2025,,,,,,,,,AIS / Eli Lilly,,,,Ongoing,,7,,,2025,,11 Sep 2025,,,,,,06_Jun,,,,,,,,$960.00,65,74,Invoice Raised,Above 60 Days,CMH Medical Affairs AutomateHub – Support Services 2025 | CMH Medical Affairs AutomateHub – Support Services 2025 Change Order 1,,,AIS-CMH-25-06,,,,,Realised,,,,,30 Jun 2025,,Eli Lilly - CMH Medical Affairs AutomateHub – Support Services,,,,,
04 May 2025,,,,,,,,,AIS / Eli Lilly,,,,Ongoing,,2,,,2025,,06 May 2025,,,,,,02_Feb,,,,,,,,"$15,120.00",65,69,Invoice Raised,Above 60 Days,CMH Medical Affairs TL Utilization Dashboard,,,AIS-TL-25-01,,,,,Realised,,,,,27 Feb 2025,,Eli Lilly - CMH Medical Affairs TL Utilization Dashboard,,,,,
19 Jul 2026,,,,,,,,,Eli Lilly,,,,,,,,,2026,,,,,,,,05_May,,,,,,,,"$38,400.00",45,,Invoice Raised,Pending,Data Alignment Tool (DAT),,,DAT-26-004-MAY,,,,,Pending,,,,,03 Jun 2026,4200615225,Eli Lilly - Data Alignment Tool (DAT) - AA,,,,,
18 May 2026,,,,,,,,,Eli Lilly,Paid,,,,,10,,,2026,,28 May 2026,,,,,,03_Mar,,,,,,,,"$38,400.00",45,57,Invoice Raised,Between 46 to 60 Days,Data Alignment Tool (DAT),,,DAT-26-002-MAR,,,,,Realised,,,,,02 Apr 2026,4200615225,Eli Lilly - Data Alignment Tool (DAT) - AA,,,,,
24 Apr 2026,,,,,,,,,Eli Lilly,,,,,,10,Paid,,2026,,04 May 2026,,,,,,02_Feb,,,,,,,,"$38,400.00",45,57,Invoice Raised,Between 46 to 60 Days,Data Alignment Tool (DAT),,,DAT-26-001-FEB,,,,,Realised,,,,,09 Mar 2026,4200615225,Eli Lilly - Data Alignment Tool (DAT) - AA,,,,,
22 Jun 2026,,,,,,,,,Eli Lilly,,,,,,,,,2026,,,,,,,,04_Apr,,,,,,,,"$38,400.00",45,,Invoice Raised,Pending,Data Alignment Tool (DAT),,,DAT-26-003-APR,,,,,Pending,,,,,07 May 2026,4200615225,Eli Lilly - Data Alignment Tool (DAT) - AA,,,,,
01 Jun 2025,,,,,,,,,AIS / Eli Lilly,,,,Ongoing,,8,,,2025,,09 Jun 2025,,,,,,03_Mar,,,,,,,,"$3,360.00",65,75,Invoice Raised,Above 60 Days,Full Stack Engineer Staffing Services Change Order 1,,,AIS-FSE-25-03,,,,,Realised,,,,,27 Mar 2025,,Eli Lilly - Full Stack Engineer,,,,,
05 Apr 2025,,,,,,,,,AIS / Eli Lilly,,,,Ongoing,,11,,,2025,,16 Apr 2025,,,,,,01_Jan,,,,,,,,"$13,632.00",65,78,Invoice Raised,Above 60 Days,Full Stack Engineer Staffing Services Change Order 1,,,AIS-FSE-25-01,,,,,Realised,,,,,29 Jan 2025,,Eli Lilly - Full Stack Engineer,,,,,
04 May 2025,,,,,,,,,AIS / Eli Lilly,,,,Ongoing,,2,,,2025,,06 May 2025,,,,,,02_Feb,,,,,,,,"$13,632.00",65,69,Invoice Raised,Above 60 Days,Full Stack Engineer Staffing Services Change Order 1,,,AIS-FSE-25-02,,,,,Realised,,,,,27 Feb 2025,,Eli Lilly - Full Stack Engineer,,,,,
04 May 2025,,,,,,,,,AIS / Eli Lilly,,,,Ongoing,,2,,,2025,,06 May 2025,,,,,,02_Feb,,,,,,,,"$13,720.00",65,69,Invoice Raised,Above 60 Days,GIC Infrastructure Support Services,,,AIS-GIC-25-02,,,,,Realised,,,,,27 Feb 2025,,Eli Lilly - GIC Infrastructure Support Staffing,,,,,
02 Oct 2025,,,,,,,,,AIS / Eli Lilly,,,,Ongoing,,41,,,2025,,12 Nov 2025,,,,,,07_Jul,,,,,,,,"$3,360.00",65,108,Invoice Raised,Above 60 Days,GIC Infrastructure Support Services,,,AIS-GIC-25-07,,,,,Realised,,,,,28 Jul 2025,,Eli Lilly - GIC Infrastructure Support Staffing,,,,,
01 Jun 2025,,,,,,,,,AIS / Eli Lilly,,,,Ongoing,,8,,,2025,,09 Jun 2025,,,,,,03_Mar,,,,,,,,"$13,720.00",65,75,Invoice Raised,Above 60 Days,GIC Infrastructure Support Services,,,AIS-GIC-25-03,,,,,Realised,,,,,27 Mar 2025,,Eli Lilly - GIC Infrastructure Support Staffing,,,,,
04 Jul 2025,,,,,,,,,AIS / Eli Lilly,,,,Ongoing,,7,,,2025,,11 Jul 2025,,,,,,04_Apr,,,,,,,,"$13,720.00",65,74,Invoice Raised,Above 60 Days,GIC Infrastructure Support Services,,,AIS-GIC-25-04,,,,,Realised,,,,,29 Apr 2025,,Eli Lilly - GIC Infrastructure Support Staffing,,,,,
04 Sep 2025,,,,,,,,,AIS / Eli Lilly,,,,Ongoing,,25,,,2025,,29 Sep 2025,,,,,,06_Jun,,,,,,,,"$13,720.00",65,92,Invoice Raised,Above 60 Days,GIC Infrastructure Support Services,,,AIS-GIC-25-06,,,,,Realised,,,,,30 Jun 2025,,Eli Lilly - GIC Infrastructure Support Staffing,,,,,
05 Apr 2025,,,,,,,,,AIS / Eli Lilly,,,,Ongoing,,10,,,2025,,15 Apr 2025,,,,,,01_Jan,,,,,,,,"$13,720.00",65,77,Invoice Raised,Above 60 Days,GIC Infrastructure Support Services,,,AIS-GIC-25-01,,,,,Realised,,,,,29 Jan 2025,,Eli Lilly - GIC Infrastructure Support Staffing,,,,,
02 Aug 2025,,,,,,,,,AIS / Eli Lilly,,,,Ongoing,,6,,,2025,,08 Aug 2025,,,,,,05_May,,,,,,,,"$13,720.00",65,73,Invoice Raised,Above 60 Days,GIC Infrastructure Support Services,,,AIS-GIC-25-05,,,,,Realised,,,,,28 May 2025,,Eli Lilly - GIC Infrastructure Support Staffing,,,,,
03 Apr 2026,,,,,,,,,AIS / Eli Lilly,,,,,,0,,,2026,,25 Mar 2026,,,,,,01_Jan,,,,,,,,"$5,840.00",65,58,Invoice Raised,Between 46 to 60 Days,GT and CMS Support and Enhancement Services Change Order 2,,,AIS-SDE-26-01,,,,,Realised,,,,,27 Jan 2026,AIS0078915,Eli Lilly - GT & CMS Support and Enhancement Services,,,,,
04 Sep 2025,,,,,,,,,AIS / Eli Lilly,,,,Ongoing,,7,,,2025,,11 Sep 2025,,,,,,06_Jun,,,,,,,,"$5,840.00",65,74,Invoice Raised,Above 60 Days,GT and CMS Support and Enhancement Services Renewal,,,AIS-SDE-25-06,,,,,Realised,,,,,30 Jun 2025,,Eli Lilly - GT & CMS Support and Enhancement Services,,,,,
02 Aug 2025,,,,,,,,,AIS / Eli Lilly,,,,Ongoing,,4,,,2025,,06 Aug 2025,,,,,,05_May,,,,,,,,"$5,840.00",65,71,Invoice Raised,Above 60 Days,GT and CMS Support and Enhancement Services Renewal,,,AIS-SDE-25-05,,,,,Realised,,,,,28 May 2025,,Eli Lilly - GT & CMS Support and Enhancement Services,,,,,
02 Jul 2026,,,,,,,,,AIS / Eli Lilly,,,,,,,,,2026,,,,,,,,04_Apr,,,,,,,,"$4,870.00",65,,Invoice Raised,Pending,GT and CMS Support and Enhancement Services Change Order 2,,,AIS-SDE-26-04,,,,,Pending,,,,,27 Apr 2026,AIS0078915,Eli Lilly - GT & CMS Support and Enhancement Services,,,,,
30 Nov 2025,,,,,,,,,AIS / Eli Lilly,,,,Ongoing,,18,,,2025,,18 Dec 2025,,,,,,09_Sep,,,,,,,,"$5,840.00",65,85,Invoice Raised,Above 60 Days,GT and CMS Support and Enhancement Services Renewal,,,AIS-SDE-25-09,,,,,Realised,,,,,25 Sep 2025,,Eli Lilly - GT & CMS Support and Enhancement Services,,,,,
02 Oct 2025,,,,,,,,,AIS / Eli Lilly,,,,Ongoing,,41,,,2025,,12 Nov 2025,,,,,,07_Jul,,,,,,,,"$5,840.00",65,108,Invoice Raised,Above 60 Days,GT and CMS Support and Enhancement Services Renewal,,,AIS-SDE-25-07,,,,,Realised,,,,,28 Jul 2025,,Eli Lilly - GT & CMS Support and Enhancement Services,,,,,
05 Apr 2025,,,,,,,,,AIS / Eli Lilly,,,,Ongoing,,10,,,2025,,15 Apr 2025,,,,,,01_Jan,,,,,,,,"$5,840.00",65,77,Invoice Raised,Above 60 Days,GT and CMS Support and Enhancement Services Renewal,,,AIS-SDE-25-01,,,,,Realised,,,,,29 Jan 2025,,Eli Lilly - GT & CMS Support and Enhancement Services,,,,,
27 Jan 2026,,,,,,,,,AIS / Eli Lilly,,,,Ongoing,,3,,,2025,,30 Jan 2026,,,,,,11_Nov,,,,,,,,"$5,840.00",65,70,Invoice Raised,Above 60 Days,GT and CMS Support and Enhancement Services Renewal,,,AIS-SDE-25-11,,,,,Realised,,,,,22 Nov 2025,,Eli Lilly - GT & CMS Support and Enhancement Services,,,,,
01 Jun 2025,,,,,,,,,AIS / Eli Lilly,,,,Ongoing,,8,,,2025,,09 Jun 2025,,,,,,03_Mar,,,,,,,,"$5,840.00",65,75,Invoice Raised,Above 60 Days,GT and CMS Support and Enhancement Services Renewal,,,AIS-SDE-25-03,,,,,Realised,,,,,27 Mar 2025,,Eli Lilly - GT & CMS Support and Enhancement Services,,,,,
03 Nov 2025,,,,,,,,,AIS / Eli Lilly,,,,Ongoing,,16,,,2025,,19 Nov 2025,,,,,,08_Aug,,,,,,,,"$5,840.00",65,83,Invoice Raised,Above 60 Days,GT and CMS Support and Enhancement Services Renewal,,,AIS-SDE-25-08,,,,,Realised,,,,,29 Aug 2025,,Eli Lilly - GT & CMS Support and Enhancement Services,,,,,
08 May 2026,,,,,,,,,AIS / Eli Lilly,,,,,,0,Paid,,2026,,06 May 2026,,,,,,02_Feb,,,,,,,,"$5,840.00",65,65,Invoice Raised,Above 60 Days,GT and CMS Support and Enhancement Services Change Order 2,,,AIS-SDE-26-02,,,,,Realised,,,,,03 Mar 2026,AIS0078915,Eli Lilly - GT & CMS Support and Enhancement Services,,,,,
04 May 2025,,,,,,,,,AIS / Eli Lilly,,,,Ongoing,,0,,,2025,,01 May 2025,,,,,,02_Feb,,,,,,,,"$5,840.00",65,64,Invoice Raised,Above 60 Days,GT and CMS Support and Enhancement Services Renewal,,,AIS-SDE-25-02,,,,,Realised,,,,,27 Feb 2025,,Eli Lilly - GT & CMS Support and Enhancement Services,,,,,
30 May 2026,,,,,,,,,AIS / Eli Lilly,Paid,,,,,5,,,2026,,04 Jun 2026,,,,,,03_Mar,,,,,,,,"$5,840.00",65,72,Invoice Raised,Above 60 Days,GT and CMS Support and Enhancement Services Change Order 2,,,AIS-SDE-26-03,,,,,Realised,,,,,25 Mar 2026,AIS0078915,Eli Lilly - GT & CMS Support and Enhancement Services,,,,,
02 Aug 2026,,,,,,,,,AIS / Eli Lilly,,,,,,,,,2026,,,,,,,,05_May,,,,,,,,"$5,840.00",65,,Invoice Raised,Pending,GT and CMS Support and Enhancement Services Change Order 2,,,AIS-SDE-26-05,,,,,Pending,,,,,28 May 2026,AIS0078915,Eli Lilly - GT & CMS Support and Enhancement Services,,,,,
26 Feb 2026,,,,,,,,,AIS / Eli Lilly,,,,Ongoing,,0,,,2025,,26 Feb 2026,,,,,,12_Dec,,,,,,,,"$5,840.00",65,67,Invoice Raised,Above 60 Days,GT and CMS Support and Enhancement Services Renewal,,,AIS-SDE-25-12,,,,,Realised,,,,,22 Dec 2025,,Eli Lilly - GT & CMS Support and Enhancement Services,,,,,
04 Jul 2025,,,,,,,,,AIS / Eli Lilly,,,,Ongoing,,12,,,2025,,16 Jul 2025,,,,,,04_Apr,,,,,,,,"$5,840.00",65,79,Invoice Raised,Above 60 Days,GT and CMS Support and Enhancement Services Renewal,,,AIS-SDE-25-04,,,,,Realised,,,,,29 Apr 2025,,Eli Lilly - GT & CMS Support and Enhancement Services,,,,,
01 Jan 2026,,,,,,,,,AIS / Eli Lilly,,,,Ongoing,,11,,,2025,,12 Jan 2026,,,,,,10_Oct,,,,,,,,"$5,840.00",65,78,Invoice Raised,Above 60 Days,GT and CMS Support and Enhancement Services Renewal,,,AIS-SDE-25-10,,,,,Realised,,,,,27 Oct 2025,,Eli Lilly - GT & CMS Support and Enhancement Services,,,,,
05 Apr 2025,,,,,,,,,AIS / Eli Lilly,,,,Ongoing,,11,,,2025,,16 Apr 2025,,,,,,01_Jan,,,,,,,,"$9,986.00",65,78,Invoice Raised,Above 60 Days,GT Connect Application Support,,,AIS-GTCAS-25-01,,,,,Realised,,,,,29 Jan 2025,,Eli Lilly - GT Connect Application Support,,,,,
04 May 2025,,,,,,,,,AIS / Eli Lilly,,,,Ongoing,,2,,,2025,,06 May 2025,,,,,,02_Feb,,,,,,,,"$18,392.00",65,69,Invoice Raised,Above 60 Days,GT Connect Application Support | GT Connect Application Support Change Order-1,,,AIS-GTCAS-25-02,,,,,Realised,,,,,27 Feb 2025,,Eli Lilly - GT Connect Application Support,,,,,
02 Aug 2025,,,,,,,,,AIS / Eli Lilly,,,,Ongoing,,6,,,2025,,08 Aug 2025,,,,,,05_May,,,,,,,,"$10,022.00",65,73,Invoice Raised,Above 60 Days,GT Connect Application Support Change Order 3,,,AIS-GTCAS-25-05,,,,,Realised,,,,,28 May 2025,,Eli Lilly - GT Connect Application Support,,,,,
04 Jul 2025,,,,,,,,,AIS / Eli Lilly,,,,Ongoing,,12,,,2025,,16 Jul 2025,,,,,,04_Apr,,,,,,,,"$10,022.00",65,79,Invoice Raised,Above 60 Days,GT Connect Application Support Change Order-1 | GT Connect Application Support Change Order 3,,,AIS-GTCAS-25-04,,,,,Realised,,,,,29 Apr 2025,,Eli Lilly - GT Connect Application Support,,,,,
01 Jun 2025,,,,,,,,,AIS / Eli Lilly,,,,Ongoing,,5,,,2025,,06 Jun 2025,,,,,,03_Mar,,,,,,,,"$22,630.00",65,72,Invoice Raised,Above 60 Days,GT Connect Application Support | GT Connect Application Support Change Order-1 | GT Connect Application Support Change Order-2,,,AIS-GTCAS-25-03,,,,,Realised,,,,,27 Mar 2025,,Eli Lilly - GT Connect Application Support,,,,,
08 May 2026,,,,,,,,,AIS / Eli Lilly,,,,,,0,Paid,,2026,,06 May 2026,,,,,,02_Feb,,,,,,,,$960.00,65,65,Invoice Raised,Above 60 Days,Global Messages Tool – Support Services,,,AIS-GMT-26-02,,,,,Realised,,,,,03 Mar 2026,AIS-WO 106,Eli Lilly - Global Messages Tool - Support Services,,,,,
03 Apr 2026,,,,,,,,,AIS / Eli Lilly,,,,,,0,,,2026,,25 Mar 2026,,,,,,01_Jan,,,,,,,,$960.00,65,58,Invoice Raised,Between 46 to 60 Days,Global Messages Tool – Support Services,,,AIS-GMT-26-01,,,,,Realised,,,,,27 Jan 2026,AIS-WO 106,Eli Lilly - Global Messages Tool - Support Services,,,,,
02 Aug 2026,,,,,,,,,AIS / Eli Lilly,,,,,,,,,2026,,,,,,,,05_May,,,,,,,,$960.00,65,,Invoice Raised,Pending,Global Messages Tool – Support Services,,,AIS-GMT-26-05,,,,,Pending,,,,,28 May 2026,AIS-WO 106,Eli Lilly - Global Messages Tool - Support Services,,,,,
02 Jul 2026,,,,,,,,,AIS / Eli Lilly,,,,,,,,,2026,,,,,,,,04_Apr,,,,,,,,$960.00,65,,Invoice Raised,Pending,Global Messages Tool – Support Services,,,AIS-GMT-26-04,,,,,Pending,,,,,27 Apr 2026,AIS-WO 106,Eli Lilly - Global Messages Tool - Support Services,,,,,
30 May 2026,,,,,,,,,AIS / Eli Lilly,Paid,,,,,5,,,2026,,04 Jun 2026,,,,,,03_Mar,,,,,,,,$960.00,65,72,Invoice Raised,Above 60 Days,Global Messages Tool – Support Services,,,AIS-GMT-26-03,,,,,Realised,,,,,25 Mar 2026,AIS-WO 106,Eli Lilly - Global Messages Tool - Support Services,,,,,
04 Jul 2025,,,,,,,,,AIS / Eli Lilly,,,,Ongoing,,12,,,2025,,16 Jul 2025,,,,,,04_Apr,,,,,,,,"$4,288.00",65,79,Invoice Raised,Above 60 Days,Global Messaging Application – Support Services 2025 | Global Messaging Application – Support Services 2025 Change Order 1,,,AIS-GMA-25-04,,,,,Realised,,,,,29 Apr 2025,,Eli Lilly - Global Messaging Application,,,,,
01 Jan 2026,,,,,,,,,AIS / Eli Lilly,,,,Ongoing,,11,,,2025,,12 Jan 2026,,,,,,10_Oct,,,,,,,,"$23,878.00",65,78,Invoice Raised,Above 60 Days,Global Messages Phase 3,,,AIS-GMA-25-10,,,,,Realised,,,,,27 Oct 2025,,Eli Lilly - Global Messaging Application,,,,,
03 Nov 2025,,,,,,,,,AIS / Eli Lilly,,,,Ongoing,,16,,,2025,,19 Nov 2025,,,,,,08_Aug,,,,,,,,"$4,678.00",65,83,Invoice Raised,Above 60 Days,Global Messaging Application – Support Services 2025,,,AIS-GMA-25-08,,,,,Realised,,,,,29 Aug 2025,,Eli Lilly - Global Messaging Application,,,,,
05 Apr 2025,,,,,,,,,AIS / Eli Lilly,,,,Ongoing,,10,,,2025,,15 Apr 2025,,,,,,01_Jan,,,,,,,,$960.00,65,77,Invoice Raised,Above 60 Days,Global Messaging Application – Support Services 2025,,,AIS-GMA-25-01,,,,,Realised,,,,,29 Jan 2025,,Eli Lilly - Global Messaging Application,,,,,
02 Aug 2025,,,,,,,,,AIS / Eli Lilly,,,,Ongoing,,4,,,2025,,06 Aug 2025,,,,,,05_May,,,,,,,,$960.00,65,71,Invoice Raised,Above 60 Days,Global Messaging Application – Support Services 2025,,,AIS-GMA-25-05,,,,,Realised,,,,,28 May 2025,,Eli Lilly - Global Messaging Application,,,,,
30 Nov 2025,,,,,,,,,AIS / Eli Lilly,,,,Ongoing,,5,,,2025,,05 Dec 2025,,,,,,09_Sep,,,,,,,,"$6,538.00",65,72,Invoice Raised,Above 60 Days,Global Messaging Application – Support Services 2025,,,AIS-GMA-25-09,,,,,Realised,,,,,25 Sep 2025,,Eli Lilly - Global Messaging Application,,,,,
27 Jan 2026,,,,,,,,,AIS / Eli Lilly,,,,Ongoing,,3,,,2025,,30 Jan 2026,,,,,,11_Nov,,,,,,,,"$16,267.00",65,70,Invoice Raised,Above 60 Days,Global Messages Phase 3,,,AIS-GMA-25-11,,,,,Realised,,,,,22 Nov 2025,,Eli Lilly - Global Messaging Application,,,,,
02 Oct 2025,,,,,,,,,AIS / Eli Lilly,,,,Ongoing,,6,,,2025,,08 Oct 2025,,,,,,07_Jul,,,,,,,,$960.00,65,73,Invoice Raised,Above 60 Days,Global Messaging Application – Support Services 2025,,,AIS-GMA-25-07,,,,,Realised,,,,,28 Jul 2025,,Eli Lilly - Global Messaging Application,,,,,
04 May 2025,,,,,,,,,AIS / Eli Lilly,,,,Ongoing,,0,,,2025,,01 May 2025,,,,,,02_Feb,,,,,,,,$960.00,65,64,Invoice Raised,Above 60 Days,Global Messaging Application – Support Services 2025,,,AIS-GMA-25-02,,,,,Realised,,,,,27 Feb 2025,,Eli Lilly - Global Messaging Application,,,,,
04 Sep 2025,,,,,,,,,AIS / Eli Lilly,,,,Ongoing,,7,,,2025,,11 Sep 2025,,,,,,06_Jun,,,,,,,,$960.00,65,74,Invoice Raised,Above 60 Days,Global Messaging Application – Support Services 2025,,,AIS-GMA-25-06,,,,,Realised,,,,,30 Jun 2025,,Eli Lilly - Global Messaging Application,,,,,
01 Jun 2025,,,,,,,,,AIS / Eli Lilly,,,,Ongoing,,8,,,2025,,09 Jun 2025,,,,,,03_Mar,,,,,,,,$960.00,65,75,Invoice Raised,Above 60 Days,Global Messaging Application – Support Services 2025,,,AIS-GMA-25-03,,,,,Realised,,,,,27 Mar 2025,,Eli Lilly - Global Messaging Application,,,,,
26 Feb 2026,,,,,,,,,AIS / Eli Lilly,,,,Ongoing,,0,,,2025,,26 Feb 2026,,,,,,12_Dec,,,,,,,,"$16,237.00",65,67,Invoice Raised,Above 60 Days,Global Messages Phase 3,,,AIS-GMA-25-12,,,,,Realised,,,,,22 Dec 2025,,Eli Lilly - Global Messaging Application,,,,,
01 Jun 2025,,,,,,,,,AIS / Eli Lilly,,,,Ongoing,,8,,,2025,,09 Jun 2025,,,,,,03_Mar,,,,,,,,"$12,416.00",65,75,Invoice Raised,Above 60 Days,IT Manufacturing Infrastructure Support Services,,,AIS-IT-MIS-25-03,,,,,Realised,,,,,27 Mar 2025,,Eli Lilly - IT Manufacturing Infrastructure Support Services,,,,,
02 Aug 2025,,,,,,,,,AIS / Eli Lilly,,,,Ongoing,,25,,,2025,,27 Aug 2025,,,,,,05_May,,,,,,,,"$17,143.00",65,92,Invoice Raised,Above 60 Days,"IT Manufacturing Infrastructure Support Services (Concord, NC) – Change Order 1",,,AIS-IT-MIS-25-05,,,,,Realised,,,,,28 May 2025,,Eli Lilly - IT Manufacturing Infrastructure Support Services,,,,,
04 May 2025,,,,,,,,,AIS / Eli Lilly,,,,Ongoing,,0,,,2025,,01 May 2025,,,,,,02_Feb,,,,,,,,"$12,413.00",65,64,Invoice Raised,Above 60 Days,IT Manufacturing Infrastructure Support Services,,,AIS-IT-MIS-25-02,,,,,Realised,,,,,27 Feb 2025,,Eli Lilly - IT Manufacturing Infrastructure Support Services,,,,,
04 Sep 2025,,,,,,,,,AIS / Eli Lilly,,,,Ongoing,,11,,,2025,,15 Sep 2025,,,,,,06_Jun,,,,,,,,"$11,290.00",65,78,Invoice Raised,Above 60 Days,"IT Manufacturing Infrastructure Support Services (Concord, NC) – Change Order 1",,,AIS-IT-MIS-25-06,,,,,Realised,,,,,30 Jun 2025,,Eli Lilly - IT Manufacturing Infrastructure Support Services,,,,,
05 Apr 2025,,,,,,,,,AIS / Eli Lilly,,,,Ongoing,,11,,,2025,,16 Apr 2025,,,,,,01_Jan,,,,,,,,"$12,413.00",65,78,Invoice Raised,Above 60 Days,IT Manufacturing Infrastructure Support Services,,,AIS-IT-MIS-25-01,,,,,Realised,,,,,29 Jan 2025,,Eli Lilly - IT Manufacturing Infrastructure Support Services,,,,,
04 Jul 2025,,,,,,,,,AIS / Eli Lilly,,,,Ongoing,,12,,,2025,,16 Jul 2025,,,,,,04_Apr,,,,,,,,"$12,416.00",65,79,Invoice Raised,Above 60 Days,IT Manufacturing Infrastructure Support Services,,,AIS-IT-MIS-25-04,,,,,Realised,,,,,29 Apr 2025,,Eli Lilly - IT Manufacturing Infrastructure Support Services,,,,,
04 Sep 2025,,,,,,,,,AIS / Eli Lilly,,,,Ongoing,,11,,,2025,,15 Sep 2025,,,,,,06_Jun,,,,,,,,"$13,860.00",65,78,Invoice Raised,Above 60 Days,ITSM Staffing Services | ITSM Services Change Order 1,,,AIS-ITSM-25-06,,,,,Realised,,,,,30 Jun 2025,,Eli Lilly - ITSM Staffing Services,,,,,
08 May 2026,,,,,,,,,AIS / Eli Lilly,,,,,,0,Paid,,2026,,06 May 2026,,,,,,02_Feb,,,,,,,,"$13,776.00",65,65,Invoice Raised,Above 60 Days,ITSM Services Change Order 2,,,AIS-ITSM-26-02,,,,,Realised,,,,,03 Mar 2026,AIS00378914,Eli Lilly - ITSM Staffing Services,,,,,
02 Aug 2025,,,,,,,,,AIS / Eli Lilly,,,,Ongoing,,6,,,2025,,08 Aug 2025,,,,,,05_May,,,,,,,,"$13,860.00",65,73,Invoice Raised,Above 60 Days,ITSM Staffing Services | ITSM Services Change Order 1,,,AIS-ITSM-25-05,,,,,Realised,,,,,28 May 2025,,Eli Lilly - ITSM Staffing Services,,,,,
03 Nov 2025,,,,,,,,,AIS / Eli Lilly,,,,Ongoing,,16,,,2025,,19 Nov 2025,,,,,,08_Aug,,,,,,,,"$13,860.00",65,83,Invoice Raised,Above 60 Days,ITSM Staffing Services | ITSM Services Change Order 1,,,AIS-ITSM-25-08,,,,,Realised,,,,,29 Aug 2025,,Eli Lilly - ITSM Staffing Services,,,,,
02 Jul 2026,,,,,,,,,AIS / Eli Lilly,,,,,,,,,2026,,,,,,,,04_Apr,,,,,,,,"$13,440.00",65,,Invoice Raised,Pending,ITSM Services Change Order 2,,,AIS-ITSM-26-04,,,,,Pending,,,,,27 Apr 2026,AIS00378914,Eli Lilly - ITSM Staffing Services,,,,,
27 Jan 2026,,,,,,,,,AIS / Eli Lilly,,,,Ongoing,,3,,,2025,,30 Jan 2026,,,,,,11_Nov,,,,,,,,"$13,776.00",65,70,Invoice Raised,Above 60 Days,ITSM Staffing Services | ITSM Services Change Order 1,,,AIS-ITSM-25-11,,,,,Realised,,,,,22 Nov 2025,,Eli Lilly - ITSM Staffing Services,,,,,
30 May 2026,,,,,,,,,AIS / Eli Lilly,Paid,,,,,5,,,2026,,04 Jun 2026,,,,,,03_Mar,,,,,,,,"$13,776.00",65,72,Invoice Raised,Above 60 Days,ITSM Services Change Order 2,,,AIS-ITSM-26-03,,,,,Realised,,,,,25 Mar 2026,AIS00378914,Eli Lilly - ITSM Staffing Services,,,,,
05 Apr 2025,,,,,,,,,AIS / Eli Lilly,,,,Ongoing,,11,,,2025,,16 Apr 2025,,,,,,01_Jan,,,,,,,,"$13,552.00",65,78,Invoice Raised,Above 60 Days,ITSM Staffing Services,,,AIS-ITSM-25-01,,,,,Realised,,,,,29 Jan 2025,,Eli Lilly - ITSM Staffing Services,,,,,
03 Apr 2026,,,,,,,,,AIS / Eli Lilly,,,,,,0,,,2026,,25 Mar 2026,,,,,,01_Jan,,,,,,,,"$16,464.00",65,58,Invoice Raised,Between 46 to 60 Days,ITSM Services Change Order 2,,,AIS-ITSM-26-01,,,,,Realised,,,,,27 Jan 2026,AIS00378914,Eli Lilly - ITSM Staffing Services,,,,,
26 Feb 2026,,,,,,,,,AIS / Eli Lilly,,,,Ongoing,,0,,,2025,,26 Feb 2026,,,,,,12_Dec,,,,,,,,"$13,776.00",65,67,Invoice Raised,Above 60 Days,ITSM Staffing Services | ITSM Services Change Order 1,,,AIS-ITSM-25-12,,,,,Realised,,,,,22 Dec 2025,,Eli Lilly - ITSM Staffing Services,,,,,
01 Jun 2025,,,,,,,,,AIS / Eli Lilly,,,,Ongoing,,5,,,2025,,06 Jun 2025,,,,,,03_Mar,,,,,,,,"$14,336.00",65,72,Invoice Raised,Above 60 Days,ITSM Staffing Services | ITSM Services Change Order 1,,,AIS-ITSM-25-03,,,,,Realised,,,,,27 Mar 2025,,Eli Lilly - ITSM Staffing Services,,,,,
04 Jul 2025,,,,,,,,,AIS / Eli Lilly,,,,Ongoing,,5,,,2025,,09 Jul 2025,,,,,,04_Apr,,,,,,,,"$13,860.00",65,72,Invoice Raised,Above 60 Days,ITSM Staffing Services | ITSM Services Change Order 1,,,AIS-ITSM-25-04,,,,,Realised,,,,,29 Apr 2025,,Eli Lilly - ITSM Staffing Services,,,,,
02 Aug 2026,,,,,,,,,AIS / Eli Lilly,,,,,,,,,2026,,,,,,,,05_May,,,,,,,,"$13,440.00",65,,Invoice Raised,Pending,ITSM Services Change Order 2,,,AIS-ITSM-26-05,,,,,Pending,,,,,28 May 2026,AIS00378914,Eli Lilly - ITSM Staffing Services,,,,,
04 May 2025,,,,,,,,,AIS / Eli Lilly,,,,Ongoing,,2,,,2025,,06 May 2025,,,,,,02_Feb,,,,,,,,"$13,552.00",65,69,Invoice Raised,Above 60 Days,ITSM Staffing Services,,,AIS-ITSM-25-02,,,,,Realised,,,,,27 Feb 2025,,Eli Lilly - ITSM Staffing Services,,,,,
01 Jan 2026,,,,,,,,,AIS / Eli Lilly,,,,Ongoing,,11,,,2025,,12 Jan 2026,,,,,,10_Oct,,,,,,,,"$13,776.00",65,78,Invoice Raised,Above 60 Days,ITSM Staffing Services | ITSM Services Change Order 1,,,AIS-ITSM-25-10,,,,,Realised,,,,,27 Oct 2025,,Eli Lilly - ITSM Staffing Services,,,,,
30 Nov 2025,,,,,,,,,AIS / Eli Lilly,,,,Ongoing,,5,,,2025,,05 Dec 2025,,,,,,09_Sep,,,,,,,,"$13,860.00",65,72,Invoice Raised,Above 60 Days,ITSM Staffing Services | ITSM Services Change Order 1,,,AIS-ITSM-25-09,,,,,Realised,,,,,25 Sep 2025,,Eli Lilly - ITSM Staffing Services,,,,,
02 Oct 2025,,,,,,,,,AIS / Eli Lilly,,,,Ongoing,,41,,,2025,,12 Nov 2025,,,,,,07_Jul,,,,,,,,"$13,860.00",65,108,Invoice Raised,Above 60 Days,ITSM Staffing Services | ITSM Services Change Order 1,,,AIS-ITSM-25-07,,,,,Realised,,,,,28 Jul 2025,,Eli Lilly - ITSM Staffing Services,,,,,
05 Apr 2025,,,,,,,,,AIS / Eli Lilly,,,,Ongoing,,10,,,2025,,15 Apr 2025,,,,,,01_Jan,,,,,,,,"$5,920.00",65,77,Invoice Raised,Above 60 Days,Immunology Medical Affairs AutomateHub – Support and Enhancements,,,AIS-IMA-25-01,,,,,Realised,,,,,29 Jan 2025,,Eli Lilly - Immunology Medical Affairs AutomateHub – Support & Enhancements,,,,,
01 Jun 2025,,,,,,,,,AIS / Eli Lilly,,,,Ongoing,,8,,,2025,,09 Jun 2025,,,,,,03_Mar,,,,,,,,"$5,920.00",65,75,Invoice Raised,Above 60 Days,Immunology Medical Affairs AutomateHub – Support and Enhancements,,,AIS-IMA-25-03,,,,,Realised,,,,,27 Mar 2025,,Eli Lilly - Immunology Medical Affairs AutomateHub – Support & Enhancements,,,,,
04 Jul 2025,,,,,,,,,AIS / Eli Lilly,,,,Ongoing,,12,,,2025,,16 Jul 2025,,,,,,04_Apr,,,,,,,,"$5,920.00",65,79,Invoice Raised,Above 60 Days,Immunology Medical Affairs AutomateHub – Support and Enhancements,,,AIS-IMA-25-04,,,,,Realised,,,,,29 Apr 2025,,Eli Lilly - Immunology Medical Affairs AutomateHub – Support & Enhancements,,,,,
04 May 2025,,,,,,,,,AIS / Eli Lilly,,,,Ongoing,,0,,,2025,,01 May 2025,,,,,,02_Feb,,,,,,,,"$5,920.00",65,64,Invoice Raised,Above 60 Days,Immunology Medical Affairs AutomateHub – Support and Enhancements,,,AIS-IMA-25-02,,,,,Realised,,,,,27 Feb 2025,,Eli Lilly - Immunology Medical Affairs AutomateHub – Support & Enhancements,,,,,
30 Nov 2025,,,,,,,,,AIS / Eli Lilly,,,,Ongoing,,5,,,2025,,05 Dec 2025,,,,,,09_Sep,,,,,,,,"$1,920.00",65,72,Invoice Raised,Above 60 Days,Immunology Medical Affairs AutomateHub – Support and Enhancements,,,AIS-IMA-25-09,,,,,Realised,,,,,25 Sep 2025,,Eli Lilly - Immunology Medical Affairs AutomateHub – Support & Enhancements,,,,,
04 Sep 2025,,,,,,,,,AIS / Eli Lilly,,,,Ongoing,,25,,,2025,,29 Sep 2025,,,,,,06_Jun,,,,,,,,"$5,920.00",65,92,Invoice Raised,Above 60 Days,Immunology Medical Affairs AutomateHub – Support and Enhancements,,,AIS-IMA-25-06,,,,,Realised,,,,,30 Jun 2025,,Eli Lilly - Immunology Medical Affairs AutomateHub – Support & Enhancements,,,,,
03 Nov 2025,,,,,,,,,AIS / Eli Lilly,,,,Ongoing,,16,,,2025,,19 Nov 2025,,,,,,08_Aug,,,,,,,,"$1,920.00",65,83,Invoice Raised,Above 60 Days,Immunology Medical Affairs AutomateHub – Support and Enhancements,,,AIS-IMA-25-08,,,,,Realised,,,,,29 Aug 2025,,Eli Lilly - Immunology Medical Affairs AutomateHub – Support & Enhancements,,,,,
02 Aug 2025,,,,,,,,,AIS / Eli Lilly,,,,Ongoing,,4,,,2025,,06 Aug 2025,,,,,,05_May,,,,,,,,"$5,920.00",65,71,Invoice Raised,Above 60 Days,Immunology Medical Affairs AutomateHub – Support and Enhancements,,,AIS-IMA-25-05,,,,,Realised,,,,,28 May 2025,,Eli Lilly - Immunology Medical Affairs AutomateHub – Support & Enhancements,,,,,
02 Oct 2025,,,,,,,,,AIS / Eli Lilly,,,,Ongoing,,6,,,2025,,08 Oct 2025,,,,,,07_Jul,,,,,,,,"$4,702.00",65,73,Invoice Raised,Above 60 Days,Immunology Medical Affairs AutomateHub – Support and Enhancements,,,AIS-IMA-25-07,,,,,Realised,,,,,28 Jul 2025,,Eli Lilly - Immunology Medical Affairs AutomateHub – Support & Enhancements,,,,,
05 Apr 2025,,,,,,,,,AIS / Eli Lilly,,,,Completed,,10,,,2025,,15 Apr 2025,,,,,,01_Jan,,,,,,,,$960.00,65,77,Invoice Raised,Above 60 Days,LRL (L&D) - Data Ingestion Support Services Change Order 2,,,AIS-LRL-25-01,,,,,Realised,,,,,29 Jan 2025,,Eli Lilly - LRL (L&D) - Data Ingestion Support Services,,,,,
03 Nov 2025,,,,,,,,,AIS / Eli Lilly,,,,Ongoing,,16,,,2025,,19 Nov 2025,,,,,,08_Aug,,,,,,,,"$9,782.00",65,83,Invoice Raised,Above 60 Days,LRL Tech@Lilly Tulip Staffing Services,,,AIS-T-25-02,,,,,Realised,,,,,29 Aug 2025,,Eli Lilly - LRL Tech@Lilly Tulip Staffing Services,,,,,
01 Jan 2026,,,,,,,,,AIS / Eli Lilly,,,,Ongoing,,11,,,2025,,12 Jan 2026,,,,,,10_Oct,,,,,,,,"$10,307.00",65,78,Invoice Raised,Above 60 Days,LRL Tech@Lilly Tulip Staffing Services,,,AIS-T-25-04,,,,,Realised,,,,,27 Oct 2025,,Eli Lilly - LRL Tech@Lilly Tulip Staffing Services,,,,,
27 Jan 2026,,,,,,,,,AIS / Eli Lilly,,,,Ongoing,,3,,,2025,,30 Jan 2026,,,,,,11_Nov,,,,,,,,"$9,258.00",65,70,Invoice Raised,Above 60 Days,LRL Tech@Lilly Tulip Staffing Services,,,AIS-T-25-05,,,,,Realised,,,,,22 Nov 2025,,Eli Lilly - LRL Tech@Lilly Tulip Staffing Services,,,,,
03 Apr 2026,,,,,,,,,AIS / Eli Lilly,,,,,,0,,,2026,,25 Mar 2026,,,,,,01_Jan,,,,,,,,"$10,307.20",65,58,Invoice Raised,Between 46 to 60 Days,LRL Tech@Lilly Tulip Staffing Services,,,AIS-T-26-01,,,,,Realised,,,,,27 Jan 2026,AIS00515046,Eli Lilly - LRL Tech@Lilly Tulip Staffing Services,,,,,
26 Feb 2026,,,,,,,,,AIS / Eli Lilly,,,,Ongoing,,0,,,2025,,26 Feb 2026,,,,,,12_Dec,,,,,,,,"$9,520.00",65,67,Invoice Raised,Above 60 Days,LRL Tech@Lilly Tulip Staffing Services,,,AIS-T-25-06,,,,,Realised,,,,,22 Dec 2025,,Eli Lilly - LRL Tech@Lilly Tulip Staffing Services,,,,,
30 May 2026,,,,,,,,,AIS / Eli Lilly,Paid,,,,,5,,,2026,,04 Jun 2026,,,,,,03_Mar,,,,,,,,"$10,045.00",65,72,Invoice Raised,Above 60 Days,LRL Tech@Lilly Tulip Staffing Services,,,AIS-T-26-03,,,,,Realised,,,,,25 Mar 2026,AIS00515046,Eli Lilly - LRL Tech@Lilly Tulip Staffing Services,,,,,
02 Aug 2026,,,,,,,,,AIS / Eli Lilly,,,,,,,,,2026,,,,,,,,05_May,,,,,,,,"$9,782.00",65,,Invoice Raised,Pending,LRL Tech@Lilly Tulip Staffing Services,,,AIS-T-26-05,,,,,Pending,,,,,28 May 2026,AIS00515046,Eli Lilly - LRL Tech@Lilly Tulip Staffing Services,,,,,
02 Jul 2026,,,,,,,,,AIS / Eli Lilly,,,,,,,,,2026,,,,,,,,04_Apr,,,,,,,,"$10,045.00",65,,Invoice Raised,Pending,LRL Tech@Lilly Tulip Staffing Services,,,AIS-T-26-04,,,,,Pending,,,,,27 Apr 2026,AIS00515046,Eli Lilly - LRL Tech@Lilly Tulip Staffing Services,,,,,
08 May 2026,,,,,,,,,AIS / Eli Lilly,,,,,,0,Paid,,2026,,06 May 2026,,,,,,02_Feb,,,,,,,,"$10,044.80",65,65,Invoice Raised,Above 60 Days,LRL Tech@Lilly Tulip Staffing Services,,,AIS-T-26-02,,,,,Realised,,,,,03 Mar 2026,AIS00515046,Eli Lilly - LRL Tech@Lilly Tulip Staffing Services,,,,,
30 Nov 2025,,,,,,,,,AIS / Eli Lilly,,,,Ongoing,,5,,,2025,,05 Dec 2025,,,,,,09_Sep,,,,,,,,"$10,832.00",65,72,Invoice Raised,Above 60 Days,LRL Tech@Lilly Tulip Staffing Services,,,AIS-T-25-03,,,,,Realised,,,,,25 Sep 2025,,Eli Lilly - LRL Tech@Lilly Tulip Staffing Services,,,,,
02 Oct 2025,,,,,,,,,AIS / Eli Lilly,,,,Ongoing,,0,,,2025,,09 Jul 2025,,,,,,07_Jul,,,,,,,,"$4,720.00",65,-18,Invoice Raised,Above 60 Days,LRL Tech@Lilly Tulip Staffing Services,,,AIS-T-25-01,,,,,Realised,,,,,28 Jul 2025,,Eli Lilly - LRL Tech@Lilly Tulip Staffing Services,,,,,
08 May 2026,,,,,,,,,AIS / Eli Lilly,,,,,,0,Paid,,2026,,06 May 2026,,,,,,02_Feb,,,,,,,,"$25,536.00",65,65,Invoice Raised,Above 60 Days,LTC – S Infrastructure Support Services Change Order 2,,,AIS-ISS-26-02,,,,,Realised,,,,,03 Mar 2026,AIS0045233,Eli Lilly - LTC – S Infrastructure Support Services,,,,,
30 Nov 2025,,,,,,,,,AIS / Eli Lilly,,,,Ongoing,,5,,,2025,,05 Dec 2025,,,,,,09_Sep,,,,,,,,"$24,827.00",65,72,Invoice Raised,Above 60 Days,LTC – S Infrastructure Support Services Change Order 1,,,AIS-ISS-25-09,,,,,Realised,,,,,25 Sep 2025,,Eli Lilly - LTC – S Infrastructure Support Services,,,,,
06 Jun 2025,,,,,,,,,AIS / Eli Lilly,,,,Ongoing,,0,,,2025,,06 Jun 2025,,,,,,03_Mar,,,,,,,,"$24,826.00",65,67,Invoice Raised,Above 60 Days,LTC – S Infrastructure Support Services Change Order 1,,,AIS-ISS-25-03,,,,,Realised,,,,,01 Apr 2025,,Eli Lilly - LTC – S Infrastructure Support Services,,,,,
04 Jul 2025,,,,,,,,,AIS / Eli Lilly,,,,Ongoing,,5,,,2025,,09 Jul 2025,,,,,,04_Apr,,,,,,,,"$24,826.00",65,72,Invoice Raised,Above 60 Days,LTC – S Infrastructure Support Services Change Order 1,,,AIS-ISS-25-04,,,,,Realised,,,,,29 Apr 2025,,Eli Lilly - LTC – S Infrastructure Support Services,,,,,
01 Jan 2026,,,,,,,,,AIS / Eli Lilly,,,,Ongoing,,11,,,2025,,12 Jan 2026,,,,,,10_Oct,,,,,,,,"$24,827.00",65,78,Invoice Raised,Above 60 Days,LTC – S Infrastructure Support Services Change Order 1,,,AIS-ISS-25-10,,,,,Realised,,,,,27 Oct 2025,,Eli Lilly - LTC – S Infrastructure Support Services,,,,,
04 May 2025,,,,,,,,,AIS / Eli Lilly,,,,Ongoing,,2,,,2025,,06 May 2025,,,,,,02_Feb,,,,,,,,"$24,826.00",65,69,Invoice Raised,Above 60 Days,LTC – S Infrastructure Support Services Change Order 1,,,AIS-ISS-25-02,,,,,Realised,,,,,27 Feb 2025,,Eli Lilly - LTC – S Infrastructure Support Services,,,,,
02 Jul 2026,,,,,,,,,AIS / Eli Lilly,,,,,,,,,2026,,,,,,,,04_Apr,,,,,,,,"$25,536.00",65,,Invoice Raised,Pending,LTC – S Infrastructure Support Services Change Order 2,,,AIS-ISS-26-04,,,,,Pending,,,,,27 Apr 2026,AIS0045233,Eli Lilly - LTC – S Infrastructure Support Services,,,,,
02 Aug 2025,,,,,,,,,AIS / Eli Lilly,,,,Ongoing,,25,,,2025,,27 Aug 2025,,,,,,05_May,,,,,,,,"$21,787.00",65,92,Invoice Raised,Above 60 Days,LTC – S Infrastructure Support Services Change Order 1,,,AIS-ISS-25-05,,,,,Realised,,,,,28 May 2025,,Eli Lilly - LTC – S Infrastructure Support Services,,,,,
03 Apr 2026,,,,,,,,,AIS / Eli Lilly,,,,,,0,,,2026,,25 Mar 2026,,,,,,01_Jan,,,,,,,,"$26,752.00",65,58,Invoice Raised,Between 46 to 60 Days,LTC – S Infrastructure Support Services Change Order 2,,,AIS-ISS-26-01,,,,,Realised,,,,,27 Jan 2026,AIS0045233,Eli Lilly - LTC – S Infrastructure Support Services,,,,,
02 Oct 2025,,,,,,,,,AIS / Eli Lilly,,,,Ongoing,,41,,,2025,,12 Nov 2025,,,,,,07_Jul,,,,,,,,"$12,414.00",65,108,Invoice Raised,Above 60 Days,LTC – S Infrastructure Support Services Change Order 1,,,AIS-ISS-25-07,,,,,Realised,,,,,28 Jul 2025,,Eli Lilly - LTC – S Infrastructure Support Services,,,,,
27 Jan 2026,,,,,,,,,AIS / Eli Lilly,,,,Ongoing,,3,,,2025,,30 Jan 2026,,,,,,11_Nov,,,,,,,,"$24,827.00",65,70,Invoice Raised,Above 60 Days,LTC – S Infrastructure Support Services Change Order 1,,,AIS-ISS-25-11,,,,,Realised,,,,,22 Nov 2025,,Eli Lilly - LTC – S Infrastructure Support Services,,,,,
04 Sep 2025,,,,,,,,,AIS / Eli Lilly,,,,Ongoing,,11,,,2025,,15 Sep 2025,,,,,,06_Jun,,,,,,,,"$12,414.00",65,78,Invoice Raised,Above 60 Days,LTC – S Infrastructure Support Services Change Order 1,,,AIS-ISS-25-06,,,,,Realised,,,,,30 Jun 2025,,Eli Lilly - LTC – S Infrastructure Support Services,,,,,
30 May 2026,,,,,,,,,AIS / Eli Lilly,Paid,,,,,5,,,2026,,04 Jun 2026,,,,,,03_Mar,,,,,,,,"$24,320.00",65,72,Invoice Raised,Above 60 Days,LTC – S Infrastructure Support Services Change Order 2,,,AIS-ISS-26-03,,,,,Realised,,,,,25 Mar 2026,AIS0045233,Eli Lilly - LTC – S Infrastructure Support Services,,,,,
05 Apr 2025,,,,,,,,,AIS / Eli Lilly,,,,Ongoing,,10,,,2025,,15 Apr 2025,,,,,,01_Jan,,,,,,,,"$24,826.00",65,77,Invoice Raised,Above 60 Days,LTC – S Infrastructure Support Services Change Order 1,,,AIS-ISS-25-01,,,,,Realised,,,,,29 Jan 2025,,Eli Lilly - LTC – S Infrastructure Support Services,,,,,
03 Nov 2025,,,,,,,,,AIS / Eli Lilly,,,,Ongoing,,16,,,2025,,19 Nov 2025,,,,,,08_Aug,,,,,,,,"$24,219.00",65,83,Invoice Raised,Above 60 Days,LTC – S Infrastructure Support Services Change Order 1,,,AIS-ISS-25-08,,,,,Realised,,,,,29 Aug 2025,,Eli Lilly - LTC – S Infrastructure Support Services,,,,,
26 Feb 2026,,,,,,,,,AIS / Eli Lilly,,,,Ongoing,,0,,,2025,,26 Feb 2026,,,,,,12_Dec,,,,,,,,"$24,827.00",65,67,Invoice Raised,Above 60 Days,LTC – S Infrastructure Support Services Change Order 1,,,AIS-ISS-25-12,,,,,Realised,,,,,22 Dec 2025,,Eli Lilly - LTC – S Infrastructure Support Services,,,,,
02 Aug 2026,,,,,,,,,AIS / Eli Lilly,,,,,,,,,2026,,,,,,,,05_May,,,,,,,,"$25,536.00",65,,Invoice Raised,Pending,LTC – S Infrastructure Support Services Change Order 2,,,AIS-ISS-26-05,,,,,Pending,,,,,28 May 2026,AIS0045233,Eli Lilly - LTC – S Infrastructure Support Services,,,,,
02 Jul 2026,,,,,,,,,AIS / Eli Lilly,,,,,,,,,2026,,,,,,,,04_Apr,,,,,,,,"$51,384.00",65,,Invoice Raised,Pending,Limerick Alarm Management | Limerick Alarm Management Revised,,,AIS-LAM-26-03,,,,,Pending,,,,,27 Apr 2026,AIS-WO 104,Eli Lilly - Limerick Alarm Management,,,,,
30 May 2026,,,,,,,,,AIS / Eli Lilly,Paid,,,,,5,,,2026,,04 Jun 2026,,,,,,03_Mar,,,,,,,,"$51,384.00",65,72,Invoice Raised,Above 60 Days,Limerick Alarm Management | Limerick Alarm Management Revised,,,AIS-LAM-26-02,,,,,Realised,,,,,25 Mar 2026,AIS-WO 104,Eli Lilly - Limerick Alarm Management,,,,,
08 May 2026,,,,,,,,,AIS / Eli Lilly,,,,,,0,Paid,,2026,,06 May 2026,,,,,,02_Feb,,,,,,,,"$51,384.00",65,65,Invoice Raised,Above 60 Days,Limerick Alarm Management | Limerick Alarm Management Revised,,,AIS-LAM-26-01,,,,,Realised,,,,,03 Mar 2026,AIS-WO 104,Eli Lilly - Limerick Alarm Management,,,,,
02 Aug 2026,,,,,,,,,AIS / Eli Lilly,,,,,,,,,2026,,,,,,,,05_May,,,,,,,,"$42,640.00",65,,Invoice Raised,Pending,"Limerick PowerApps, Data Solutions & Full Stack Development Services | Limerick PowerApps, Data Solutions & Full Stack Development Services Change Order 1",,,AIS-PFD-26-05,,,,,Pending,,,,,28 May 2026,AIS-WO 110,"Eli Lilly - Limerick PowerApps, Data Solutions & Full Stack Development Services",,,,,
08 May 2026,,,,,,,,,AIS / Eli Lilly,,,,,,0,,,2026,,25 Mar 2026,,,,,,01_Jan,,,,,,,,"$32,800.00",65,23,Invoice Raised,Between 16 to 30 Days,"Limerick PowerApps, Data Solutions & Full Stack Development Services",,,AIS-PFD-26-01,,,,,Realised,,,,,03 Mar 2026,AIS-WO 110,"Eli Lilly - Limerick PowerApps, Data Solutions & Full Stack Development Services",,,,,
30 May 2026,,,,,,,,,AIS / Eli Lilly,Paid,,,,,5,,,2026,,04 Jun 2026,,,,,,03_Mar,,,,,,,,"$32,800.00",65,72,Invoice Raised,Above 60 Days,"Limerick PowerApps, Data Solutions & Full Stack Development Services",,,AIS-PFD-26-03,,,,,Realised,,,,,25 Mar 2026,AIS-WO 110,"Eli Lilly - Limerick PowerApps, Data Solutions & Full Stack Development Services",,,,,
02 Jul 2026,,,,,,,,,AIS / Eli Lilly,,,,,,,,,2026,,,,,,,,04_Apr,,,,,,,,"$32,800.00",65,,Invoice Raised,Pending,"Limerick PowerApps, Data Solutions & Full Stack Development Services",,,AIS-PFD-26-04,,,,,Pending,,,,,27 Apr 2026,AIS-WO 110,"Eli Lilly - Limerick PowerApps, Data Solutions & Full Stack Development Services",,,,,
08 May 2026,,,,,,,,,AIS / Eli Lilly,,,,,,0,Paid,,2026,,06 May 2026,,,,,,02_Feb,,,,,,,,"$32,800.00",65,65,Invoice Raised,Above 60 Days,"Limerick PowerApps, Data Solutions & Full Stack Development Services",,,AIS-PFD-26-02,,,,,Realised,,,,,03 Mar 2026,AIS-WO 110,"Eli Lilly - Limerick PowerApps, Data Solutions & Full Stack Development Services",,,,,
30 May 2026,,,,,,,,,AIS / Eli Lilly,Paid,,,,,5,,,2026,,04 Jun 2026,,,,,,03_Mar,,,,,,,,"$9,840.00",65,72,Invoice Raised,Above 60 Days,Limerick Tulip Development Services,,,AIS-TD-26-03,,,,,Realised,,,,,25 Mar 2026,AIS-WO 109,Eli Lilly - Limerick Tulip Development Services,,,,,
08 May 2026,,,,,,,,,AIS / Eli Lilly,,,,,,0,Paid,,2026,,06 May 2026,,,,,,02_Feb,,,,,,,,"$16,400.00",65,65,Invoice Raised,Above 60 Days,Limerick Tulip Development Services,,,AIS-TD-26-02,,,,,Realised,,,,,03 Mar 2026,AIS-WO 109,Eli Lilly - Limerick Tulip Development Services,,,,,
08 May 2026,,,,,,,,,AIS / Eli Lilly,,,,,,0,,,2026,,25 Mar 2026,,,,,,01_Jan,,,,,,,,"$16,400.00",65,23,Invoice Raised,Between 16 to 30 Days,Limerick Tulip Development Services,,,AIS-TD-26-01,,,,,Realised,,,,,03 Mar 2026,AIS-WO 109,Eli Lilly - Limerick Tulip Development Services,,,,,
02 Aug 2026,,,,,,,,,AIS / Eli Lilly,,,,,,,,,2026,,,,,,,,05_May,,,,,,,,"$6,560.00",65,,Invoice Raised,Pending,Limerick Tulip Development Services,,,AIS-TD-26-05,,,,,Pending,,,,,28 May 2026,AIS-WO 109,Eli Lilly - Limerick Tulip Development Services,,,,,
02 Jul 2026,,,,,,,,,AIS / Eli Lilly,,,,,,,,,2026,,,,,,,,04_Apr,,,,,,,,"$9,840.00",65,,Invoice Raised,Pending,Limerick Tulip Development Services,,,AIS-TD-26-04,,,,,Pending,,,,,27 Apr 2026,AIS-WO 109,Eli Lilly - Limerick Tulip Development Services,,,,,
19 Jul 2026,,,,,,,,,Eli Lilly,,,,,,,,,2026,,,,,,,,05_May,,,,,,,,"$10,560.00",45,,Invoice Raised,Pending,MES Staff Augmentation,,,MES-26-002-MAY,,,,,Pending,,,,,03 Jun 2026,4200655930,Eli Lilly - MES Staff Augmentation - AA,,,,,
22 Jun 2026,,,,,,,,,Eli Lilly,,,,,,,,,2026,,,,,,,,04_Apr,,,,,,,,"$5,280.00",45,,Invoice Raised,Pending,MES Staff Augmentation,,,MES-26-001-APR,,,,,Pending,,,,,07 May 2026,4200655930,Eli Lilly - MES Staff Augmentation - AA,,,,,
02 Oct 2025,,,,,,,,,AIS / Eli Lilly,,,,Ongoing,,41,,,2025,,12 Nov 2025,,,,,,07_Jul,,,,,,,,"$14,374.00",65,108,Invoice Raised,Above 60 Days,Meeting Room Tech Solutions Back End Support Specialist_ Change Order 1,,,AIS-MRS-25-05,,,,,Realised,,,,,28 Jul 2025,,Eli Lilly - Meeting Room Tech Solutions,,,,,
01 Jun 2025,,,,,,,,,AIS / Eli Lilly,,,,Ongoing,,5,,,2025,,06 Jun 2025,,,,,,03_Mar,,,,,,,,"$14,374.00",65,72,Invoice Raised,Above 60 Days,Meeting Room Tech Solutions Back End Support Specialist_ Change Order 1,,,AIS-MRS-25-01,,,,,Realised,,,,,27 Mar 2025,,Eli Lilly - Meeting Room Tech Solutions,,,,,
04 Sep 2025,,,,,,,,,AIS / Eli Lilly,,,,Ongoing,,11,,,2025,,15 Sep 2025,,,,,,06_Jun,,,,,,,,"$14,374.00",65,78,Invoice Raised,Above 60 Days,Meeting Room Tech Solutions Back End Support Specialist_ Change Order 1,,,AIS-MRS-25-04,,,,,Realised,,,,,30 Jun 2025,,Eli Lilly - Meeting Room Tech Solutions,,,,,
02 Aug 2025,,,,,,,,,AIS / Eli Lilly,,,,Ongoing,,11,,,2025,,13 Aug 2025,,,,,,05_May,,,,,,,,"$14,374.00",65,78,Invoice Raised,Above 60 Days,Meeting Room Tech Solutions Back End Support Specialist_ Change Order 1,,,AIS-MRS-25-03,,,,,Realised,,,,,28 May 2025,,Eli Lilly - Meeting Room Tech Solutions,,,,,
04 Jul 2025,,,,,,,,,AIS / Eli Lilly,,,,Ongoing,,5,,,2025,,09 Jul 2025,,,,,,04_Apr,,,,,,,,"$14,374.00",65,72,Invoice Raised,Above 60 Days,Meeting Room Tech Solutions Back End Support Specialist_ Change Order 1,,,AIS-MRS-25-02,,,,,Realised,,,,,29 Apr 2025,,Eli Lilly - Meeting Room Tech Solutions,,,,,
30 Nov 2025,,,,,,,,,AIS / Eli Lilly,,,,Ongoing,,5,,,2025,,05 Dec 2025,,,,,,09_Sep,,,,,,,,"$14,373.00",65,72,Invoice Raised,Above 60 Days,Meeting Room Tech Solutions Back End Support Specialist_ Change Order 1,,,AIS-MRS-25-07,,,,,Realised,,,,,25 Sep 2025,,Eli Lilly - Meeting Room Tech Solutions,,,,,
03 Nov 2025,,,,,,,,,AIS / Eli Lilly,,,,Ongoing,,16,,,2025,,19 Nov 2025,,,,,,08_Aug,,,,,,,,"$14,374.00",65,83,Invoice Raised,Above 60 Days,Meeting Room Tech Solutions Back End Support Specialist_ Change Order 1,,,AIS-MRS-25-06,,,,,Realised,,,,,29 Aug 2025,,Eli Lilly - Meeting Room Tech Solutions,,,,,
04 Sep 2025,,,,,,,,,AIS / Eli Lilly,,,,Ongoing,,7,,,2025,,11 Sep 2025,,,,,,06_Jun,,,,,,,,$960.00,65,74,Invoice Raised,Above 60 Days,NBU Medical Affairs AutomateHub – Support Services 2025,,,AIS-NBU-25-06,,,,,Realised,,,,,30 Jun 2025,,Eli Lilly - NBU Medical Affairs AutomateHub - Support Services,,,,,
05 Apr 2025,,,,,,,,,AIS / Eli Lilly,,,,Ongoing,,10,,,2025,,15 Apr 2025,,,,,,01_Jan,,,,,,,,$960.00,65,77,Invoice Raised,Above 60 Days,NBU Medical Affairs AutomateHub – Support Services 2025,,,AIS-NBU-25-01,,,,,Realised,,,,,29 Jan 2025,,Eli Lilly - NBU Medical Affairs AutomateHub - Support Services,,,,,
04 Jul 2025,,,,,,,,,AIS / Eli Lilly,,,,Ongoing,,5,,,2025,,09 Jul 2025,,,,,,04_Apr,,,,,,,,$960.00,65,72,Invoice Raised,Above 60 Days,NBU Medical Affairs AutomateHub – Support Services 2025,,,AIS-NBU-25-04,,,,,Realised,,,,,29 Apr 2025,,Eli Lilly - NBU Medical Affairs AutomateHub - Support Services,,,,,
04 May 2025,,,,,,,,,AIS / Eli Lilly,,,,Ongoing,,0,,,2025,,01 May 2025,,,,,,02_Feb,,,,,,,,$960.00,65,64,Invoice Raised,Above 60 Days,NBU Medical Affairs AutomateHub – Support Services 2025,,,AIS-NBU-25-02,,,,,Realised,,,,,27 Feb 2025,,Eli Lilly - NBU Medical Affairs AutomateHub - Support Services,,,,,
01 Jun 2025,,,,,,,,,AIS / Eli Lilly,,,,Ongoing,,8,,,2025,,09 Jun 2025,,,,,,03_Mar,,,,,,,,$960.00,65,75,Invoice Raised,Above 60 Days,NBU Medical Affairs AutomateHub – Support Services 2025,,,AIS-NBU-25-03,,,,,Realised,,,,,27 Mar 2025,,Eli Lilly - NBU Medical Affairs AutomateHub - Support Services,,,,,
02 Oct 2025,,,,,,,,,AIS / Eli Lilly,,,,Ongoing,,6,,,2025,,08 Oct 2025,,,,,,07_Jul,,,,,,,,$960.00,65,73,Invoice Raised,Above 60 Days,NBU Medical Affairs AutomateHub – Support Services 2025,,,AIS-NBU-25-07,,,,,Realised,,,,,28 Jul 2025,,Eli Lilly - NBU Medical Affairs AutomateHub - Support Services,,,,,
02 Aug 2025,,,,,,,,,AIS / Eli Lilly,,,,Ongoing,,4,,,2025,,06 Aug 2025,,,,,,05_May,,,,,,,,$960.00,65,71,Invoice Raised,Above 60 Days,NBU Medical Affairs AutomateHub – Support Services 2025,,,AIS-NBU-25-05,,,,,Realised,,,,,28 May 2025,,Eli Lilly - NBU Medical Affairs AutomateHub - Support Services,,,,,
30 Nov 2025,,,,,,,,,AIS / Eli Lilly,,,,Ongoing,,5,,,2025,,05 Dec 2025,,,,,,09_Sep,,,,,,,,$960.00,65,72,Invoice Raised,Above 60 Days,NBU Medical Affairs AutomateHub – Support Services 2025,,,AIS-NBU-25-09,,,,,Realised,,,,,25 Sep 2025,,Eli Lilly - NBU Medical Affairs AutomateHub - Support Services,,,,,
03 Nov 2025,,,,,,,,,AIS / Eli Lilly,,,,Ongoing,,16,,,2025,,19 Nov 2025,,,,,,08_Aug,,,,,,,,$960.00,65,83,Invoice Raised,Above 60 Days,NBU Medical Affairs AutomateHub – Support Services 2025,,,AIS-NBU-25-08,,,,,Realised,,,,,29 Aug 2025,,Eli Lilly - NBU Medical Affairs AutomateHub - Support Services,,,,,
02 Aug 2025,,,,,,,,,AIS / Eli Lilly,,,,Ongoing,,4,,,2025,,06 Aug 2025,,,,,,05_May,,,,,,,,$960.00,65,71,Invoice Raised,Above 60 Days,OBU Medical Affairs AutomateHub – Support Services 2025,,,AIS-OBU-25-05,,,,,Realised,,,,,28 May 2025,,Eli Lilly - OBU Medical Affairs AutomateHub – Support Services,,,,,
05 Apr 2025,,,,,,,,,AIS / Eli Lilly,,,,Ongoing,,10,,,2025,,15 Apr 2025,,,,,,01_Jan,,,,,,,,$960.00,65,77,Invoice Raised,Above 60 Days,OBU Medical Affairs AutomateHub – Support Services 2025,,,AIS-OBU-25-01,,,,,Realised,,,,,29 Jan 2025,,Eli Lilly - OBU Medical Affairs AutomateHub – Support Services,,,,,
04 Sep 2025,,,,,,,,,AIS / Eli Lilly,,,,Ongoing,,7,,,2025,,11 Sep 2025,,,,,,06_Jun,,,,,,,,$960.00,65,74,Invoice Raised,Above 60 Days,OBU Medical Affairs AutomateHub – Support Services 2025,,,AIS-OBU-25-06,,,,,Realised,,,,,30 Jun 2025,,Eli Lilly - OBU Medical Affairs AutomateHub – Support Services,,,,,
26 Feb 2026,,,,,,,,,AIS / Eli Lilly,,,,Ongoing,,0,,,2025,,26 Feb 2026,,,,,,12_Dec,,,,,,,,$960.00,65,67,Invoice Raised,Above 60 Days,OBU Medical Affairs AutomateHub – Support Services 2025,,,AIS-OBU-25-12,,,,,Realised,,,,,22 Dec 2025,,Eli Lilly - OBU Medical Affairs AutomateHub – Support Services,,,,,
30 Nov 2025,,,,,,,,,AIS / Eli Lilly,,,,Ongoing,,5,,,2025,,05 Dec 2025,,,,,,09_Sep,,,,,,,,$960.00,65,72,Invoice Raised,Above 60 Days,OBU Medical Affairs AutomateHub – Support Services 2025,,,AIS-OBU-25-09,,,,,Realised,,,,,25 Sep 2025,,Eli Lilly - OBU Medical Affairs AutomateHub – Support Services,,,,,
03 Nov 2025,,,,,,,,,AIS / Eli Lilly,,,,Ongoing,,16,,,2025,,19 Nov 2025,,,,,,08_Aug,,,,,,,,$960.00,65,83,Invoice Raised,Above 60 Days,OBU Medical Affairs AutomateHub – Support Services 2025,,,AIS-OBU-25-08,,,,,Realised,,,,,29 Aug 2025,,Eli Lilly - OBU Medical Affairs AutomateHub – Support Services,,,,,
01 Jun 2025,,,,,,,,,AIS / Eli Lilly,,,,Ongoing,,8,,,2025,,09 Jun 2025,,,,,,03_Mar,,,,,,,,$960.00,65,75,Invoice Raised,Above 60 Days,OBU Medical Affairs AutomateHub – Support Services 2025,,,AIS-OBU-25-03,,,,,Realised,,,,,27 Mar 2025,,Eli Lilly - OBU Medical Affairs AutomateHub – Support Services,,,,,
04 Jul 2025,,,,,,,,,AIS / Eli Lilly,,,,Ongoing,,5,,,2025,,09 Jul 2025,,,,,,04_Apr,,,,,,,,$960.00,65,72,Invoice Raised,Above 60 Days,OBU Medical Affairs AutomateHub – Support Services 2025,,,AIS-OBU-25-04,,,,,Realised,,,,,29 Apr 2025,,Eli Lilly - OBU Medical Affairs AutomateHub – Support Services,,,,,
27 Jan 2026,,,,,,,,,AIS / Eli Lilly,,,,Ongoing,,3,,,2025,,30 Jan 2026,,,,,,11_Nov,,,,,,,,$960.00,65,70,Invoice Raised,Above 60 Days,OBU Medical Affairs AutomateHub – Support Services 2025,,,AIS-OBU-25-11,,,,,Realised,,,,,22 Nov 2025,,Eli Lilly - OBU Medical Affairs AutomateHub – Support Services,,,,,
01 Jan 2026,,,,,,,,,AIS / Eli Lilly,,,,Ongoing,,11,,,2025,,12 Jan 2026,,,,,,10_Oct,,,,,,,,$960.00,65,78,Invoice Raised,Above 60 Days,OBU Medical Affairs AutomateHub – Support Services 2025,,,AIS-OBU-25-10,,,,,Realised,,,,,27 Oct 2025,,Eli Lilly - OBU Medical Affairs AutomateHub – Support Services,,,,,
02 Oct 2025,,,,,,,,,AIS / Eli Lilly,,,,Ongoing,,6,,,2025,,08 Oct 2025,,,,,,07_Jul,,,,,,,,$960.00,65,73,Invoice Raised,Above 60 Days,OBU Medical Affairs AutomateHub – Support Services 2025,,,AIS-OBU-25-07,,,,,Realised,,,,,28 Jul 2025,,Eli Lilly - OBU Medical Affairs AutomateHub – Support Services,,,,,
04 May 2025,,,,,,,,,AIS / Eli Lilly,,,,Ongoing,,0,,,2025,,01 May 2025,,,,,,02_Feb,,,,,,,,$960.00,65,64,Invoice Raised,Above 60 Days,OBU Medical Affairs AutomateHub – Support Services 2025,,,AIS-OBU-25-02,,,,,Realised,,,,,27 Feb 2025,,Eli Lilly - OBU Medical Affairs AutomateHub – Support Services,,,,,
01 Jan 2026,,,,,,,,,AIS / Eli Lilly,,,,Ongoing,,11,,,2025,,12 Jan 2026,,,,,,10_Oct,,,,,,,,"$16,400.00",65,78,Invoice Raised,Above 60 Days,Offshore IT Professional Services 2025 | Offshore IT Professional Services 2025-CO1 | Offshore IT Professional Services 2025-CO2,,,AIS-IT-25-10,,,,,Realised,,,,,27 Oct 2025,,Eli Lilly - Offshore IT Professional Services,,,,,
04 Sep 2025,,,,,,,,,AIS / Eli Lilly,,,,Ongoing,,11,,,2025,,15 Sep 2025,,,,,,06_Jun,,,,,,,,"$16,400.00",65,78,Invoice Raised,Above 60 Days,Offshore IT Professional Services 2025 | Offshore IT Professional Services 2025-CO1,,,AIS-IT-25-06,,,,,Realised,,,,,30 Jun 2025,,Eli Lilly - Offshore IT Professional Services,,,,,
04 Oct 2025,,,,,,,,,AIS / Eli Lilly,,,,Ongoing,,4,,,2025,,08 Oct 2025,,,,,,07_Jul,,,,,,,,"$26,220.00",65,71,Invoice Raised,Above 60 Days,Offshore IT Professional Services 2025 | Offshore IT Professional Services 2025-CO1 | Offshore IT Professional Services 2025-CO2,,,AIS-IT-25-07,,,,,Realised,,,,,30 Jul 2025,,Eli Lilly - Offshore IT Professional Services,,,,,
30 Nov 2025,,,,,,,,,AIS / Eli Lilly,,,,Ongoing,,18,,,2025,,18 Dec 2025,,,,,,09_Sep,,,,,,,,"$16,400.00",65,85,Invoice Raised,Above 60 Days,Offshore IT Professional Services 2025 | Offshore IT Professional Services 2025-CO1 | Offshore IT Professional Services 2025-CO2,,,AIS-IT-25-09,,,,,Realised,,,,,25 Sep 2025,,Eli Lilly - Offshore IT Professional Services,,,,,
04 Sep 2025,,,,,,,,,AIS / Eli Lilly,,,,Ongoing,,11,,,2025,,15 Sep 2025,,,,,,06_Jun,,,,,,,,"$16,400.00",65,78,Invoice Raised,Above 60 Days,Offshore IT Professional Services 2025 | Offshore IT Professional Services 2025-CO1,,,AIS-IT-25-06,,,,,Realised,,,,,30 Jun 2025,,Eli Lilly - Offshore IT Professional Services,,,,,
26 Feb 2026,,,,,,,,,AIS / Eli Lilly,,,,Ongoing,,27,,,2025,,25 Mar 2026,,,,,,12_Dec,,,,,,,,"$63,632.00",65,94,Invoice Raised,Above 60 Days,Offshore IT Professional Services 2025 | Offshore IT Professional Services 2025-CO1 | Offshore IT Professional Services 2025-CO2,,,AIS-IT-25-12,,,,,Realised,,,,,22 Dec 2025,,Eli Lilly - Offshore IT Professional Services,,,,,
04 Jul 2025,,,,,,,,,AIS / Eli Lilly,,,,Ongoing,,5,,,2025,,09 Jul 2025,,,,,,04_Apr,,,,,,,,"$16,400.00",65,72,Invoice Raised,Above 60 Days,Offshore IT Professional Services 2025 | Offshore IT Professional Services 2025-CO1,,,AIS-IT-25-04,,,,,Realised,,,,,29 Apr 2025,,Eli Lilly - Offshore IT Professional Services,,,,,
27 Jan 2026,,,,,,,,,AIS / Eli Lilly,,,,Ongoing,,3,,,2025,,30 Jan 2026,,,,,,11_Nov,,,,,,,,"$16,400.00",65,70,Invoice Raised,Above 60 Days,Offshore IT Professional Services 2025 | Offshore IT Professional Services 2025-CO1 | Offshore IT Professional Services 2025-CO2,,,AIS-IT-25-11,,,,,Realised,,,,,22 Nov 2025,,Eli Lilly - Offshore IT Professional Services,,,,,
01 Jun 2025,,,,,,,,,AIS / Eli Lilly,,,,Ongoing,,5,,,2025,,06 Jun 2025,,,,,,03_Mar,,,,,,,,"$16,400.00",65,72,Invoice Raised,Above 60 Days,Offshore IT Professional Services 2025 | Offshore IT Professional Services 2025-CO1,,,AIS-IT-25-03,,,,,Realised,,,,,27 Mar 2025,,Eli Lilly - Offshore IT Professional Services,,,,,
30 Nov 2025,,,,,,,,,AIS / Eli Lilly,,,,Ongoing,,18,,,2025,,18 Dec 2025,,,,,,09_Sep,,,,,,,,"$16,400.00",65,85,Invoice Raised,Above 60 Days,Offshore IT Professional Services 2025 | Offshore IT Professional Services 2025-CO1 | Offshore IT Professional Services 2025-CO2,,,AIS-IT-25-09,,,,,Realised,,,,,25 Sep 2025,,Eli Lilly - Offshore IT Professional Services,,,,,
30 Nov 2025,,,,,,,,,AIS / Eli Lilly,,,,Ongoing,,18,,,2025,,18 Dec 2025,,,,,,09_Sep,,,,,,,,"$63,632.00",65,85,Invoice Raised,Above 60 Days,Offshore IT Professional Services 2025 | Offshore IT Professional Services 2025-CO1 | Offshore IT Professional Services 2025-CO2,,,AIS-IT-25-09,,,,,Realised,,,,,25 Sep 2025,,Eli Lilly - Offshore IT Professional Services,,,,,
03 Nov 2025,,,,,,,,,AIS / Eli Lilly,,,,Ongoing,,16,,,2025,,19 Nov 2025,,,,,,08_Aug,,,,,,,,"$16,400.00",65,83,Invoice Raised,Above 60 Days,Offshore IT Professional Services 2025 | Offshore IT Professional Services 2025-CO1 | Offshore IT Professional Services 2025-CO2,,,AIS-IT-25-08,,,,,Realised,,,,,29 Aug 2025,,Eli Lilly - Offshore IT Professional Services,,,,,
02 Aug 2025,,,,,,,,,AIS / Eli Lilly,,,,Ongoing,,11,,,2025,,13 Aug 2025,,,,,,05_May,,,,,,,,"$16,400.00",65,78,Invoice Raised,Above 60 Days,Offshore IT Professional Services 2025 | Offshore IT Professional Services 2025-CO1,,,AIS-IT-25-05,,,,,Realised,,,,,28 May 2025,,Eli Lilly - Offshore IT Professional Services,,,,,
01 Jan 2026,,,,,,,,,AIS / Eli Lilly,,,,Ongoing,,11,,,2025,,12 Jan 2026,,,,,,10_Oct,,,,,,,,"$16,400.00",65,78,Invoice Raised,Above 60 Days,Offshore IT Professional Services 2025 | Offshore IT Professional Services 2025-CO1 | Offshore IT Professional Services 2025-CO2,,,AIS-IT-25-10,,,,,Realised,,,,,27 Oct 2025,,Eli Lilly - Offshore IT Professional Services,,,,,
04 Oct 2025,,,,,,,,,AIS / Eli Lilly,,,,Ongoing,,4,,,2025,,08 Oct 2025,,,,,,07_Jul,,,,,,,,"$16,400.00",65,71,Invoice Raised,Above 60 Days,Offshore IT Professional Services 2025 | Offshore IT Professional Services 2025-CO1 | Offshore IT Professional Services 2025-CO2,,,AIS-IT-25-07,,,,,Realised,,,,,30 Jul 2025,,Eli Lilly - Offshore IT Professional Services,,,,,
27 Jan 2026,,,,,,,,,AIS / Eli Lilly,,,,Ongoing,,3,,,2025,,30 Jan 2026,,,,,,11_Nov,,,,,,,,"$16,400.00",65,70,Invoice Raised,Above 60 Days,Offshore IT Professional Services 2025 | Offshore IT Professional Services 2025-CO1 | Offshore IT Professional Services 2025-CO2,,,AIS-IT-25-11,,,,,Realised,,,,,22 Nov 2025,,Eli Lilly - Offshore IT Professional Services,,,,,
04 May 2025,,,,,,,,,AIS / Eli Lilly,,,,Ongoing,,2,,,2025,,06 May 2025,,,,,,02_Feb,,,,,,,,"$16,400.00",65,69,Invoice Raised,Above 60 Days,Offshore IT Professional Services 2025,,,AIS-IT-25-02,,,,,Realised,,,,,27 Feb 2025,,Eli Lilly - Offshore IT Professional Services,,,,,
01 Jan 2026,,,,,,,,,AIS / Eli Lilly,,,,Ongoing,,11,,,2025,,12 Jan 2026,,,,,,10_Oct,,,,,,,,"$63,632.00",65,78,Invoice Raised,Above 60 Days,Offshore IT Professional Services 2025 | Offshore IT Professional Services 2025-CO1 | Offshore IT Professional Services 2025-CO2,,,AIS-IT-25-10,,,,,Realised,,,,,27 Oct 2025,,Eli Lilly - Offshore IT Professional Services,,,,,
03 Nov 2025,,,,,,,,,AIS / Eli Lilly,,,,Ongoing,,16,,,2025,,19 Nov 2025,,,,,,08_Aug,,,,,,,,"$63,632.00",65,83,Invoice Raised,Above 60 Days,Offshore IT Professional Services 2025 | Offshore IT Professional Services 2025-CO1 | Offshore IT Professional Services 2025-CO2,,,AIS-IT-25-08,,,,,Realised,,,,,29 Aug 2025,,Eli Lilly - Offshore IT Professional Services,,,,,
26 Feb 2026,,,,,,,,,AIS / Eli Lilly,,,,Ongoing,,27,,,2025,,25 Mar 2026,,,,,,12_Dec,,,,,,,,"$16,400.00",65,94,Invoice Raised,Above 60 Days,Offshore IT Professional Services 2025 | Offshore IT Professional Services 2025-CO1 | Offshore IT Professional Services 2025-CO2,,,AIS-IT-25-12,,,,,Realised,,,,,22 Dec 2025,,Eli Lilly - Offshore IT Professional Services,,,,,
27 Jan 2026,,,,,,,,,AIS / Eli Lilly,,,,Ongoing,,3,,,2025,,30 Jan 2026,,,,,,11_Nov,,,,,,,,"$63,632.00",65,70,Invoice Raised,Above 60 Days,Offshore IT Professional Services 2025 | Offshore IT Professional Services 2025-CO1 | Offshore IT Professional Services 2025-CO2,,,AIS-IT-25-11,,,,,Realised,,,,,22 Nov 2025,,Eli Lilly - Offshore IT Professional Services,,,,,
04 Jul 2025,,,,,,,,,AIS / Eli Lilly,,,,Ongoing,,5,,,2025,,09 Jul 2025,,,,,,04_Apr,,,,,,,,"$16,400.00",65,72,Invoice Raised,Above 60 Days,Offshore IT Professional Services 2025 | Offshore IT Professional Services 2025-CO1,,,AIS-IT-25-04,,,,,Realised,,,,,29 Apr 2025,,Eli Lilly - Offshore IT Professional Services,,,,,
03 Nov 2025,,,,,,,,,AIS / Eli Lilly,,,,Ongoing,,16,,,2025,,19 Nov 2025,,,,,,08_Aug,,,,,,,,"$16,400.00",65,83,Invoice Raised,Above 60 Days,Offshore IT Professional Services 2025 | Offshore IT Professional Services 2025-CO1 | Offshore IT Professional Services 2025-CO2,,,AIS-IT-25-08,,,,,Realised,,,,,29 Aug 2025,,Eli Lilly - Offshore IT Professional Services,,,,,
04 Oct 2025,,,,,,,,,AIS / Eli Lilly,,,,Ongoing,,4,,,2025,,08 Oct 2025,,,,,,07_Jul,,,,,,,,"$16,400.00",65,71,Invoice Raised,Above 60 Days,Offshore IT Professional Services 2025 | Offshore IT Professional Services 2025-CO1 | Offshore IT Professional Services 2025-CO2,,,AIS-IT-25-07,,,,,Realised,,,,,30 Jul 2025,,Eli Lilly - Offshore IT Professional Services,,,,,
26 Feb 2026,,,,,,,,,AIS / Eli Lilly,,,,Ongoing,,27,,,2025,,25 Mar 2026,,,,,,12_Dec,,,,,,,,"$16,400.00",65,94,Invoice Raised,Above 60 Days,Offshore IT Professional Services 2025 | Offshore IT Professional Services 2025-CO1 | Offshore IT Professional Services 2025-CO2,,,AIS-IT-25-12,,,,,Realised,,,,,22 Dec 2025,,Eli Lilly - Offshore IT Professional Services,,,,,
05 Apr 2025,,,,,,,,,AIS / Eli Lilly,,,,Ongoing,,10,,,2025,,15 Apr 2025,,,,,,01_Jan,,,,,,,,"$16,400.00",65,77,Invoice Raised,Above 60 Days,Offshore IT Professional Services 2025,,,AIS-IT-25-01,,,,,Realised,,,,,29 Jan 2025,,Eli Lilly - Offshore IT Professional Services,,,,,
02 Aug 2025,,,,,,,,,AIS / Eli Lilly,,,,Ongoing,,11,,,2025,,13 Aug 2025,,,,,,05_May,,,,,,,,"$16,400.00",65,78,Invoice Raised,Above 60 Days,Offshore IT Professional Services 2025 | Offshore IT Professional Services 2025-CO1,,,AIS-IT-25-05,,,,,Realised,,,,,28 May 2025,,Eli Lilly - Offshore IT Professional Services,,,,,
05 Apr 2025,,,,,,,,,AIS / Eli Lilly,,,,Completed,,10,,,2025,,15 Apr 2025,,,,,,01_Jan,,,,,,,,$960.00,65,77,Invoice Raised,Above 60 Days,Oncology Congress Analytics Dashboard – Makeover Support,,,AIS-CAD-25-01,,,,,Realised,,,,,29 Jan 2025,,Eli Lilly - Oncology Congress Analytics Dashboard Makeover & Support,,,,,
03 Apr 2026,,,,,,,,,AIS / Eli Lilly,,,,,,0,,,2026,,25 Mar 2026,,,,,,01_Jan,,,,,,,,"$2,480.00",65,58,Invoice Raised,Between 46 to 60 Days,PowerBI Custom Visual Development- Support and Enhancement,,,AIS-PBI-26-01,,,,,Realised,,,,,27 Jan 2026,AIS-WO 112,Eli Lilly - PowerBI Custom Visual - Support & Enhancement,,,,,
08 May 2026,,,,,,,,,AIS / Eli Lilly,,,,,,0,Paid,,2026,,06 May 2026,,,,,,02_Feb,,,,,,,,"$2,480.00",65,65,Invoice Raised,Above 60 Days,PowerBI Custom Visual Development- Support and Enhancement,,,AIS-PBI-26-02,,,,,Realised,,,,,03 Mar 2026,AIS-WO 112,Eli Lilly - PowerBI Custom Visual - Support & Enhancement,,,,,
30 May 2026,,,,,,,,,AIS / Eli Lilly,Paid,,,,,5,,,2026,,04 Jun 2026,,,,,,03_Mar,,,,,,,,"$2,480.00",65,72,Invoice Raised,Above 60 Days,PowerBI Custom Visual Development- Support and Enhancement,,,AIS-PBI-26-03,,,,,Realised,,,,,25 Mar 2026,AIS-WO 112,Eli Lilly - PowerBI Custom Visual - Support & Enhancement,,,,,
02 Aug 2026,,,,,,,,,AIS / Eli Lilly,,,,,,,,,2026,,,,,,,,05_May,,,,,,,,"$2,480.00",65,,Invoice Raised,Pending,PowerBI Custom Visual Development- Support and Enhancement,,,AIS-PBI-26-05,,,,,Pending,,,,,28 May 2026,AIS-WO 112,Eli Lilly - PowerBI Custom Visual - Support & Enhancement,,,,,
02 Jul 2026,,,,,,,,,AIS / Eli Lilly,,,,,,,,,2026,,,,,,,,04_Apr,,,,,,,,"$2,480.00",65,,Invoice Raised,Pending,PowerBI Custom Visual Development- Support and Enhancement,,,AIS-PBI-26-04,,,,,Pending,,,,,27 Apr 2026,AIS-WO 112,Eli Lilly - PowerBI Custom Visual - Support & Enhancement,,,,,
01 Jun 2025,,,,,,,,,AIS / Eli Lilly,,,,Ongoing,,8,,,2025,,09 Jun 2025,,,,,,03_Mar,,,,,,,,"$13,312.00",65,75,Invoice Raised,Above 60 Days,PowerBI Custom Visual Development- Phase 2 and Phase 3,,,AIS-PBI-25-03,,,,,Realised,,,,,27 Mar 2025,,Eli Lilly - PowerBI Custom Visual Development- Phase 2 and Phase 3,,,,,
04 May 2025,,,,,,,,,AIS / Eli Lilly,,,,Ongoing,,0,,,2025,,01 May 2025,,,,,,02_Feb,,,,,,,,"$13,312.00",65,64,Invoice Raised,Above 60 Days,PowerBI Custom Visual Development- Phase 2 and Phase 3,,,AIS-PBI-25-02,,,,,Realised,,,,,27 Feb 2025,,Eli Lilly - PowerBI Custom Visual Development- Phase 2 and Phase 3,,,,,
04 Jul 2025,,,,,,,,,AIS / Eli Lilly,,,,Ongoing,,12,,,2025,,16 Jul 2025,,,,,,04_Apr,,,,,,,,"$10,650.00",65,79,Invoice Raised,Above 60 Days,PowerBI Custom Visual Development- Phase 2 and Phase 3,,,AIS-PBI-25-04,,,,,Realised,,,,,29 Apr 2025,,Eli Lilly - PowerBI Custom Visual Development- Phase 2 and Phase 3,,,,,
05 Apr 2025,,,,,,,,,AIS / Eli Lilly,,,,Ongoing,,10,,,2025,,15 Apr 2025,,,,,,01_Jan,,,,,,,,"$2,662.00",65,77,Invoice Raised,Above 60 Days,PowerBI Custom Visual Development- Phase 2 and Phase 3,,,AIS-PBI-25-01,,,,,Realised,,,,,29 Jan 2025,,Eli Lilly - PowerBI Custom Visual Development- Phase 2 and Phase 3,,,,,
27 Jan 2026,,,,,,,,,AIS / Eli Lilly,,,,Ongoing,,3,,,2025,,30 Jan 2026,,,,,,11_Nov,,,,,,,,"$11,680.00",65,70,Invoice Raised,Above 60 Days,PowerBI Custom Visual Development- Phase 4,,,AIS-PBI-25-11,,,,,Realised,,,,,22 Nov 2025,,Eli Lilly - PowerBI Custom Visual Development- Phase 4,,,,,
30 Nov 2025,,,,,,,,,AIS / Eli Lilly,,,,Ongoing,,5,,,2025,,05 Dec 2025,,,,,,09_Sep,,,,,,,,"$15,680.00",65,72,Invoice Raised,Above 60 Days,PowerBI Custom Visual Development- Phase 2 and Phase 3 | PowerBI Custom Visual Development- Phase 4,,,AIS-PBI-25-09,,,,,Realised,,,,,25 Sep 2025,,Eli Lilly - PowerBI Custom Visual Development- Phase 4,,,,,
01 Jan 2026,,,,,,,,,AIS / Eli Lilly,,,,Ongoing,,11,,,2025,,12 Jan 2026,,,,,,10_Oct,,,,,,,,"$11,680.00",65,78,Invoice Raised,Above 60 Days,PowerBI Custom Visual Development- Phase 4,,,AIS-PBI-25-10,,,,,Realised,,,,,27 Oct 2025,,Eli Lilly - PowerBI Custom Visual Development- Phase 4,,,,,
02 Aug 2025,,,,,,,,,AIS / Eli Lilly,,,,Ongoing,,4,,,2025,,06 Aug 2025,,,,,,05_May,,,,,,,,"$7,997.00",65,71,Invoice Raised,Above 60 Days,PowerBI Custom Visual Development- Phase 2 and Phase 3 | PowerBI Custom Visual Development- Phase 4,,,AIS-PBI-25-05,,,,,Realised,,,,,28 May 2025,,Eli Lilly - PowerBI Custom Visual Development- Phase 4,,,,,
04 Sep 2025,,,,,,,,,AIS / Eli Lilly,,,,Ongoing,,11,,,2025,,15 Sep 2025,,,,,,06_Jun,,,,,,,,"$7,997.00",65,78,Invoice Raised,Above 60 Days,PowerBI Custom Visual Development- Phase 2 and Phase 3 | PowerBI Custom Visual Development- Phase 4,,,AIS-PBI-25-06,,,,,Realised,,,,,30 Jun 2025,,Eli Lilly - PowerBI Custom Visual Development- Phase 4,,,,,
26 Feb 2026,,,,,,,,,AIS / Eli Lilly,,,,Ongoing,,0,,,2025,,26 Feb 2026,,,,,,12_Dec,,,,,,,,"$7,200.00",65,67,Invoice Raised,Above 60 Days,PowerBI Custom Visual Development- Phase 4,,,AIS-PBI-25-12,,,,,Realised,,,,,22 Dec 2025,,Eli Lilly - PowerBI Custom Visual Development- Phase 4,,,,,
03 Nov 2025,,,,,,,,,AIS / Eli Lilly,,,,Ongoing,,16,,,2025,,19 Nov 2025,,,,,,08_Aug,,,,,,,,"$7,997.00",65,83,Invoice Raised,Above 60 Days,PowerBI Custom Visual Development- Phase 2 and Phase 3 | PowerBI Custom Visual Development- Phase 4,,,AIS-PBI-25-08,,,,,Realised,,,,,29 Aug 2025,,Eli Lilly - PowerBI Custom Visual Development- Phase 4,,,,,
02 Oct 2025,,,,,,,,,AIS / Eli Lilly,,,,Ongoing,,20,,,2025,,22 Oct 2025,,,,,,07_Jul,,,,,,,,"$7,997.00",65,87,Invoice Raised,Above 60 Days,PowerBI Custom Visual Development- Phase 2 and Phase 3 | PowerBI Custom Visual Development- Phase 4,,,AIS-PBI-25-07,,,,,Realised,,,,,28 Jul 2025,,Eli Lilly - PowerBI Custom Visual Development- Phase 4,,,,,
22 Jun 2026,,,,,,,,,Eli Lilly,,,,,,,,,2026,,,,,,,,04_Apr,,,,,,,,"$6,080.00",45,,Invoice Raised,Pending,SAP Logistics Systems Analyst,,,SAP-26-003-APR,,,,,Pending,,,,,07 May 2026,4200628325,Eli Lilly - SAP Logistics Systems Analyst - AA,,,,,
18 May 2026,,,,,,,,,Eli Lilly,Paid,,,,,10,,,2026,,28 May 2026,,,,,,03_Mar,,,,,,,,"$7,040.00",45,57,Invoice Raised,Between 46 to 60 Days,SAP Logistics Systems Analyst,,,SAP-26-002-MAR,,,,,Realised,,,,,02 Apr 2026,4200628325,Eli Lilly - SAP Logistics Systems Analyst - AA,,,,,
24 Apr 2026,,,,,,,,,Eli Lilly,,,,,,10,Paid,,2026,,04 May 2026,,,,,,02_Feb,,,,,,,,"$5,120.00",45,57,Invoice Raised,Between 46 to 60 Days,SAP Logistics Systems Analyst,,,SAP-26-001-FEB,,,,,Realised,,,,,09 Mar 2026,4200628325,Eli Lilly - SAP Logistics Systems Analyst - AA,,,,,
19 Jul 2026,,,,,,,,,Eli Lilly,,,,,,,,,2026,,,,,,,,05_May,,,,,,,,"$41,296.00",45,,Invoice Raised,Pending,Staff Augmentation – Infrastructure Support Analyst,,,ISA-26-005-MAY,,,,,Pending,,,,,03 Jun 2026,4200633505,Eli Lilly - Staff Augmentation - Infra Support Analyst - AA,,,,,
12 Jun 2026,,,,,,,,,Eli Lilly,Paid - Need copy for Records from Jenny.,,,,,4,,,2026,,16 Jun 2026,,,,,,03_Mar,,,,,,,,"$22,784.00",45,51,Invoice Raised,Between 46 to 60 Days,Staff Augmentation – Infrastructure Support Analyst,,,ISA-26-003-MAR,,,,,Realized,,,,,27 Apr 2026,4200633505,Eli Lilly - Staff Augmentation - Infra Support Analyst - AA,,,,,
22 Jun 2026,,,,,,,,,Eli Lilly,,,,,,,,,2026,,,,,,,,04_Apr,,,,,,,,"$31,328.00",45,,Invoice Raised,Pending,Staff Augmentation – Infrastructure Support Analyst,,,ISA-26-004-APR,,,,,Pending,,,,,07 May 2026,4200633505,Eli Lilly - Staff Augmentation - Infra Support Analyst - AA,,,,,
30 Mar 2026,,,,,,,,,Eli Lilly,,,,Ongoing,,0,,,2025,,23 Mar 2026,,,,,,12_Dec,,,,,,,,"$17,636.00",60,55,Invoice Raised,Between 46 to 60 Days,Supply Chain Analytics Dashboard Development,,,SCA-25-04-A,,,,,Realised,,,,,28 Jan 2026,,Eli Lilly - Supply Chain Analytics Project - AA,,,,,
03 Jan 2026,,,,,,,,,Eli Lilly,,,,Ongoing,,5,,,2025,,08 Jan 2026,,,,,,10_Oct,,,,,,,,"$23,515.00",60,67,Invoice Raised,Above 60 Days,Supply Chain Analytics Dashboard Development,,,SCA-25-02,,,,,Realised,,,,,03 Nov 2025,,Eli Lilly - Supply Chain Analytics Project - AA,,,,,
03 Jan 2026,,,,,,,,,Eli Lilly,,,,Ongoing,,5,,,2025,,08 Jan 2026,,,,,,09_Sep,,,,,,,,"$11,758.00",60,67,Invoice Raised,Above 60 Days,Supply Chain Analytics Dashboard Development,,,SCA-25-01,,,,,Realised,,,,,03 Nov 2025,,Eli Lilly - Supply Chain Analytics Project - AA,,,,,
03 Feb 2026,,,,,,,,,Eli Lilly,,,,Ongoing,,0,,,2025,,29 Jan 2026,,,,,,11_Nov,,,,,,,,"$23,515.00",60,57,Invoice Raised,Between 46 to 60 Days,Supply Chain Analytics Dashboard Development,,,SCA-25-03,,,,,Realised,,,,,04 Dec 2025,,Eli Lilly - Supply Chain Analytics Project - AA,,,,,
02 Jul 2026,,,,,,,,,AIS / Eli Lilly,,,,,,,,,2026,,,,,,,,04_Apr,,,,,,,,$960.00,65,,Invoice Raised,Pending,Thought Leader Engagement – Support Services,,,AIS-TLE-26-04,,,,,Pending,,,,,27 Apr 2026,AIS-WO 107,Eli Lilly - Thought Leader Engagement - Support Services,,,,,
03 Apr 2026,,,,,,,,,AIS / Eli Lilly,,,,,,0,,,2026,,25 Mar 2026,,,,,,01_Jan,,,,,,,,$960.00,65,58,Invoice Raised,Between 46 to 60 Days,Thought Leader Engagement – Support Services,,,AIS-TLE-26-01,,,,,Realised,,,,,27 Jan 2026,AIS-WO 107,Eli Lilly - Thought Leader Engagement - Support Services,,,,,
30 May 2026,,,,,,,,,AIS / Eli Lilly,Paid,,,,,5,,,2026,,04 Jun 2026,,,,,,03_Mar,,,,,,,,$960.00,65,72,Invoice Raised,Above 60 Days,Thought Leader Engagement – Support Services,,,AIS-TLE-26-03,,,,,Realised,,,,,25 Mar 2026,AIS-WO 107,Eli Lilly - Thought Leader Engagement - Support Services,,,,,
08 May 2026,,,,,,,,,AIS / Eli Lilly,,,,,,0,Paid,,2026,,06 May 2026,,,,,,02_Feb,,,,,,,,$960.00,65,65,Invoice Raised,Above 60 Days,Thought Leader Engagement – Support Services,,,AIS-TLE-26-02,,,,,Realised,,,,,03 Mar 2026,AIS-WO 107,Eli Lilly - Thought Leader Engagement - Support Services,,,,,
02 Aug 2026,,,,,,,,,AIS / Eli Lilly,,,,,,,,,2026,,,,,,,,05_May,,,,,,,,$960.00,65,,Invoice Raised,Pending,Thought Leader Engagement – Support Services,,,AIS-TLE-26-05,,,,,Pending,,,,,28 May 2026,AIS-WO 107,Eli Lilly - Thought Leader Engagement - Support Services,,,,,
30 May 2026,,,,,,,,,AIS / Eli Lilly,Paid,,,,,5,,,2026,,04 Jun 2026,,,,,,03_Mar,,,,,,,,$960.00,65,72,Invoice Raised,Above 60 Days,CO-2 UK Speaker Utilizer Support and Enhancement Services,,,AIS-UKS-26-03,,,,,Realised,,,,,25 Mar 2026,AIS0033760,Eli Lilly - UK Speaker Utilization Support and Enhancement Services,,,,,
04 May 2025,,,,,,,,,AIS / Eli Lilly,,,,Ongoing,,0,,,2025,,01 May 2025,,,,,,02_Feb,,,,,,,,"$2,342.00",65,64,Invoice Raised,Above 60 Days,CO-1 UK Speaker Utilizer Support and Enhancement Services,,,AIS-UKS-25-02,,,,,Realised,,,,,27 Feb 2025,,Eli Lilly - UK Speaker Utilization Support and Enhancement Services,,,,,
02 Aug 2025,,,,,,,,,AIS / Eli Lilly,,,,Ongoing,,4,,,2025,,06 Aug 2025,,,,,,05_May,,,,,,,,$960.00,65,71,Invoice Raised,Above 60 Days,CO-1 UK Speaker Utilizer Support and Enhancement Services,,,AIS-UKS-25-05,,,,,Realised,,,,,28 May 2025,,Eli Lilly - UK Speaker Utilization Support and Enhancement Services,,,,,
08 May 2026,,,,,,,,,AIS / Eli Lilly,,,,,,0,Paid,,2026,,06 May 2026,,,,,,02_Feb,,,,,,,,$960.00,65,65,Invoice Raised,Above 60 Days,CO-2 UK Speaker Utilizer Support and Enhancement Services,,,AIS-UKS-26-02,,,,,Realised,,,,,03 Mar 2026,AIS0033760,Eli Lilly - UK Speaker Utilization Support and Enhancement Services,,,,,
30 Nov 2025,,,,,,,,,AIS / Eli Lilly,,,,Ongoing,,5,,,2025,,05 Dec 2025,,,,,,09_Sep,,,,,,,,$960.00,65,72,Invoice Raised,Above 60 Days,CO-1 UK Speaker Utilizer Support and Enhancement Services,,,AIS-UKS-25-09,,,,,Realised,,,,,25 Sep 2025,,Eli Lilly - UK Speaker Utilization Support and Enhancement Services,,,,,
03 Nov 2025,,,,,,,,,AIS / Eli Lilly,,,,Ongoing,,16,,,2025,,19 Nov 2025,,,,,,08_Aug,,,,,,,,$960.00,65,83,Invoice Raised,Above 60 Days,CO-1 UK Speaker Utilizer Support and Enhancement Services,,,AIS-UKS-25-08,,,,,Realised,,,,,29 Aug 2025,,Eli Lilly - UK Speaker Utilization Support and Enhancement Services,,,,,
05 Apr 2025,,,,,,,,,AIS / Eli Lilly,,,,Ongoing,,10,,,2025,,15 Apr 2025,,,,,,01_Jan,,,,,,,,$960.00,65,77,Invoice Raised,Above 60 Days,CO-1 UK Speaker Utilizer Support and Enhancement Services,,,AIS-UKS-25-01,,,,,Realised,,,,,29 Jan 2025,,Eli Lilly - UK Speaker Utilization Support and Enhancement Services,,,,,
01 Jun 2025,,,,,,,,,AIS / Eli Lilly,,,,Ongoing,,8,,,2025,,09 Jun 2025,,,,,,03_Mar,,,,,,,,$960.00,65,75,Invoice Raised,Above 60 Days,CO-1 UK Speaker Utilizer Support and Enhancement Services,,,AIS-UKS-25-03,,,,,Realised,,,,,27 Mar 2025,,Eli Lilly - UK Speaker Utilization Support and Enhancement Services,,,,,
27 Jan 2026,,,,,,,,,AIS / Eli Lilly,,,,Ongoing,,3,,,2025,,30 Jan 2026,,,,,,11_Nov,,,,,,,,$960.00,65,70,Invoice Raised,Above 60 Days,CO-1 UK Speaker Utilizer Support and Enhancement Services,,,AIS-UKS-25-11,,,,,Realised,,,,,22 Nov 2025,,Eli Lilly - UK Speaker Utilization Support and Enhancement Services,,,,,
04 Jul 2025,,,,,,,,,AIS / Eli Lilly,,,,Ongoing,,5,,,2025,,09 Jul 2025,,,,,,04_Apr,,,,,,,,$960.00,65,72,Invoice Raised,Above 60 Days,CO-1 UK Speaker Utilizer Support and Enhancement Services,,,AIS-UKS-25-04,,,,,Realised,,,,,29 Apr 2025,,Eli Lilly - UK Speaker Utilization Support and Enhancement Services,,,,,
03 Apr 2026,,,,,,,,,AIS / Eli Lilly,,,,,,0,,,2026,,25 Mar 2026,,,,,,01_Jan,,,,,,,,$960.00,65,58,Invoice Raised,Between 46 to 60 Days,CO-2 UK Speaker Utilizer Support and Enhancement Services,,,AIS-UKS-26-01,,,,,Realised,,,,,27 Jan 2026,AIS0033760,Eli Lilly - UK Speaker Utilization Support and Enhancement Services,,,,,
02 Oct 2025,,,,,,,,,AIS / Eli Lilly,,,,Ongoing,,6,,,2025,,08 Oct 2025,,,,,,07_Jul,,,,,,,,$960.00,65,73,Invoice Raised,Above 60 Days,CO-1 UK Speaker Utilizer Support and Enhancement Services,,,AIS-UKS-25-07,,,,,Realised,,,,,28 Jul 2025,,Eli Lilly - UK Speaker Utilization Support and Enhancement Services,,,,,
02 Jul 2026,,,,,,,,,AIS / Eli Lilly,,,,,,,,,2026,,,,,,,,04_Apr,,,,,,,,$960.00,65,,Invoice Raised,Pending,CO-2 UK Speaker Utilizer Support and Enhancement Services,,,AIS-UKS-26-04,,,,,Pending,,,,,27 Apr 2026,AIS0033760,Eli Lilly - UK Speaker Utilization Support and Enhancement Services,,,,,
26 Feb 2026,,,,,,,,,AIS / Eli Lilly,,,,Ongoing,,0,,,2025,,26 Feb 2026,,,,,,12_Dec,,,,,,,,$960.00,65,67,Invoice Raised,Above 60 Days,CO-1 UK Speaker Utilizer Support and Enhancement Services,,,AIS-UKS-25-12,,,,,Realised,,,,,22 Dec 2025,,Eli Lilly - UK Speaker Utilization Support and Enhancement Services,,,,,
04 Sep 2025,,,,,,,,,AIS / Eli Lilly,,,,Ongoing,,7,,,2025,,11 Sep 2025,,,,,,06_Jun,,,,,,,,$960.00,65,74,Invoice Raised,Above 60 Days,CO-1 UK Speaker Utilizer Support and Enhancement Services,,,AIS-UKS-25-06,,,,,Realised,,,,,30 Jun 2025,,Eli Lilly - UK Speaker Utilization Support and Enhancement Services,,,,,
01 Jan 2026,,,,,,,,,AIS / Eli Lilly,,,,Ongoing,,11,,,2025,,12 Jan 2026,,,,,,10_Oct,,,,,,,,$960.00,65,78,Invoice Raised,Above 60 Days,CO-1 UK Speaker Utilizer Support and Enhancement Services,,,AIS-UKS-25-10,,,,,Realised,,,,,27 Oct 2025,,Eli Lilly - UK Speaker Utilization Support and Enhancement Services,,,,,
02 Aug 2026,,,,,,,,,AIS / Eli Lilly,,,,,,,,,2026,,,,,,,,05_May,,,,,,,,$960.00,65,,Invoice Raised,Pending,CO-2 UK Speaker Utilizer Support and Enhancement Services,,,AIS-UKS-26-05,,,,,Pending,,,,,28 May 2026,AIS0033760,Eli Lilly - UK Speaker Utilization Support and Enhancement Services,,,,,
01 Jun 2025,,,,,,,,,AIS / Eli Lilly,,,,Completed,,8,,,2025,,09 Jun 2025,,,,,,03_Mar,,,,,,,,"$13,530.00",65,75,Invoice Raised,Above 60 Days,CMH Congress Attendance Tracker,,,AIS-CMHC-25-01,,,,,Realised,,,,,27 Mar 2025,,Eli Lily - CMH Congress Attendance Tracker,,,,,
02 Aug 2025,,,,,,,,,AIS / Eli Lilly,,,,Completed,,4,,,2025,,06 Aug 2025,,,,,,05_May,,,,,,,,"$6,765.00",65,71,Invoice Raised,Above 60 Days,CMH Congress Attendance Tracker,,,AIS-CMHC-25-03,,,,,Realised,,,,,28 May 2025,,Eli Lily - CMH Congress Attendance Tracker,,,,,
04 Jul 2025,,,,,,,,,AIS / Eli Lilly,,,,Completed,,7,,,2025,,11 Jul 2025,,,,,,04_Apr,,,,,,,,"$13,530.00",65,74,Invoice Raised,Above 60 Days,CMH Congress Attendance Tracker,,,AIS-CMHC-25-02,,,,,Realised,,,,,29 Apr 2025,,Eli Lily - CMH Congress Attendance Tracker,,,,,
05 Apr 2025,,,,,,,,,LYB,,,,Ongoing,,0,,,2025,,26 Mar 2025,,,,,,02_Feb,,,,,,,,"$19,620.00",10,2,Invoice Raised,Between 1 to 15 Days,APS POD II COE – 2025,,,LYB-IT-APS-II-25-02,,,,,Realised,,,,,25 Mar 2025,,LYB - APS POD II - COE,,,,,
07 Dec 2025,,,,,,,,,LYB,,,,Ongoing,,0,,,2025,,05 Dec 2025,,,,,,11_Nov,,,,,,,,"$10,795.50",10,10,Invoice Raised,Between 1 to 15 Days,APS POD II COE – 2025,,,LYB-IT-APS-II-25-11,,,,,Realised,,,,,26 Nov 2025,,LYB - APS POD II - COE,,,,,
14 Sep 2025,,,,,,,,,LYB,,,,Ongoing,,0,,,2025,,10 Sep 2025,,,,,,08_Aug,,,,,,,,"$14,189.00",10,8,Invoice Raised,Between 1 to 15 Days,APS POD II COE – 2025,,,LYB-IT-APS-II-25-08,,,,,Realised,,,,,03 Sep 2025,,LYB - APS POD II - COE,,,,,
04 Jan 2026,,,,,,,,,LYB,,,,Ongoing,,4,,,2025,,08 Jan 2026,,,,,,12_Dec,,,,,,,,"$11,097.00",10,16,Invoice Raised,Between 16 to 30 Days,APS POD II COE – 2025,,,LYB-IT-APS-II-25-12,,,,,Realised,,,,,24 Dec 2025,,LYB - APS POD II - COE,,,,,
20 Jun 2025,,,,,,,,,LYB,,,,Ongoing,,0,,,2025,,17 Jun 2025,,,,,,05_May,,,,,,,,"$16,754.00",10,9,Invoice Raised,Between 1 to 15 Days,APS POD II COE – 2025,,,LYB-IT-APS-II-25-05,,,,,Realised,,,,,09 Jun 2025,,LYB - APS POD II - COE,,,,,
02 Aug 2025,,,,,,,,,LYB,,,,Ongoing,,0,,,2025,,23 Jul 2025,,,,,,06_Jun,,,,,,,,"$17,883.00",10,2,Invoice Raised,Between 1 to 15 Days,APS POD II COE – 2025,,,LYB-IT-APS-II-25-06,,,,,Realised,,,,,22 Jul 2025,,LYB - APS POD II - COE,,,,,
24 May 2025,,,,,,,,,LYB,,,,Ongoing,,12,,,2025,,05 Jun 2025,,,,,,04_Apr,,,,,,,,"$19,319.00",10,24,Invoice Raised,Between 16 to 30 Days,APS POD II COE – 2025,,,LYB-IT-APS-II-25-04,,,,,Realised,,,,,13 May 2025,,LYB - APS POD II - COE,,,,,
18 Aug 2025,,,,,,,,,LYB,,,,Ongoing,,0,,,2025,,13 Aug 2025,,,,,,07_Jul,,,,,,,,"$19,620.00",10,7,Invoice Raised,Between 1 to 15 Days,APS POD II COE – 2025,,,LYB-IT-APS-II-25-07,,,,,Realised,,,,,07 Aug 2025,,LYB - APS POD II - COE,,,,,
19 Oct 2025,,,,,,,,,LYB,,,,Ongoing,,0,,,2025,,15 Oct 2025,,,,,,09_Sep,,,,,,,,"$12,533.00",10,8,Invoice Raised,Between 1 to 15 Days,APS POD II COE – 2025,,,LYB-IT-APS-II-25-09,,,,,Realised,,,,,08 Oct 2025,,LYB - APS POD II - COE,,,,,
26 Apr 2025,,,,,,,,,LYB,,,,Ongoing,,0,,,2025,,16 Apr 2025,,,,,,03_Mar,,,,,,,,"$18,716.00",10,2,Invoice Raised,Between 1 to 15 Days,APS POD II COE – 2025,,,LYB-IT-APS-II-25-03,,,,,Realised,,,,,15 Apr 2025,,LYB - APS POD II - COE,,,,,
11 Nov 2025,,,,,,,,,LYB,,,,Ongoing,,0,,,2025,,03 Nov 2025,,,,,,10_Oct,,,,,,,,"$13,590.00",10,4,Invoice Raised,Between 1 to 15 Days,APS POD II COE – 2025,,,LYB-IT-APS-II-25-10,,,,,Realised,,,,,31 Oct 2025,,LYB - APS POD II - COE,,,,,
11 Mar 2025,,,,,,,,,LYB,,,,Ongoing,,0,,,2025,,28 Feb 2025,,,,,,01_Jan,,,,,,,,"$19,620.00",10,1,Invoice Raised,Between 1 to 15 Days,APS POD II COE – 2025,,,LYB-IT-APS-II-25-01,,,,,Realised,,,,,28 Feb 2025,,LYB - APS POD II - COE,,,,,
04 Jan 2026,,,,,,,,,LYB,,,,Ongoing,,4,,,2025,,08 Jan 2026,,,,,,12_Dec,,,,,,,,"$13,968.00",10,16,Invoice Raised,Between 16 to 30 Days,APS POD I COE-2025,,,LYB-IT-APS-I-25-12,,,,,Realised,,,,,24 Dec 2025,,LYB - APS PoD,,,,,
02 Aug 2025,,,,,,,,,LYB,,,,Ongoing,,0,,,2025,,23 Jul 2025,,,,,,06_Jun,,,,,,,,"$16,556.00",10,2,Invoice Raised,Between 1 to 15 Days,APS POD I COE-2025,,,LYB-IT-APS-I-25-06,,,,,Realised,,,,,22 Jul 2025,,LYB - APS PoD,,,,,
19 Oct 2025,,,,,,,,,LYB,,,,Ongoing,,0,,,2025,,15 Oct 2025,,,,,,09_Sep,,,,,,,,"$15,651.00",10,8,Invoice Raised,Between 1 to 15 Days,APS POD I COE-2025,,,LYB-IT-APS-I-25-09,,,,,Realised,,,,,08 Oct 2025,,LYB - APS PoD,,,,,
26 Apr 2025,,,,,,,,,LYB,,,,Ongoing,,0,,,2025,,16 Apr 2025,,,,,,03_Mar,,,,,,,,"$17,159.00",10,2,Invoice Raised,Between 1 to 15 Days,APS POD I COE-2025,,,LYB-IT-APS-I-25-03,,,,,Realised,,,,,15 Apr 2025,,LYB - APS PoD,,,,,
20 Jun 2025,,,,,,,,,LYB,,,,Ongoing,,0,,,2025,,17 Jun 2025,,,,,,05_May,,,,,,,,"$16,587.00",10,9,Invoice Raised,Between 1 to 15 Days,APS POD I COE-2025,,,LYB-IT-APS-I-25-05,,,,,Realised,,,,,09 Jun 2025,,LYB - APS PoD,,,,,
18 Aug 2025,,,,,,,,,LYB,,,,Ongoing,,0,,,2025,,13 Aug 2025,,,,,,07_Jul,,,,,,,,"$15,206.00",10,7,Invoice Raised,Between 1 to 15 Days,APS POD I COE-2025,,,LYB-IT-APS-I-25-07,,,,,Realised,,,,,07 Aug 2025,,LYB - APS PoD,,,,,
07 Dec 2025,,,,,,,,,LYB,,,,Ongoing,,0,,,2025,,05 Dec 2025,,,,,,11_Nov,,,,,,,,"$17,190.00",10,10,Invoice Raised,Between 1 to 15 Days,APS POD I COE-2025,,,LYB-IT-APS-I-25-11,,,,,Realised,,,,,26 Nov 2025,,LYB - APS PoD,,,,,
14 Sep 2025,,,,,,,,,LYB,,,,Ongoing,,0,,,2025,,10 Sep 2025,,,,,,08_Aug,,,,,,,,"$14,333.00",10,8,Invoice Raised,Between 1 to 15 Days,APS POD I COE-2025,,,LYB-IT-APS-I-25-08,,,,,Realised,,,,,03 Sep 2025,,LYB - APS PoD,,,,,
11 Nov 2025,,,,,,,,,LYB,,,,Ongoing,,0,,,2025,,03 Nov 2025,,,,,,10_Oct,,,,,,,,"$14,603.00",10,4,Invoice Raised,Between 1 to 15 Days,APS POD I COE-2025,,,LYB-IT-APS-I-25-10,,,,,Realised,,,,,31 Oct 2025,,LYB - APS PoD,,,,,
24 May 2025,,,,,,,,,LYB,,,,Ongoing,,12,,,2025,,05 Jun 2025,,,,,,04_Apr,,,,,,,,"$16,857.00",10,24,Invoice Raised,Between 16 to 30 Days,APS POD I COE-2025,,,LYB-IT-APS-I-25-04,,,,,Realised,,,,,13 May 2025,,LYB - APS PoD,,,,,
05 Apr 2025,,,,,,,,,LYB,,,,Ongoing,,0,,,2025,,26 Mar 2025,,,,,,02_Feb,,,,,,,,"$17,460.00",10,2,Invoice Raised,Between 1 to 15 Days,APS POD I COE-2025,,,LYB-IT-APS-I-25-02,,,,,Realised,,,,,25 Mar 2025,,LYB - APS PoD,,,,,
10 Mar 2025,,,,,,,,,LYB,,,,Ongoing,,0,,,2025,,28 Feb 2025,,,,,,01_Jan,,,,,,,,"$17,460.00",10,2,Invoice Raised,Between 1 to 15 Days,APS POD I COE-2025,,,LYB-IT-APS-I-25-01,,,,,Realised,,,,,27 Feb 2025,,LYB - APS PoD,,,,,
17 Aug 2025,,,,,,,,,LYB,,,,Ongoing,,0,,,2025,,08 Aug 2025,,,,,,07_Jul,,,,,,,,"$6,030.00",10,3,Invoice Raised,Between 1 to 15 Days,Advance Manufacturing Project Data Engineering support – Statement of Work for 2025,,,LYB-AM-25-01,,,,,Realised,,,,,06 Aug 2025,,LYB - Advance Manufacturing Project Data Engineering support,,,,,
15 Nov 2025,,,,,,,,,LYB,,,,Ongoing,,0,,,2025,,12 Nov 2025,,,,,,08_Aug,,,,,,,,"$6,030.00",10,9,Invoice Raised,Between 1 to 15 Days,Advance Manufacturing Project Data Engineering support – Statement of Work for 2025,,,LYB-MEDM-25-01,,,,,Realised,,,,,04 Nov 2025,,LYB - Advance Manufacturing Project Data Engineering support,,,,,
15 Jun 2026,,,,,,,,,LYB,,,,,,,,,2026,,,,,,,,05_May,,,,,,,,"$34,320.00",10,,Invoice Raised,Pending,Proc CoE for Aquita,,,LYB-AQU-26-03,,,,,Pending,,,,,04 Jun 2026,4406249741,LYB - Aquita PCOE,,,,,
05 Aug 2026,,,,,,,,,LYB,,,,,,,,,2026,,,,,,,,03_Mar,,,,,,,,"$11,988.00",90,,Invoice Raised,Pending,CW2371856 Aligned Automation SOW - The Transaction (FINAL),,,LYB-AQU-26-01,,,,,Pending,,,,,06 May 2026,4406249741,LYB - Aquita PCOE,,,,,
05 Aug 2026,,,,,,,,,LYB,,,,,,,,,2026,,,,,,,,04_Apr,,,,,,,,"$21,840.00",90,,Invoice Raised,Pending,Proc CoE for Aquita,,,LYB-AQU-26-02,,,,,Pending,,,,,06 May 2026,4406249741,LYB - Aquita PCOE,,,,,
18 Jan 2026,,,,,,,,,LYB,,,,Ongoing,,0,,,2025,,07 Jan 2026,,,,,,12_Dec,,,,,,,,"$7,182.00",10,1,Invoice Raised,Between 1 to 15 Days,Asia OTIF Project – Statement of Work for 2025,,,LYB-OTIF-25-04,,,,,Realised,,,,,07 Jan 2026,,LYB - Asia OTIF,,,,,
19 Oct 2025,,,,,,,,,LYB,,,,Ongoing,,0,,,2025,,10 Oct 2025,,,,,,09_Sep,,,,,,,,"$13,590.00",10,3,Invoice Raised,Between 1 to 15 Days,Asia OTIF Project – Statement of Work for 2025,,,LYB-OTIF-25-01,,,,,Realised,,,,,08 Oct 2025,,LYB - Asia OTIF,,,,,
11 Nov 2025,,,,,,,,,LYB,,,,Ongoing,,0,,,2025,,06 Nov 2025,,,,,,10_Oct,,,,,,,,"$19,620.00",10,7,Invoice Raised,Between 1 to 15 Days,Asia OTIF Project – Statement of Work for 2025,,,LYB-OTIF-25-02,,,,,Realised,,,,,31 Oct 2025,,LYB - Asia OTIF,,,,,
15 Dec 2025,,,,,,,,,LYB,,,,Ongoing,,0,,,2025,,05 Dec 2025,,,,,,11_Nov,,,,,,,,"$17,730.00",10,2,Invoice Raised,Between 1 to 15 Days,Asia OTIF Project – Statement of Work for 2025,,,LYB-OTIF-25-03,,,,,Realised,,,,,04 Dec 2025,,LYB - Asia OTIF,,,,,
08 Jun 2025,,,,,,,,,LYB,,,,Ongoing,,0,,,2025,,03 Jun 2025,,,,,,03_Mar,,,,,,,,"$12,060.00",10,7,Invoice Raised,Between 1 to 15 Days,PowerApps capability for Asia priorities,,,LYB-PAC-25-03,,,,,Realised,,,,,28 May 2025,,LYB - Asia POD PO,,,,,
04 Nov 2025,,,,,,,,,LYB,,,,Ongoing,,0,,,2025,,03 Nov 2025,,,,,,09_Sep,,,,,,,,"$6,030.00",10,11,Invoice Raised,Between 1 to 15 Days,CO-2 PowerApps Capability for Asia priorities,,,LYB-PAS-25-03,,,,,Realised,,,,,24 Oct 2025,,LYB - Asia POD PO,,,,,
23 Aug 2025,,,,,,,,,LYB,,,,Ongoing,,0,,,2025,,13 Aug 2025,,,,,,07_Jul,,,,,,,,"$6,030.00",10,2,Invoice Raised,Between 1 to 15 Days,CO-2 PowerApps Capability for Asia priorities,,,LYB-PAS-25-01,,,,,Realised,,,,,12 Aug 2025,,LYB - Asia POD PO,,,,,
16 Mar 2025,,,,,,,,,LYB,,,,Ongoing,,0,,,2025,,06 Mar 2025,,,,,,01_Jan,,,,,,,,"$12,060.00",10,2,Invoice Raised,Between 1 to 15 Days,PowerApps capability for Asia priorities,,,LYB-PAC-25-01,,,,,Realised,,,,,05 Mar 2025,,LYB - Asia POD PO,,,,,
02 Jun 2025,,,,,,,,,LYB,,,,Ongoing,,0,,,2025,,27 May 2025,,,,,,04_Apr,,,,,,,,"$6,030.00",10,6,Invoice Raised,Between 1 to 15 Days,PowerApps capability for Asia priorities,,,LYB-PAC-25-04,,,,,Realised,,,,,22 May 2025,,LYB - Asia POD PO,,,,,
15 Dec 2025,,,,,,,,,LYB,,,,Ongoing,,105,,,2025,,30 Mar 2026,,,,,,11_Nov,,,,,,,,"$5,427.00",10,117,Invoice Raised,Above 60 Days,CO-2 PowerApps Capability for Asia priorities,,,LYB-A-25-11,,,,,Realised,,,,,04 Dec 2025,,LYB - Asia POD PO,,,,,
04 Jan 2026,,,,,,,,,LYB,,,,Ongoing,,51,,,2025,,24 Feb 2026,,,,,,12_Dec,,,,,,,,"$6,030.00",10,63,Invoice Raised,Above 60 Days,CO-2 PowerApps Capability for Asia priorities,,,LYB-A-25-12,,,,,Realised,,,,,24 Dec 2025,,LYB - Asia POD PO,,,,,
05 Apr 2025,,,,,,,,,LYB,,,,Ongoing,,2,,,2025,,07 Apr 2025,,,,,,02_Feb,,,,,,,,"$12,060.00",10,14,Invoice Raised,Between 1 to 15 Days,PowerApps capability for Asia priorities,,,LYB-PAC-25-02-R2,,,,,Realised,,,,,25 Mar 2025,,LYB - Asia POD PO,,,,,
16 Sep 2025,,,,,,,,,LYB,,,,Ongoing,,0,,,2025,,08 Sep 2025,,,,,,08_Aug,,,,,,,,"$6,030.00",10,4,Invoice Raised,Between 1 to 15 Days,CO-2 PowerApps Capability for Asia priorities,,,LYB-PAS-25-02,,,,,Realised,,,,,05 Sep 2025,,LYB - Asia POD PO,,,,,
20 Jun 2025,,,,,,,,,LYB,,,,Ongoing,,0,,,2025,,10 Jun 2025,,,,,,05_May,,,,,,,,"$6,030.00",10,2,Invoice Raised,Between 1 to 15 Days,PowerApps capability for Asia priorities,,,LYB-PAC-25-05,,,,,Realised,,,,,09 Jun 2025,,LYB - Asia POD PO,,,,,
15 Nov 2025,,,,,,,,,LYB,,,,Ongoing,,0,,,2025,,06 Nov 2025,,,,,,10_Oct,,,,,,,,"$5,126.00",10,3,Invoice Raised,Between 1 to 15 Days,CO-2 PowerApps Capability for Asia priorities,,,LYB-PAS-25-04,,,,,Realised,,,,,04 Nov 2025,,LYB - Asia POD PO,,,,,
02 Aug 2025,,,,,,,,,LYB,,,,Ongoing,,0,,,2025,,23 Jul 2025,,,,,,06_Jun,,,,,,,,"$6,030.00",10,2,Invoice Raised,Between 1 to 15 Days,PowerApps capability for Asia priorities,,,LYB-PAC-25-06,,,,,Realised,,,,,22 Jul 2025,,LYB - Asia POD PO,,,,,
15 Dec 2025,,,,,,,,,LYB,,,,Ongoing,,0,,,2025,,15 Dec 2025,,,,,,11_Nov,,,,,,,,"$20,970.00",10,12,Invoice Raised,Between 1 to 15 Days,Commodity for Value (CFV) Project – Statement of Work for 2025,,,LYB-CFV-25-05,,,,,Realised,,,,,04 Dec 2025,,LYB - Commodity for Value (CFV),,,,,
17 Oct 2025,,,,,,,,,LYB,,,,Ongoing,,24,,,2025,,10 Nov 2025,,,,,,08_Aug,,,,,,,,"$20,970.00",10,36,Invoice Raised,Between 31 to 45 Days,Commodity for Value (CFV) Project – Statement of Work for 2025,,,LYB-CFV-25-02,,,,,Realised,,,,,06 Oct 2025,,LYB - Commodity for Value (CFV),,,,,
23 Aug 2025,,,,,,,,,LYB,,,,Ongoing,,6,,,2025,,29 Aug 2025,,,,,,07_Jul,,,,,,,,"$20,970.00",10,18,Invoice Raised,Between 16 to 30 Days,Commodity for Value (CFV) Project – Statement of Work for 2025,,,LYB-CFV-25-01,,,,,Realised,,,,,12 Aug 2025,,LYB - Commodity for Value (CFV),,,,,
07 Feb 2026,,,,,,,,,LYB,,,,Ongoing,,20,,,2025,,27 Feb 2026,,,,,,12_Dec,,,,,,,,"$16,961.00",10,32,Invoice Raised,Between 31 to 45 Days,Commodity for Value (CFV) Project – Statement of Work for 2025,,,LYB-CFV-25-06,,,,,Realised,,,,,27 Jan 2026,,LYB - Commodity for Value (CFV),,,,,
19 Oct 2025,,,,,,,,,LYB,,,,Ongoing,,31,,,2025,,19 Nov 2025,,,,,,09_Sep,,,,,,,,"$19,319.00",10,43,Invoice Raised,Between 31 to 45 Days,Commodity for Value (CFV) Project – Statement of Work for 2025,,,LYB-CFV-25-03,,,,,Realised,,,,,08 Oct 2025,,LYB - Commodity for Value (CFV),,,,,
29 Nov 2025,,,,,,,,,LYB,,,,Ongoing,,4,,,2025,,03 Dec 2025,,,,,,10_Oct,,,,,,,,"$17,523.00",10,16,Invoice Raised,Between 16 to 30 Days,Commodity for Value (CFV) Project – Statement of Work for 2025,,,LYB-CFV-25-04,,,,,Realised,,,,,18 Nov 2025,,LYB - Commodity for Value (CFV),,,,,
13 Dec 2025,,,,,,,,,LYB,,,,Ongoing,,0,,,2025,,04 Dec 2025,,,,,,10_Oct,,,,,,,,"$6,030.00",10,3,Invoice Raised,Between 1 to 15 Days,Customer 360 – DE Resource Statement of Work for 2025,,,LYB-C360-25-1,,,,,Realised,,,,,02 Dec 2025,,LYB - Customer 360,,,,,
04 Jan 2026,,,,,,,,,LYB,,,,Ongoing,,17,,,2025,,21 Jan 2026,,,,,,12_Dec,,,,,,,,"$6,030.00",10,29,Invoice Raised,Between 16 to 30 Days,Customer 360 – DE Resource Statement of Work for 2025,,,LYB-C360-25-3,,,,,Realised,,,,,24 Dec 2025,,LYB - Customer 360,,,,,
13 Dec 2025,,,,,,,,,LYB,,,,Ongoing,,0,,,2025,,04 Dec 2025,,,,,,11_Nov,,,,,,,,"$6,030.00",10,3,Invoice Raised,Between 1 to 15 Days,Customer 360 – DE Resource Statement of Work for 2025,,,LYB-C360-25-2,,,,,Realised,,,,,02 Dec 2025,,LYB - Customer 360,,,,,
20 Jun 2025,,,,,,,,,LYB,,,,Ongoing,,0,,,2025,,17 Jun 2025,,,,,,05_May,,,,,,,,"$38,480.00",10,9,Invoice Raised,Between 1 to 15 Days,Customer Centricity (CCE) CoE POD Team-2025,,,LYB-CC-25-05,,,,,Realised,,,,,09 Jun 2025,,LYB - Customer Centricity POD,,,,,
26 Apr 2025,,,,,,,,,LYB,,,,Ongoing,,0,,,2025,,16 Apr 2025,,,,,,03_Mar,,,,,,,,"$39,384.00",10,2,Invoice Raised,Between 1 to 15 Days,Customer Centricity (CCE) CoE POD Team-2025,,,LYB-CC-25-03,,,,,Realised,,,,,15 Apr 2025,,LYB - Customer Centricity POD,,,,,
24 May 2025,,,,,,,,,LYB,,,,Ongoing,,12,,,2025,,05 Jun 2025,,,,,,04_Apr,,,,,,,,"$38,930.00",10,24,Invoice Raised,Between 16 to 30 Days,Customer Centricity (CCE) CoE POD Team-2025,,,LYB-CC-25-04,,,,,Realised,,,,,13 May 2025,,LYB - Customer Centricity POD,,,,,
05 Apr 2025,,,,,,,,,LYB,,,,Ongoing,,0,,,2025,,26 Mar 2025,,,,,,02_Feb,,,,,,,,"$40,590.00",10,2,Invoice Raised,Between 1 to 15 Days,Customer Centricity (CCE) CoE POD Team-2025,,,LYB-CC-25-02,,,,,Realised,,,,,25 Mar 2025,,LYB - Customer Centricity POD,,,,,
18 Aug 2025,,,,,,,,,LYB,,,,Ongoing,,0,,,2025,,13 Aug 2025,,,,,,07_Jul,,,,,,,,"$39,083.00",10,7,Invoice Raised,Between 1 to 15 Days,Customer Centricity (CCE) CoE POD Team-2025,,,LYB-CC-25-07,,,,,Realised,,,,,07 Aug 2025,,LYB - Customer Centricity POD,,,,,
19 Oct 2025,,,,,,,,,LYB,,,,Ongoing,,0,,,2025,,15 Oct 2025,,,,,,09_Sep,,,,,,,,"$11,759.00",10,8,Invoice Raised,Between 1 to 15 Days,Customer Centricity (CCE) CoE POD Team-2025,,,LYB-CC-25-09,,,,,Realised,,,,,08 Oct 2025,,LYB - Customer Centricity POD,,,,,
11 Nov 2025,,,,,,,,,LYB,,,,Ongoing,,0,,,2025,,03 Nov 2025,,,,,,10_Oct,,,,,,,,"$9,648.00",10,4,Invoice Raised,Between 1 to 15 Days,Customer Centricity (CCE) CoE POD Team-2025,,,LYB-CC-25-10,,,,,Realised,,,,,31 Oct 2025,,LYB - Customer Centricity POD,,,,,
02 Aug 2025,,,,,,,,,LYB,,,,Ongoing,,0,,,2025,,23 Jul 2025,,,,,,06_Jun,,,,,,,,"$37,422.00",10,2,Invoice Raised,Between 1 to 15 Days,Customer Centricity (CCE) CoE POD Team-2025,,,LYB-CC-25-06,,,,,Realised,,,,,22 Jul 2025,,LYB - Customer Centricity POD,,,,,
14 Sep 2025,,,,,,,,,LYB,,,,Ongoing,,0,,,2025,,10 Sep 2025,,,,,,08_Aug,,,,,,,,"$27,347.00",10,8,Invoice Raised,Between 1 to 15 Days,Customer Centricity (CCE) CoE POD Team-2025,,,LYB-CC-25-08,,,,,Realised,,,,,03 Sep 2025,,LYB - Customer Centricity POD,,,,,
08 Mar 2025,,,,,,,,,LYB,,,,Ongoing,,0,,,2025,,26 Feb 2025,,,,,,01_Jan,,,,,,,,"$40,590.00",10,2,Invoice Raised,Between 1 to 15 Days,Customer Centricity (CCE) CoE POD Team-2025,,,LYB-CC-25-01,,,,,Realised,,,,,25 Feb 2025,,LYB - Customer Centricity POD,,,,,
04 Jan 2026,,,,,,,,,LYB,,,,Ongoing,,4,,,2025,,08 Jan 2026,,,,,,12_Dec,,,,,,,,"$8,744.00",10,16,Invoice Raised,Between 16 to 30 Days,Customer Centricity (CCE) CoE POD Team-2025,,,LYB-CC-25-12,,,,,Realised,,,,,24 Dec 2025,,LYB - Customer Centricity POD,,,,,
07 Dec 2025,,,,,,,,,LYB,,,,Ongoing,,0,,,2025,,05 Dec 2025,,,,,,11_Nov,,,,,,,,"$11,156.00",10,10,Invoice Raised,Between 1 to 15 Days,Customer Centricity (CCE) CoE POD Team-2025,,,LYB-CC-25-11,,,,,Realised,,,,,26 Nov 2025,,LYB - Customer Centricity POD,,,,,
10 Jun 2025,,,,,,,,,LYB,,,,Ongoing,,0,,,2025,,02 Jun 2025,,,,,,05_May,,,,,,,,"$12,060.00",10,4,Invoice Raised,Between 1 to 15 Days,"CO-1 DQ support for Vendor Domain, CLCS project Extension | CO-2 DQ support for Vendor Domain, CLCS project Extension",,,LYB-DQ-25-05,,,,,Realised,,,,,30 May 2025,,"LYB - DQ Support for Vendor Domain, C&LCS project",,,,,
14 Mar 2025,,,,,,,,,LYB,,,,Ongoing,,0,,,2025,,05 Mar 2025,,,,,,02_Feb,,,,,,,,"$12,060.00",10,3,Invoice Raised,Between 1 to 15 Days,"CO-1 DQ support for Vendor Domain, CLCS project Extension",,,LYB-DQ-25-02,,,,,Realised,,,,,03 Mar 2025,,"LYB - DQ Support for Vendor Domain, C&LCS project",,,,,
25 Feb 2025,,,,,,,,,LYB,,,,Ongoing,,0,,,2025,,20 Feb 2025,,,,,,01_Jan,,,,,,,,"$12,060.00",10,7,Invoice Raised,Between 1 to 15 Days,"CO-1 DQ support for Vendor Domain, CLCS project Extension",,,LYB-DQ-25-01,,,,,Realised,,,,,14 Feb 2025,,"LYB - DQ Support for Vendor Domain, C&LCS project",,,,,
16 May 2025,,,,,,,,,LYB,,,,Ongoing,,0,,,2025,,07 May 2025,,,,,,04_Apr,,,,,,,,"$12,060.00",10,3,Invoice Raised,Between 1 to 15 Days,"CO-2 DQ support for Vendor Domain, CLCS project Extension",,,LYB-DQ-25-04,,,,,Realised,,,,,05 May 2025,,"LYB - DQ Support for Vendor Domain, C&LCS project",,,,,
14 Apr 2025,,,,,,,,,LYB,,,,Ongoing,,0,,,2025,,07 Apr 2025,,,,,,03_Mar,,,,,,,,"$12,060.00",10,5,Invoice Raised,Between 1 to 15 Days,"CO-1 DQ support for Vendor Domain, CLCS project Extension",,,LYB-DQ-25-03,,,,,Realised,,,,,03 Apr 2025,,"LYB - DQ Support for Vendor Domain, C&LCS project",,,,,
17 Nov 2025,,,,,,,,,LYB,,,,Ongoing,,0,,,2025,,13 Nov 2025,,,,,,10_Oct,,,,,,,,"$5,427.00",10,8,Invoice Raised,Between 1 to 15 Days,DQP Customer enhancements – Statement of Work for 2025,,,LYB-DQP-C-25-03,,,,,Realised,,,,,06 Nov 2025,,LYB - DQP Customer Enhancements,,,,,
27 Sep 2025,,,,,,,,,LYB,,,,Ongoing,,0,,,2025,,23 Sep 2025,,,,,,08_Aug,,,,,,,,"$5,729.00",10,8,Invoice Raised,Between 1 to 15 Days,DQP Customer enhancements – Statement of Work for 2025,,,LYB-DQP-C-25-01,,,,,Realised,,,,,16 Sep 2025,,LYB - DQP Customer Enhancements,,,,,
18 Oct 2025,,,,,,,,,LYB,,,,,,0,,,2025,,08 Oct 2025,,,,,,09_Sep,,,,,,,,"$11,457.00",10,2,Invoice Raised,Between 1 to 15 Days,DQP Customer enhancements – Statement of Work for 2025,,,LYB-DQP-C-25-02,,,,,Realised,,,,,07 Oct 2025,,LYB - DQP Customer Enhancements,,,,,
27 Sep 2025,,,,,,,,,LYB,,,,Ongoing,,0,,,2025,,17 Sep 2025,,,,,,08_Aug,,,,,,,,"$2,700.00",10,2,Invoice Raised,Between 1 to 15 Days,CO-1 DQP Finance enhancements,,,LYB-DQP-F-25-03,,,,,Realised,,,,,16 Sep 2025,,LYB - DQP Finance Extension,,,,,
21 Jul 2025,,,,,,,,,LYB,,,,Ongoing,,0,,,2025,,11 Jul 2025,,,,,,06_Jun,,,,,,,,"$12,060.00",10,2,Invoice Raised,Between 1 to 15 Days,DQP Finance enhancements,,,LYB-DQP-F-25-01,,,,,Realised,,,,,10 Jul 2025,,LYB - DQP Finance enhancements,,,,,
23 Aug 2025,,,,,,,,,LYB,,,,Ongoing,,0,,,2025,,14 Aug 2025,,,,,,07_Jul,,,,,,,,"$12,060.00",10,3,Invoice Raised,Between 1 to 15 Days,DQP Finance enhancements,,,LYB-DQP-F-25-02,,,,,Realised,,,,,12 Aug 2025,,LYB - DQP Finance enhancements,,,,,
18 Oct 2025,,,,,,,,,LYB,,,,Ongoing,,0,,,2025,,09 Oct 2025,,,,,,09_Sep,,,,,,,,"$11,759.00",10,3,Invoice Raised,Between 1 to 15 Days,DQP Raw Material workflow Phase 2 - CO-1,,,LYB-DQP-R-25-02,,,,,Realised,,,,,07 Oct 2025,,LYB - DQP Raw Materials Phase 2,,,,,
27 Sep 2025,,,,,,,,,LYB,,,,Ongoing,,0,,,2025,,17 Sep 2025,,,,,,08_Aug,,,,,,,,"$12,060.00",10,2,Invoice Raised,Between 1 to 15 Days,DQP Raw Material workflow Phase 2 - CO-1,,,LYB-DQP-R-25-01,,,,,Realised,,,,,16 Sep 2025,,LYB - DQP Raw Materials Phase 2,,,,,
20 Jan 2026,,,,,,,,,LYB,,,,Ongoing,,0,,,2025,,12 Jan 2026,,,,,,12_Dec,,,,,,,,"$34,070.00",10,4,Invoice Raised,Between 1 to 15 Days,DQP Raw Material workflow Phase 2 - CO-1,,,LYB-DQP-R-25-05,,,,,Realised,,,,,09 Jan 2026,,LYB - DQP Raw Materials Phase 2,,,,,
07 Dec 2025,,,,,,,,,LYB,,,,Ongoing,,2,,,2025,,09 Dec 2025,,,,,,11_Nov,,,,,,,,"$34,371.00",10,14,Invoice Raised,Between 1 to 15 Days,DQP Raw Material workflow Phase 2 - CO-1,,,LYB-DQP-R-25-04,,,,,Realised,,,,,26 Nov 2025,,LYB - DQP Raw Materials Phase 2,,,,,
22 Feb 2026,,,,,,,,,LYB,,,,,,0,,,2026,,13 Feb 2026,,,,,,01_Jan,,,,,,,,"$10,251.00",10,3,Invoice Raised,Between 1 to 15 Days,DQP Raw Material workflow Phase 2 - CO-1,,,LYB-DQP-R-26-01,,,,,Realised,,,,,11 Feb 2026,4405965917,LYB - DQP Raw Materials Phase 2,,,,,
16 Mar 2026,,,,,,,,,LYB,,,,,,0,,,2026,,06 Mar 2026,,,,,,02_Feb,,,,,,,,"$3,015.00",10,2,Invoice Raised,Between 1 to 15 Days,DQP Raw Material workflow Phase 2 - CO-2,,,LYB-DQP-R-26-02,,,,,Realised,,,,,05 Mar 2026,4405965917,LYB - DQP Raw Materials Phase 2,,,,,
17 Nov 2025,,,,,,,,,LYB,,,,Ongoing,,0,,,2025,,17 Nov 2025,,,,,,10_Oct,,,,,,,,"$16,884.00",10,12,Invoice Raised,Between 1 to 15 Days,DQP Raw Material workflow Phase 2 - CO-1,,,LYB-DQP-R-25-03,,,,,Realised,,,,,06 Nov 2025,,LYB - DQP Raw Materials Phase 2,,,,,
31 May 2026,,,,,,,,,LYB,Paid,,,,,4,,,2026,,04 Jun 2026,,,,,,04_Apr,,,,,,,,"$5,126.00",10,16,Invoice Raised,Between 16 to 30 Days,Project Elephant - DQP Resources – Statement of Work for 2026 | Project Elephant - DQP Resources – Close Out SOW,,,LYB-E-26-04,,,,,Realized,,,,,20 May 2026,4406129068,LYB - DQP Resources - Project Elephant,,,,,
16 Mar 2026,,,,,,,,,LYB,,,,,,0,,,2026,,09 Mar 2026,,,,,,02_Feb,,,,,,,,"$13,568.00",10,5,Invoice Raised,Between 1 to 15 Days,Project Elephant - DQP Resources - Statement of Work for 2026,,,LYB-E-26-02,,,,,Realised,,,,,05 Mar 2026,4406129068,LYB - DQP Resources - Project Elephant,,,,,
25 Apr 2026,,,,,,,,,LYB,,,,,,6,Paid,,2026,,01 May 2026,,,,,,03_Mar,,,,,,,,"$16,281.00",10,18,Invoice Raised,Between 16 to 30 Days,Project Elephant - DQP Resources – Statement of Work for 2026 | Project Elephant - DQP Resources – Close Out SOW,,,LYB-E-26-03,,,,,Realised,,,,,14 Apr 2026,4406129068,LYB - DQP Resources - Project Elephant,,,,,
22 Feb 2026,,,,,,,,,LYB,,,,,,0,,,2026,,18 Feb 2026,,,,,,01_Jan,,,,,,,,"$12,060.00",10,8,Invoice Raised,Between 1 to 15 Days,Project Elephant - DQP Resources - Statement of Work for 2026,,,LYB-E-26-01,,,,,Realised,,,,,11 Feb 2026,4406129068,LYB - DQP Resources - Project Elephant,,,,,
,,,,,,,,,LYB,Paid,,,,,,,,2026,,17 Jun 2026,,,,,,05_May,,,,,,,,"$10,683.00",10,,Invoice Raised,Pending,Project Elephant - DQP Resources – Close Out SOW,,,LYB-EC-26-02,,,,,Realized,,,,,,4406223689,LYB - DQP Resources - Project Elephant,,,,,
31 May 2026,,,,,,,,,LYB,Paid,,,,,4,,,2026,,04 Jun 2026,,,,,,04_Apr,,,,,,,,"$6,935.00",10,16,Invoice Raised,Between 16 to 30 Days,Project Elephant - DQP Resources – Close Out SOW,,,LYB-EC-26-01,,,,,Realized,,,,,20 May 2026,4406223689,LYB - DQP Resources - Project Elephant,,,,,
,,,,,,,,,LYB,,,,,,,,,2026,,,,,,,,05_May,,,,,,,,"$10,251.00",10,,Invoice Raised,Pending,DQP Support 2026 – CO1,,,LYB-DQP-S-26-05,,,,,Pending,,,,,,4406122444,LYB - DQP Support,,,,,
20 Jan 2026,,,,,,,,,LYB,,,,Ongoing,,0,,,2025,,15 Jan 2026,,,,,,12_Dec,,,,,,,,"$12,060.00",10,7,Invoice Raised,Between 1 to 15 Days,DQP Support – Statement of Work for 2025,,,LYB-DQP-S-25-06,,,,,Realised,,,,,09 Jan 2026,,LYB - DQP Support,,,,,
22 Feb 2026,,,,,,,,,LYB,,,,,,0,,,2026,,12 Feb 2026,,,,,,01_Jan,,,,,,,,"$12,060.00",10,2,Invoice Raised,Between 1 to 15 Days,DQP Support - Statement of Work for 2026,,,LYB-DQP-S-26-01,,,,,Realised,,,,,11 Feb 2026,4406122444,LYB - DQP Support,,,,,
07 Dec 2025,,,,,,,,,LYB,,,,Ongoing,,0,,,2025,,01 Dec 2025,,,,,,11_Nov,,,,,,,,"$12,060.00",10,6,Invoice Raised,Between 1 to 15 Days,DQP Support – Statement of Work for 2025,,,LYB-DQP-S-25-05,,,,,Realised,,,,,26 Nov 2025,,LYB - DQP Support,,,,,
27 Sep 2025,,,,,,,,,LYB,,,,Ongoing,,0,,,2025,,17 Sep 2025,,,,,,08_Aug,,,,,,,,"$12,060.00",10,2,Invoice Raised,Between 1 to 15 Days,DQP Support – Statement of Work for 2025,,,LYB-DQP-S-25-02,,,,,Realised,,,,,16 Sep 2025,,LYB - DQP Support,,,,,
16 Mar 2026,,,,,,,,,LYB,,,,,,0,,,2026,,11 Mar 2026,,,,,,02_Feb,,,,,,,,"$12,060.00",10,7,Invoice Raised,Between 1 to 15 Days,DQP Support - Statement of Work for 2026,,,LYB-DQP-S-26-02,,,,,Realised,,,,,05 Mar 2026,4406122444,LYB - DQP Support,,,,,
31 May 2026,,,,,,,,,LYB,Paid,,,,,0,,,2026,,22 May 2026,,,,,,04_Apr,,,,,,,,"$12,060.00",10,3,Invoice Raised,Between 1 to 15 Days,DQP Support - Statement of Work for 2026,,,LYB-DQP-S-26-04,,,,,Realized,,,,,20 May 2026,4406122444,LYB - DQP Support,,,,,
17 Nov 2025,,,,,,,,,LYB,,,,Ongoing,,0,,,2025,,07 Nov 2025,,,,,,10_Oct,,,,,,,,"$11,156.00",10,2,Invoice Raised,Between 1 to 15 Days,DQP Support – Statement of Work for 2025,,,LYB-DQP-S-25-04,,,,,Realised,,,,,06 Nov 2025,,LYB - DQP Support,,,,,
23 Aug 2025,,,,,,,,,LYB,,,,Ongoing,,0,,,2025,,13 Aug 2025,,,,,,07_Jul,,,,,,,,"$12,060.00",10,2,Invoice Raised,Between 1 to 15 Days,DQP Support – Statement of Work for 2025,,,LYB-DQP-S-25-01,,,,,Realised,,,,,12 Aug 2025,,LYB - DQP Support,,,,,
25 Apr 2026,,,,,,,,,LYB,,,,,,0,,,2026,,15 Apr 2026,,,,,,03_Mar,,,,,,,,"$11,457.00",10,2,Invoice Raised,Between 1 to 15 Days,DQP Support - Statement of Work for 2026,,,LYB-DQP-S-26-03,,,,,Realised,,,,,14 Apr 2026,4406122444,LYB - DQP Support,,,,,
18 Oct 2025,,,,,,,,,LYB,,,,Ongoing,,0,,,2025,,08 Oct 2025,,,,,,09_Sep,,,,,,,,"$12,060.00",10,2,Invoice Raised,Between 1 to 15 Days,DQP Support – Statement of Work for 2025,,,LYB-DQP-S-25-03,,,,,Realised,,,,,07 Oct 2025,,LYB - DQP Support,,,,,
29 Aug 2025,,,,,,,,,LYB,,,,Ongoing,,0,,,2025,,25 Aug 2025,,,,,,07_Jul,,,,,,,,"$20,970.00",10,8,Invoice Raised,Between 1 to 15 Days,Digital AI Projects Support - 2025,,,LYB-D-25-07,,,,,Realised,,,,,18 Aug 2025,,LYB - Digital AI Projects,,,,,
21 Jul 2025,,,,,,,,,LYB,,,,Ongoing,,0,,,2025,,16 Jul 2025,,,,,,06_Jun,,,,,,,,"$20,970.00",10,7,Invoice Raised,Between 1 to 15 Days,Digital AI Projects Support - 2025,,,LYB-D-25-06,,,,,Realised,,,,,10 Jul 2025,,LYB - Digital AI Projects,,,,,
19 Apr 2025,,,,,,,,,LYB,,,,Ongoing,,0,,,2025,,14 Apr 2025,,,,,,03_Mar,,,,,,,,"$20,970.00",10,7,Invoice Raised,Between 1 to 15 Days,Digital AI Projects Support - 2025,,,LYB-D-25-03,,,,,Realised,,,,,08 Apr 2025,,LYB - Digital AI Projects,,,,,
14 Sep 2025,,,,,,,,,LYB,,,,Ongoing,,0,,,2025,,04 Sep 2025,,,,,,08_Aug,,,,,,,,"$20,970.00",10,2,Invoice Raised,Between 1 to 15 Days,Digital AI Projects Support - 2025,,,LYB-D-25-08,,,,,Realised,,,,,03 Sep 2025,,LYB - Digital AI Projects,,,,,
04 Nov 2025,,,,,,,,,LYB,,,,Ongoing,,24,,,2025,,28 Nov 2025,,,,,,09_Sep,,,,,,,,"$13,343.00",10,36,Invoice Raised,Between 31 to 45 Days,Digital AI Projects Support - 2025,,,LYB-D-25-09,,,,,Realised,,,,,24 Oct 2025,,LYB - Digital AI Projects,,,,,
16 Jun 2025,,,,,,,,,LYB,,,,Ongoing,,0,,,2025,,11 Jun 2025,,,,,,05_May,,,,,,,,"$20,970.00",10,7,Invoice Raised,Between 1 to 15 Days,Digital AI Projects Support - 2025,,,LYB-D-25-05,,,,,Realised,,,,,05 Jun 2025,,LYB - Digital AI Projects,,,,,
16 May 2025,,,,,,,,,LYB,,,,Ongoing,,0,,,2025,,06 May 2025,,,,,,04_Apr,,,,,,,,"$20,970.00",10,2,Invoice Raised,Between 1 to 15 Days,Digital AI Projects Support - 2025,,,LYB-D-25-04,,,,,Realised,,,,,05 May 2025,,LYB - Digital AI Projects,,,,,
29 Mar 2025,,,,,,,,,LYB,,,,Ongoing,,0,,,2025,,19 Mar 2025,,,,,,02_Feb,,,,,,,,"$20,970.00",10,2,Invoice Raised,Between 1 to 15 Days,Digital AI Projects Support - 2025,,,LYB-D-25-02,,,,,Realised,,,,,18 Mar 2025,,LYB - Digital AI Projects,,,,,
29 Mar 2025,,,,,,,,,LYB,,,,Ongoing,,0,,,2025,,19 Mar 2025,,,,,,01_Jan,,,,,,,,"$20,970.00",10,2,Invoice Raised,Between 1 to 15 Days,Digital AI Projects Support - 2025,,,LYB-D-25-01,,,,,Realised,,,,,18 Mar 2025,,LYB - Digital Implementation Resources - Advanced Analytics,,,,,
08 Mar 2025,,,,,,,,,LYB,,,,Ongoing,,0,,,2025,,26 Feb 2025,,,,,,01_Jan,,,,,,,,"$17,460.00",10,2,Invoice Raised,Between 1 to 15 Days,JV Project-2025,,,LYB-JV-25-01,,,,,Realised,,,,,25 Feb 2025,,LYB - Digital Implementation Resources - Max Chavez - TASNEE JV,,,,,
24 Mar 2025,,,,,,,,,LYB,,,,Completed,,0,,,2025,,17 Mar 2025,,,,,,02_Feb,,,,,,,,"$6,030.00",10,5,Invoice Raised,Between 1 to 15 Days,ERTO Project Team-2025,,,LYB-ERTO-25-02,,,,,Realised,,,,,13 Mar 2025,,LYB - ERTO,,,,,
09 Mar 2025,,,,,,,,,LYB,,,,Completed,,0,,,2025,,04 Mar 2025,,,,,,01_Jan,,,,,,,,"$3,015.00",10,7,Invoice Raised,Between 1 to 15 Days,ERTO Project Team-2025,,,LYB-ERTO-25-01,,,,,Realised,,,,,26 Feb 2025,,LYB - ERTO,,,,,
17 Mar 2026,,,,,,,,,LYB,,,,,,0,,,2026,,10 Mar 2026,,,,,,02_Feb,,,,,,,,"$5,729.00",10,5,Invoice Raised,Between 1 to 15 Days,Sustainability Certification for Renewable Feedstocks – Statement of Work for 2026,,,LYB-S-26-02,,,,,Realised,,,,,06 Mar 2026,4406136397,LYB - Full Stack Development,,,,,
10 Mar 2025,,,,,,,,,LYB,,,,Ongoing,,0,,,2025,,05 Mar 2025,,,,,,02_Feb,,,,,,,,"$5,427.00",10,7,Invoice Raised,Between 1 to 15 Days,Full Stack Development – Statement of Work for 2024 | CO-1 – PowerApps Capability,,,LYB-FSD-25-02,,,,,Realised,,,,,27 Feb 2025,,LYB - Full Stack Development,,,,,
07 Feb 2026,,,,,,,,,LYB,,,,Ongoing,,0,,,2025,,04 Feb 2026,,,,,,11_Nov,,,,,,,,"$5,126.00",10,9,Invoice Raised,Between 1 to 15 Days,CO-1 Full Stack Development – Statement of Work for 2024,,,LYB-FSD-25-11,,,,,Realised,,,,,27 Jan 2026,,LYB - Full Stack Development,,,,,
27 May 2025,,,,,,,,,LYB,,,,Ongoing,,0,,,2025,,19 May 2025,,,,,,04_Apr,,,,,,,,"$6,030.00",10,4,Invoice Raised,Between 1 to 15 Days,CO-1 Full Stack Development – Statement of Work for 2024,,,LYB-FSD-25-04,,,,,Realised,,,,,16 May 2025,,LYB - Full Stack Development,,,,,
03 Mar 2026,,,,,,,,,LYB,,,,,,0,,,2026,,27 Feb 2026,,,,,,01_Jan,,,,,,,,"$6,030.00",10,8,Invoice Raised,Between 1 to 15 Days,Sustainability Certification for Renewable Feedstocks – Statement of Work for 2026,,,LYB-S-26-01,,,,,Realised,,,,,20 Feb 2026,4406136397,LYB - Full Stack Development,,,,,
22 Feb 2025,,,,,,,,,LYB,,,,Ongoing,,0,,,2025,,14 Feb 2025,,,,,,01_Jan,,,,,,,,"$10,854.00",10,4,Invoice Raised,Between 1 to 15 Days,Full Stack Development – Statement of Work for 2024 | CO-1 – PowerApps Capability,,,LYB-FSD-25-01,,,,,Realised,,,,,11 Feb 2025,,LYB - Full Stack Development,,,,,
07 Feb 2026,,,,,,,,,LYB,,,,Ongoing,,0,,,2025,,04 Feb 2026,,,,,,12_Dec,,,,,,,,"$3,920.00",10,9,Invoice Raised,Between 1 to 15 Days,CO-1 Full Stack Development – Statement of Work for 2024,,,LYB-FSD-25-12,,,,,Realised,,,,,27 Jan 2026,,LYB - Full Stack Development,,,,,
14 Sep 2025,,,,,,,,,LYB,,,,Ongoing,,0,,,2025,,09 Sep 2025,,,,,,08_Aug,,,,,,,,"$6,030.00",10,7,Invoice Raised,Between 1 to 15 Days,CO-1 Full Stack Development – Statement of Work for 2024,,,LYB-FSD-25-08,,,,,Realised,,,,,03 Sep 2025,,LYB - Full Stack Development,,,,,
17 Apr 2026,,,,,,,,,LYB,,,,,,28,Paid,,2026,,15 May 2026,,,,,,03_Mar,,,,,,,,"$4,824.00",10,40,Invoice Raised,Between 31 to 45 Days,Sustainability Certification for Renewable Feedstocks – Statement of Work for 2026,,,LYB-S-26-03,,,,,Realised,,,,,06 Apr 2026,4406136397,LYB - Full Stack Development,,,,,
29 Aug 2025,,,,,,,,,LYB,,,,Ongoing,,0,,,2025,,20 Aug 2025,,,,,,07_Jul,,,,,,,,"$4,824.00",10,3,Invoice Raised,Between 1 to 15 Days,CO-1 Full Stack Development – Statement of Work for 2024,,,LYB-FSD-25-07,,,,,Realised,,,,,18 Aug 2025,,LYB - Full Stack Development,,,,,
22 Jun 2026,,,,,,,,,LYB,,,,,,,,,2026,,,,,,,,05_May,,,,,,,,"$5,126.00",10,,Invoice Raised,Pending,Sustainability Certification for Renewable Feedstocks – CO1 - 2026,,,LYB-S-26-05,,,,,Pending,,,,,11 Jun 2026,4406136397,LYB - Full Stack Development,,,,,
30 Jun 2025,,,,,,,,,LYB,,,,Ongoing,,0,,,2025,,25 Jun 2025,,,,,,05_May,,,,,,,,"$6,030.00",10,7,Invoice Raised,Between 1 to 15 Days,CO-1 Full Stack Development – Statement of Work for 2024,,,LYB-FSD-25-05,,,,,Realised,,,,,19 Jun 2025,,LYB - Full Stack Development,,,,,
21 Jul 2025,,,,,,,,,LYB,,,,Ongoing,,0,,,2025,,11 Jul 2025,,,,,,06_Jun,,,,,,,,"$6,030.00",10,2,Invoice Raised,Between 1 to 15 Days,CO-1 Full Stack Development – Statement of Work for 2024,,,LYB-FSD-25-061,,,,,Realised,,,,,10 Jul 2025,,LYB - Full Stack Development,,,,,
05 Apr 2025,,,,,,,,,LYB,,,,Ongoing,,0,,,2025,,27 Mar 2025,,,,,,03_Mar,,,,,,,,"$4,523.00",10,3,Invoice Raised,Between 1 to 15 Days,Full Stack Development – Statement of Work for 2024 | CO-1 – PowerApps Capability,,,LYB-FSD-25-03,,,,,Realised,,,,,25 Mar 2025,,LYB - Full Stack Development,,,,,
26 Oct 2025,,,,,,,,,LYB,,,,Ongoing,,0,,,2025,,23 Oct 2025,,,,,,09_Sep,,,,,,,,"$4,824.00",10,9,Invoice Raised,Between 1 to 15 Days,CO-1 Full Stack Development – Statement of Work for 2024,,,LYB-FSD-25-09,,,,,Realised,,,,,15 Oct 2025,,LYB - Full Stack Development,,,,,
22 Jun 2026,,,,,,,,,LYB,,,,,,,,,2026,,,,,,,,04_Apr,,,,,,,,"$5,427.00",10,,Invoice Raised,Pending,Sustainability Certification for Renewable Feedstocks – Statement of Work for 2026,,,LYB-S-26-04,,,,,Pending,,,,,11 Jun 2026,4406136397,LYB - Full Stack Development,,,,,
10 Nov 2025,,,,,,,,,LYB,,,,Ongoing,,11,,,2025,,21 Nov 2025,,,,,,10_Oct,,,,,,,,"$5,126.00",10,23,Invoice Raised,Between 16 to 30 Days,CO-1 Full Stack Development – Statement of Work for 2024,,,LYB-FSD-25-10,,,,,Realised,,,,,30 Oct 2025,,LYB - Full Stack Development,,,,,
24 May 2025,,,,,,,,,LYB,,,,Ongoing,,0,,,2025,,19 May 2025,,,,,,04_Apr,,,,,,,,"$26,699.00",10,7,Invoice Raised,Between 1 to 15 Days,HR POD Team-2025-CO,,,LYB-HR-25-04,,,,,Realised,,,,,13 May 2025,,LYB - HR POD Team,,,,,
23 Aug 2025,,,,,,,,,LYB,,,,Ongoing,,0,,,2025,,13 Aug 2025,,,,,,07_Jul,,,,,,,,"$26,397.00",10,2,Invoice Raised,Between 1 to 15 Days,CO – HR POD Extension,,,LYB-HR-25-07,,,,,Realised,,,,,12 Aug 2025,,LYB - HR POD Team,,,,,
06 Mar 2026,,,,,,,,,LYB,,,,,,21,,,2026,,27 Mar 2026,,,,,,01_Jan,,,,,,,,"$27,000.00",10,33,Invoice Raised,Between 31 to 45 Days,HR POD Team - Statement of Work for 2026,,,LYB-HR-26-01,,,,,Realised,,,,,23 Feb 2026,4406184450,LYB - HR POD Team,,,,,
17 Apr 2026,,,,,,,,,LYB,,,,,,20,Paid,,2026,,07 May 2026,,,,,,03_Mar,,,,,,,,"$22,032.00",10,32,Invoice Raised,Between 31 to 45 Days,HR POD Team - Statement of Work for 2026,,,LYB-HR-26-03,,,,,Realised,,,,,06 Apr 2026,4406184450,LYB - HR POD Team,,,,,
13 Dec 2025,,,,,,,,,LYB,,,,Ongoing,,0,,,2025,,11 Dec 2025,,,,,,11_Nov,,,,,,,,"$26,397.00",10,10,Invoice Raised,Between 1 to 15 Days,CO – HR POD Extension,,,LYB-HR-25-11,,,,,Realised,,,,,02 Dec 2025,,LYB - HR POD Team,,,,,
02 Aug 2025,,,,,,,,,LYB,,,,Ongoing,,0,,,2025,,23 Jul 2025,,,,,,06_Jun,,,,,,,,"$24,890.00",10,2,Invoice Raised,Between 1 to 15 Days,HR POD Team-2025-CO,,,LYB-HR-25-06,,,,,Realised,,,,,22 Jul 2025,,LYB - HR POD Team,,,,,
17 Oct 2025,,,,,,,,,LYB,,,,Ongoing,,0,,,2025,,07 Oct 2025,,,,,,08_Aug,,,,,,,,"$25,794.00",10,2,Invoice Raised,Between 1 to 15 Days,CO – HR POD Extension,,,LYB-HR-25-08,,,,,Realised,,,,,06 Oct 2025,,LYB - HR POD Team,,,,,
29 Nov 2025,,,,,,,,,LYB,,,,Ongoing,,0,,,2025,,19 Nov 2025,,,,,,10_Oct,,,,,,,,"$24,314.00",10,2,Invoice Raised,Between 1 to 15 Days,CO – HR POD Extension,,,LYB-HR-25-10,,,,,Realised,,,,,18 Nov 2025,,LYB - HR POD Team,,,,,
07 Feb 2026,,,,,,,,,LYB,,,,Ongoing,,2,,,2025,,09 Feb 2026,,,,,,12_Dec,,,,,,,,"$21,758.00",10,14,Invoice Raised,Between 1 to 15 Days,CO – HR POD Extension,,,LYB-HR-25-12,,,,,Realised,,,,,27 Jan 2026,,LYB - HR POD Team,,,,,
05 Apr 2025,,,,,,,,,LYB,,,,Ongoing,,0,,,2025,,27 Mar 2025,,,,,,02_Feb,,,,,,,,"$33,030.00",10,3,Invoice Raised,Between 1 to 15 Days,HR POD Team-2025,,,LYB-HR-25-02,,,,,Realised,,,,,25 Mar 2025,,LYB - HR POD Team,,,,,
16 Mar 2026,,,,,,,,,LYB,,,,,,10,,,2026,,26 Mar 2026,,,,,,02_Feb,,,,,,,,"$25,506.00",10,22,Invoice Raised,Between 16 to 30 Days,HR POD Team - Statement of Work for 2026,,,LYB-HR-26-02,,,,,Realised,,,,,05 Mar 2026,4406184450,LYB - HR POD Team,,,,,
10 Mar 2025,,,,,,,,,LYB,,,,Ongoing,,0,,,2025,,03 Mar 2025,,,,,,01_Jan,,,,,,,,"$33,030.00",10,5,Invoice Raised,Between 1 to 15 Days,HR POD Team-2025,,,LYB-HR-25-01,,,,,Realised,,,,,27 Feb 2025,,LYB - HR POD Team,,,,,
19 May 2026,,,,,,,,,LYB,,,,,,0,Paid,,2026,,14 May 2026,,,,,,04_Apr,,,,,,,,"$24,601.50",10,7,Invoice Raised,Between 1 to 15 Days,HR POD Team - Statement of Work for 2026,,,LYB-HR-26-04,,,,,Realised,,,,,08 May 2026,4406184450,LYB - HR POD Team,,,,,
26 Apr 2025,,,,,,,,,LYB,,,,Ongoing,,31,,,2025,,27 May 2025,,,,,,03_Mar,,,,,,,,"$5,940.00",10,43,Invoice Raised,Between 31 to 45 Days,HR POD Team-2025-CO,,,LYB-HR-25-03-A,,,,,Realised,,,,,15 Apr 2025,,LYB - HR POD Team,,,,,
20 Jun 2026,,,,,,,,,LYB,Paid,,,,,0,,,2026,,17 Jun 2026,,,,,,05_May,,,,,,,,"$23,567.00",10,9,Invoice Raised,Between 1 to 15 Days,HR POD Team - Statement of Work for 2026,,,LYB-HR-26-05,,,,,Realized,,,,,09 Jun 2026,4406184450,LYB - HR POD Team,,,,,
20 Jun 2025,,,,,,,,,LYB,,,,Ongoing,,0,,,2025,,10 Jun 2025,,,,,,05_May,,,,,,,,"$26,699.00",10,2,Invoice Raised,Between 1 to 15 Days,HR POD Team-2025-CO,,,LYB-HR-25-05,,,,,Realised,,,,,09 Jun 2025,,LYB - HR POD Team,,,,,
26 Apr 2025,,,,,,,,,LYB,,,,Ongoing,,0,,,2025,,16 Apr 2025,,,,,,03_Mar,,,,,,,,"$21,060.00",10,2,Invoice Raised,Between 1 to 15 Days,HR POD Team-2025-CO,,,LYB-HR-25-03-B,,,,,Realised,,,,,15 Apr 2025,,LYB - HR POD Team,,,,,
11 Nov 2025,,,,,,,,,LYB,,,,Ongoing,,0,,,2025,,06 Nov 2025,,,,,,09_Sep,,,,,,,,"$25,493.00",10,7,Invoice Raised,Between 1 to 15 Days,CO – HR POD Extension,,,LYB-HR-25-09,,,,,Realised,,,,,31 Oct 2025,,LYB - HR POD Team,,,,,
15 Dec 2025,,,,,,,,,LYB,,,,Ongoing,,0,,,2025,,11 Dec 2025,,,,,,11_Nov,,,,,,,,"$11,759.00",10,8,Invoice Raised,Between 1 to 15 Days,IBP Project enhancements – Statement of Work for 2025,,,LYB-IBP-25-02,,,,,Realised,,,,,04 Dec 2025,,LYB - IBP Project,,,,,
10 Feb 2026,,,,,,,,,LYB,,,,,,0,,,2026,,04 Feb 2026,,,,,,01_Jan,,,,,,,,"$12,060.00",10,6,Invoice Raised,Between 1 to 15 Days,IBP Project enhancements – Statement of Work for 2026,,,LYB-IBP-26-01,,,,,Realised,,,,,30 Jan 2026,4406162822,LYB - IBP Project,,,,,
17 Apr 2026,,,,,,,,,LYB,,,,,,28,Paid,,2026,,15 May 2026,,,,,,03_Mar,,,,,,,,"$6,030.00",10,40,Invoice Raised,Between 31 to 45 Days,IBP Project enhancements – Statement of Work for 2026 - CO2,,,LYB-IBP-26-03,,,,,Realised,,,,,06 Apr 2026,4406162822,LYB - IBP Project,,,,,
28 Mar 2026,,,,,,,,,LYB,,,,,,2,,,2026,,30 Mar 2026,,,,,,02_Feb,,,,,,,,"$5,729.00",10,14,Invoice Raised,Between 1 to 15 Days,IBP Project enhancements – Statement of Work for 2026 - CO1,,,LYB-IBP-26-02,,,,,Realised,,,,,17 Mar 2026,4406162822,LYB - IBP Project,,,,,
20 Jun 2026,,,,,,,,,LYB,Paid,,,,,0,,,2026,,17 Jun 2026,,,,,,05_May,,,,,,,,"$4,824.00",10,9,Invoice Raised,Between 1 to 15 Days,IBP Project enhancements – Statement of Work for 2026 | IBP Project enhancements – Statement of Work for 2026 – CO2-2,,,LYB-IBP-26-05,,,,,Realized,,,,,09 Jun 2026,4406162822,LYB - IBP Project,,,,,
14 Nov 2025,,,,,,,,,LYB,,,,Ongoing,,21,,,2025,,05 Dec 2025,,,,,,09_Sep,,,,,,,,"$1,918.00",10,33,Invoice Raised,Between 31 to 45 Days,IBP Project enhancements – Statement of Work for 2025,,,LYB-IBP-25-01,,,,,Realised,,,,,03 Nov 2025,,LYB - IBP Project,,,,,
27 May 2026,,,,,,,,,LYB,,,,,,0,Paid,,2026,,18 May 2026,,,,,,04_Apr,,,,,,,,"$6,030.00",10,3,Invoice Raised,Between 1 to 15 Days,IBP Project enhancements – Statement of Work for 2026 | IBP Project enhancements – Statement of Work for 2026 – CO2-2,,,LYB-IBP-26-04,,,,,Realised,,,,,16 May 2026,4406162822,LYB - IBP Project,,,,,
14 Nov 2025,,,,,,,,,LYB,,,,Ongoing,,21,,,2025,,05 Dec 2025,,,,,,10_Oct,,,,,,,,"$12,060.00",10,33,Invoice Raised,Between 31 to 45 Days,IBP Project enhancements – Statement of Work for 2025,,,LYB-IBP-25-01,,,,,Realised,,,,,03 Nov 2025,,LYB - IBP Project,,,,,
20 Jan 2026,,,,,,,,,LYB,,,,Ongoing,,34,,,2025,,23 Feb 2026,,,,,,12_Dec,,,,,,,,"$10,142.00",10,46,Invoice Raised,Between 46 to 60 Days,IBP Project enhancements – Statement of Work for 2025,,,LYB-IBP-25-03-A,,,,,Realised,,,,,09 Jan 2026,,LYB - IBP Project,,,,,
24 May 2025,,,,,,,,,LYB,,,,Ongoing,,12,,,2025,,05 Jun 2025,,,,,,04_Apr,,,,,,,,"$6,030.00",10,24,Invoice Raised,Between 16 to 30 Days,2025 IT & Digital Center of Excellence (COE) Capability for GTI,,,LYB-IT-K-25-04,,,,,Realised,,,,,13 May 2025,,LYB - IT CoE - Manufacturing Product Team,,,,,
23 Mar 2025,,,,,,,,,LYB,,,,Ongoing,,0,,,2025,,13 Mar 2025,,,,,,02_Feb,,,,,,,,"$6,030.00",10,2,Invoice Raised,Between 1 to 15 Days,2025 IT & Digital Center of Excellence (COE) Capability for GTI,,,LYB-IT-K-25-02,,,,,Realised,,,,,12 Mar 2025,,LYB - IT CoE - Manufacturing Product Team,,,,,
04 Mar 2025,,,,,,,,,LYB,,,,Ongoing,,0,,,2025,,24 Feb 2025,,,,,,01_Jan,,,,,,,,"$6,030.00",10,4,Invoice Raised,Between 1 to 15 Days,2025 IT & Digital Center of Excellence (COE) Capability for GTI,,,LYB-IT-K-25-01,,,,,Realised,,,,,21 Feb 2025,,LYB - IT CoE - Manufacturing Product Team,,,,,
26 Apr 2025,,,,,,,,,LYB,,,,Ongoing,,0,,,2025,,16 Apr 2025,,,,,,03_Mar,,,,,,,,"$6,030.00",10,2,Invoice Raised,Between 1 to 15 Days,2025 IT & Digital Center of Excellence (COE) Capability for GTI,,,LYB-IT-K-25-03,,,,,Realised,,,,,15 Apr 2025,,LYB - IT CoE - Manufacturing Product Team,,,,,
13 Jun 2025,,,,,,,,,LYB,,,,Ongoing,,0,,,2025,,03 Jun 2025,,,,,,05_May,,,,,,,,"$8,910.00",10,2,Invoice Raised,Between 1 to 15 Days,2025 IT & Digital Center of Excellence (COE) Capability for GTI,,,LYB-IT-PMO-25-05,,,,,Realised,,,,,02 Jun 2025,,LYB - IT PMO Process,,,,,
24 May 2025,,,,,,,,,LYB,,,,Ongoing,,0,,,2025,,14 May 2025,,,,,,04_Apr,,,,,,,,"$8,910.00",10,2,Invoice Raised,Between 1 to 15 Days,2025 IT & Digital Center of Excellence (COE) Capability for GTI,,,LYB-IT-PMO-25-04,,,,,Realised,,,,,13 May 2025,,LYB - IT PMO Process,,,,,
07 Mar 2025,,,,,,,,,LYB,,,,Ongoing,,0,,,2025,,25 Feb 2025,,,,,,01_Jan,,,,,,,,"$8,910.00",10,2,Invoice Raised,Between 1 to 15 Days,2025 IT & Digital Center of Excellence (COE) Capability for GTI,,,LYB-IT-PMO-25-01,,,,,Realised,,,,,24 Feb 2025,,LYB - IT PMO Process,,,,,
08 Apr 2025,,,,,,,,,LYB,,,,Ongoing,,0,,,2025,,02 Apr 2025,,,,,,03_Mar,,,,,,,,"$8,910.00",10,6,Invoice Raised,Between 1 to 15 Days,2025 IT & Digital Center of Excellence (COE) Capability for GTI,,,LYB-IT-PMO-25-03,,,,,Realised,,,,,28 Mar 2025,,LYB - IT PMO Process,,,,,
05 Apr 2025,,,,,,,,,LYB,,,,Ongoing,,0,,,2025,,26 Mar 2025,,,,,,02_Feb,,,,,,,,"$8,910.00",10,2,Invoice Raised,Between 1 to 15 Days,2025 IT & Digital Center of Excellence (COE) Capability for GTI,,,LYB-IT-PMO-25-02,,,,,Realised,,,,,25 Mar 2025,,LYB - IT PMO Process,,,,,
02 Aug 2025,,,,,,,,,LYB,,,,Ongoing,,0,,,2025,,23 Jul 2025,,,,,,06_Jun,,,,,,,,"$8,910.00",10,2,Invoice Raised,Between 1 to 15 Days,2025 IT & Digital Center of Excellence (COE) Capability for GTI,,,LYB-IT-PMO-25-06,,,,,Realised,,,,,22 Jul 2025,,LYB - IT PMO Process,,,,,
24 May 2025,,,,,,,,,LYB,,,,Ongoing,,3,,,2025,,27 May 2025,,,,,,04_Apr,,,,,,,,"$44,186.00",10,15,Invoice Raised,Between 1 to 15 Days,2025 IT & Digital Center of Excellence (COE) Capability for GTI,,,LYB-IT-M-25-04,,,,,Realised,,,,,13 May 2025,,LYB - IT Resources Data & Analytics,,,,,
27 Sep 2025,,,,,,,,,LYB,This project was under Vivek Agarwal,,,Ongoing,,0,,,2025,,19 Sep 2025,,,,,,08_Aug,,,,,,,Vivek Agarwal,"$15,714.00",10,4,Invoice Raised,Between 1 to 15 Days,CO-1 IT & Digital COE Extension,,,LYB-IT-V-25-08,,,,,Realised,,,,,16 Sep 2025,,LYB - IT Resources Data & Analytics,,,,,
18 Jul 2025,,,,,,,,,LYB,This project was under Yousuf Uddin,,,Ongoing,,0,,,2025,,08 Jul 2025,,,,,,05_May,,,,,,,Yousuf Uddin,"$20,201.00",10,2,Invoice Raised,Between 1 to 15 Days,2025 IT & Digital Center of Excellence (COE) Capability for GTI,,,LYB-IT-Y-25-05,,,,,Realised,,,,,07 Jul 2025,,LYB - IT Resources Data & Analytics,,,,,
11 Mar 2025,,,,,,,,,LYB,This project was under Yousuf Uddin,,,Ongoing,,0,,,2025,,06 Mar 2025,,,,,,01_Jan,,,,,,,Yousuf Uddin,"$24,120.00",10,7,Invoice Raised,Between 1 to 15 Days,2025 IT & Digital Center of Excellence (COE) Capability for GTI,,,LYB-IT-Y-25-01,,,,,Realised,,,,,28 Feb 2025,,LYB - IT Resources Data & Analytics,,,,,
27 Apr 2025,,,,,,,,,LYB,This Project was under Ellis Owusu,,,Completed,,37,,,2025,,03 Jun 2025,,,,,,03_Mar,,,,,,,Ellis Owusu,"$6,030.00",10,49,Invoice Raised,Between 46 to 60 Days,2025 IT & Digital Center of Excellence (COE) Capability for GTI,,,LYB-IT-E-25-03,,,,,Realised,,,,,16 Apr 2025,,LYB - IT Resources Data & Analytics,,,,,
19 Aug 2025,,,,,,,,,LYB,This project was under Vivek Agarwal,,,Ongoing,,0,,,2025,,18 Aug 2025,,,,,,07_Jul,,,,,,,Vivek Agarwal,"$5,126.00",10,11,Invoice Raised,Between 1 to 15 Days,CO-1 IT & Digital COE Extension,,,LYB-IT-M-25-07,,,,,Realised,,,,,08 Aug 2025,,LYB - IT Resources Data & Analytics,,,,,
02 Aug 2025,,,,,,,,,LYB,,,,Ongoing,,16,,,2025,,18 Aug 2025,,,,,,06_Jun,,,,,,,,"$44,487.00",10,28,Invoice Raised,Between 16 to 30 Days,2025 IT & Digital Center of Excellence (COE) Capability for GTI,,,LYB-IT-M-25-06,,,,,Realised,,,,,22 Jul 2025,,LYB - IT Resources Data & Analytics,,,,,
02 Jun 2025,,,,,,,,,LYB,This Project was under Ellis Owusu,,,Completed,,0,,,2025,,28 May 2025,,,,,,04_Apr,,,,,,,Ellis Owusu,"$2,714.00",10,7,Invoice Raised,Between 1 to 15 Days,2025 IT & Digital Center of Excellence (COE) Capability for GTI,,,LYB-IT-E-25-04,,,,,Realised,,,,,22 May 2025,,LYB - IT Resources Data & Analytics,,,,,
23 Aug 2025,,,,,,,,,LYB,,,,Ongoing,,0,,,2025,,13 Aug 2025,,,,,,07_Jul,,,,,,,,"$23,333.00",10,2,Invoice Raised,Between 1 to 15 Days,CO-1 IT & Digital COE Extension,,,LYB-IT-V-25-07,,,,,Realised,,,,,12 Aug 2025,,LYB - IT Resources Data & Analytics,,,,,
14 Apr 2025,,,,,,,,,LYB,This project was under Vivek Agarwal,,,Ongoing,,0,,,2025,,07 Apr 2025,,,,,,03_Mar,,,,,,,Vivek Agarwal,"$36,450.00",10,5,Invoice Raised,Between 1 to 15 Days,2025 IT & Digital Center of Excellence (COE) Capability for GTI,,,LYB-IT-V-25-03,,,,,Realised,,,,,03 Apr 2025,,LYB - IT Resources Data & Analytics,,,,,
21 Jul 2025,,,,,,,,,LYB,This project was under Vivek Agarwal,,,Ongoing,,0,,,2025,,15 Jul 2025,,,,,,06_Jun,,,,,,,Vivek Agarwal,"$34,475.00",10,6,Invoice Raised,Between 1 to 15 Days,2025 IT & Digital Center of Excellence (COE) Capability for GTI,,,LYB-IT-V-25-06,,,,,Realised,,,,,10 Jul 2025,,LYB - IT Resources Data & Analytics,,,,,
05 Apr 2025,,,,,,,,,LYB,,,,Ongoing,,0,,,2025,,27 Mar 2025,,,,,,02_Feb,,,,,,,,"$44,789.00",10,3,Invoice Raised,Between 1 to 15 Days,2025 IT & Digital Center of Excellence (COE) Capability for GTI,,,LYB-IT-M-25-02,,,,,Realised,,,,,25 Mar 2025,,LYB - IT Resources Data & Analytics,,,,,
14 Mar 2025,,,,,,,,,LYB,This project was under Vivek Agarwal,,,Ongoing,,0,,,2025,,06 Mar 2025,,,,,,02_Feb,,,,,,,Vivek Agarwal,"$36,450.00",10,4,Invoice Raised,Between 1 to 15 Days,2025 IT & Digital Center of Excellence (COE) Capability for GTI,,,LYB-IT-V-25-02,,,,,Realised,,,,,03 Mar 2025,,LYB - IT Resources Data & Analytics,,,,,
02 Mar 2025,,,,,,,,,LYB,This project was under Vivek Agarwal,,,Ongoing,,0,,,2025,,20 Feb 2025,,,,,,01_Jan,,,,,,,Vivek Agarwal,"$36,450.00",10,2,Invoice Raised,Between 1 to 15 Days,2025 IT & Digital Center of Excellence (COE) Capability for GTI,,,LYB-IT-V-25-01,,,,,Realised,,,,,19 Feb 2025,,LYB - IT Resources Data & Analytics,,,,,
20 Jun 2025,,,,,,,,,LYB,,,,Ongoing,,11,,,2025,,01 Jul 2025,,,,,,05_May,,,,,,,,"$44,186.00",10,23,Invoice Raised,Between 16 to 30 Days,2025 IT & Digital Center of Excellence (COE) Capability for GTI,,,LYB-IT-M-25-05,,,,,Realised,,,,,09 Jun 2025,,LYB - IT Resources Data & Analytics,,,,,
16 May 2025,,,,,,,,,LYB,This project was under Vivek Agarwal,,,Ongoing,,0,,,2025,,05 May 2025,,,,,,04_Apr,,,,,,,Vivek Agarwal,"$35,771.00",10,1,Invoice Raised,Between 1 to 15 Days,2025 IT & Digital Center of Excellence (COE) Capability for GTI,,,LYB-IT-V-25-04,,,,,Realised,,,,,05 May 2025,,LYB - IT Resources Data & Analytics,,,,,
02 Jun 2025,,,,,,,,,LYB,This project was under Yousuf Uddin,,,Ongoing,,0,,,2025,,28 May 2025,,,,,,04_Apr,,,,,,,Yousuf Uddin,"$23,819.00",10,7,Invoice Raised,Between 1 to 15 Days,2025 IT & Digital Center of Excellence (COE) Capability for GTI,,,LYB-IT-Y-25-04,,,,,Realised,,,,,22 May 2025,,LYB - IT Resources Data & Analytics,,,,,
19 Oct 2025,,,,,,,,,LYB,This project was under Vivek Agarwal,,,Ongoing,,0,,,2025,,09 Oct 2025,,,,,,09_Sep,,,,,,,Vivek Agarwal,"$16,889.00",10,2,Invoice Raised,Between 1 to 15 Days,CO-1 IT & Digital COE Extension,,,LYB-IT-V-25-09,,,,,Realised,,,,,08 Oct 2025,,LYB - IT Resources Data & Analytics,,,,,
03 Aug 2025,,,,,,,,,LYB,This project was under Yousuf Uddin,,,Ongoing,,0,,,2025,,30 Jul 2025,,,,,,06_Jun,,,,,,,Yousuf Uddin,"$22,613.00",10,8,Invoice Raised,Between 1 to 15 Days,2025 IT & Digital Center of Excellence (COE) Capability for GTI,,,LYB-IT-Y-25-06,,,,,Realised,,,,,23 Jul 2025,,LYB - IT Resources Data & Analytics,,,,,
20 Jun 2025,,,,,,,,,LYB,This Project was under Ellis Owusu,,,Completed,,5,,,2025,,25 Jun 2025,,,,,,05_May,,,,,,,Ellis Owusu,"$3,920.00",10,17,Invoice Raised,Between 16 to 30 Days,2025 IT & Digital Center of Excellence (COE) Capability for GTI,,,LYB-IT-E-25-05,,,,,Realised,,,,,09 Jun 2025,,LYB - IT Resources Data & Analytics,,,,,
07 Dec 2025,,,,,,,,,LYB,This project was under Vivek Agarwal,,,Ongoing,,0,,,2025,,02 Dec 2025,,,,,,11_Nov,,,,,,,Vivek Agarwal,"$6,030.00",10,7,Invoice Raised,Between 1 to 15 Days,CO-1 IT & Digital COE Extension,,,LYB-IT-V-25-11,,,,,Realised,,,,,26 Nov 2025,,LYB - IT Resources Data & Analytics,,,,,
20 Jan 2026,,,,,,,,,LYB,This project was under Vivek Agarwal,,,Ongoing,,0,,,2025,,12 Jan 2026,,,,,,12_Dec,,,,,,,Vivek Agarwal,"$6,030.00",10,4,Invoice Raised,Between 1 to 15 Days,CO-1 IT & Digital COE Extension,,,LYB-IT-V-25-12,,,,,Realised,,,,,09 Jan 2026,,LYB - IT Resources Data & Analytics,,,,,
17 Nov 2025,,,,,,,,,LYB,This project was under Vivek Agarwal,,,Ongoing,,0,,,2025,,07 Nov 2025,,,,,,10_Oct,,,,,,,Vivek Agarwal,"$9,114.00",10,2,Invoice Raised,Between 1 to 15 Days,CO-1 IT & Digital COE Extension,,,LYB-IT-V-25-10,,,,,Realised,,,,,06 Nov 2025,,LYB - IT Resources Data & Analytics,,,,,
23 Mar 2025,,,,,,,,,LYB,This project was under Yousuf Uddin,,,Ongoing,,0,,,2025,,14 Mar 2025,,,,,,02_Feb,,,,,,,Yousuf Uddin,"$24,120.00",10,3,Invoice Raised,Between 1 to 15 Days,2025 IT & Digital Center of Excellence (COE) Capability for GTI,,,LYB-IT-Y-25-02,,,,,Realised,,,,,12 Mar 2025,,LYB - IT Resources Data & Analytics,,,,,
26 Apr 2025,,,,,,,,,LYB,,,,Ongoing,,33,,,2025,,29 May 2025,,,,,,03_Mar,,,,,,,,"$44,186.00",10,45,Invoice Raised,Between 31 to 45 Days,2025 IT & Digital Center of Excellence (COE) Capability for GTI,,,LYB-IT-M-25-03,,,,,Realised,,,,,15 Apr 2025,,LYB - IT Resources Data & Analytics,,,,,
23 Mar 2025,,,,,,,,,LYB,This Project was under Ellis Owusu,,,Completed,,0,,,2025,,14 Mar 2025,,,,,,02_Feb,,,,,,,Ellis Owusu,"$6,030.00",10,3,Invoice Raised,Between 1 to 15 Days,2025 IT & Digital Center of Excellence (COE) Capability for GTI,,,LYB-IT-E-25-02,,,,,Realised,,,,,12 Mar 2025,,LYB - IT Resources Data & Analytics,,,,,
02 Mar 2025,,,,,,,,,LYB,This Project was under Ellis Owusu,,,Completed,,0,,,2025,,20 Feb 2025,,,,,,01_Jan,,,,,,,Ellis Owusu,"$6,030.00",10,2,Invoice Raised,Between 1 to 15 Days,2025 IT & Digital Center of Excellence (COE) Capability for GTI,,,LYB-IT-E-25-01,,,,,Realised,,,,,19 Feb 2025,,LYB - IT Resources Data & Analytics,,,,,
08 Apr 2025,,,,,,,,,LYB,This project was under Yousuf Uddin,,,Ongoing,,0,,,2025,,03 Apr 2025,,,,,,03_Mar,,,,,,,Yousuf Uddin,"$22,311.00",10,7,Invoice Raised,Between 1 to 15 Days,2025 IT & Digital Center of Excellence (COE) Capability for GTI,,,LYB-IT-Y-25-03,,,,,Realised,,,,,28 Mar 2025,,LYB - IT Resources Data & Analytics,,,,,
10 Jun 2025,,,,,,,,,LYB,This project was under Vivek Agarwal,,,Ongoing,,0,,,2025,,02 Jun 2025,,,,,,05_May,,,,,,,Vivek Agarwal,"$31,811.00",10,4,Invoice Raised,Between 1 to 15 Days,2025 IT & Digital Center of Excellence (COE) Capability for GTI,,,LYB-IT-V-25-05,,,,,Realised,,,,,30 May 2025,,LYB - IT Resources Data & Analytics,,,,,
03 Aug 2025,,,,,,,,,LYB,This Project was under Ellis Owusu,,,Completed,,0,,,2025,,24 Jul 2025,,,,,,06_Jun,,,,,,,Ellis Owusu,"$6,030.00",10,2,Invoice Raised,Between 1 to 15 Days,2025 IT & Digital Center of Excellence (COE) Capability for GTI,,,LYB-IT-E-25-06,,,,,Realised,,,,,23 Jul 2025,,LYB - IT Resources Data & Analytics,,,,,
10 Mar 2025,,,,,,,,,LYB,,,,Ongoing,,0,,,2025,,03 Mar 2025,,,,,,01_Jan,,,,,,,,"$45,090.00",10,5,Invoice Raised,Between 1 to 15 Days,2025 IT & Digital Center of Excellence (COE) Capability for GTI,,,LYB-IT-M-25-01,,,,,Realised,,,,,27 Feb 2025,,LYB - IT Resources Data & Analytics,,,,,
04 Feb 2026,,,,,,,,,LYB,,,,Ongoing,,0,,,2025,,14 Nov 2025,,,,,,10_Oct,,,,,,,,"$7,800.00",90,10,Invoice Raised,Between 1 to 15 Days,APS Raw Materials Procurement COE-2025,,,LYB-P-APS-25-10,,,,,Realised,,,,,05 Nov 2025,,LYB - India COE APS Category Pool,,,,,
07 Jul 2026,,,,,,,,,LYB,,,,,,0,,,2026,,08 Apr 2026,,,,,,03_Mar,,,,,,,,"$7,800.00",90,2,Invoice Raised,Between 1 to 15 Days,APS Raw Materials Procurement Center of Excellence (COE) Capability,,,LYB-P-APS-26-03,,,,,Realised,,,,,07 Apr 2026,4406180580,LYB - India COE APS Category Pool,,,,,
04 Jun 2026,,,,,,,,,LYB,,,,,,0,,,2026,,13 Mar 2026,,,,,,02_Feb,,,,,,,,$477.00,90,9,Invoice Raised,Between 1 to 15 Days,APS Raw Materials Procurement Center of Excellence (COE) Capability,,,LYB-P-APS-EU-26-02,,,,,Realised,,,,,05 Mar 2026,4406170794,LYB - India COE APS Category Pool,,,,,
11 Sep 2026,,,,,,,,,LYB,Paid,,,,,0,,,2026,,18 Jun 2026,,,,,,05_May,,,,,,,,$477.00,90,7,Invoice Raised,Between 1 to 15 Days,APS Raw Materials Procurement Center of Excellence (COE) Capability,,,LYB-P-APS-EU-26-05,,,,,Realized,,,,,12 Jun 2026,4406170794,LYB - India COE APS Category Pool,,,,,
10 Jun 2025,,,,,,,,,LYB,,,,Ongoing,,0,,,2025,,14 Mar 2025,,,,,,02_Feb,,,,,,,,"$11,700.00",90,4,Invoice Raised,Between 1 to 15 Days,APS Raw Materials Procurement COE-2025,,,LYB-P-APS-25-02,,,,,Realised,,,,,11 Mar 2025,,LYB - India COE APS Category Pool,,,,,
06 Oct 2025,,,,,,,,,LYB,,,,Ongoing,,0,,,2025,,14 Jul 2025,,,,,,06_Jun,,,,,,,,"$10,140.00",90,8,Invoice Raised,Between 1 to 15 Days,APS Raw Materials Procurement COE-2025,,,LYB-P-APS-25-06,,,,,Realised,,,,,07 Jul 2025,,LYB - India COE APS Category Pool,,,,,
29 Jul 2026,,,,,,,,,LYB,,,,,,,,,2026,,,,,,,,04_Apr,,,,,,,,$477.00,90,,Invoice Raised,Pending,APS Raw Materials Procurement Center of Excellence (COE) Capability,,,LYB-P-APS-EU-26-04,,,,,Pending,,,,,29 Apr 2026,4406170794,LYB - India COE APS Category Pool,,,,,
11 Sep 2026,,,,,,,,,LYB,Paid,,,,,0,,,2026,,15 Jun 2026,,,,,,05_May,,,,,,,,"$3,813.00",90,4,Invoice Raised,Between 1 to 15 Days,APS Raw Materials Procurement Center of Excellence (COE) Capability,,,LYB-P-APS-JA-26-05,,,,,Realized,,,,,12 Jun 2026,4406170795,LYB - India COE APS Category Pool,,,,,
07 Jul 2026,,,,,,,,,LYB,,,,,,,,,2026,,,,,,,,03_Mar,,,,,,,,"$3,813.00",90,,Invoice Raised,Pending,APS Raw Materials Procurement Center of Excellence (COE) Capability,,,LYB-P-APS-JA-26-03,,,,,Pending,,,,,07 Apr 2026,4406170795,LYB - India COE APS Category Pool,,,,,
20 Mar 2026,,,,,,,,,LYB,,,,Ongoing,,0,,,2025,,02 Jan 2026,,,,,,12_Dec,,,,,,,,"$7,800.00",90,15,Invoice Raised,Between 1 to 15 Days,APS Raw Materials Procurement COE-2025,,,LYB-P-APS-25-12,,,,,Realised,,,,,19 Dec 2025,,LYB - India COE APS Category Pool,,,,,
27 Oct 2025,,,,,,,,,LYB,,,,Ongoing,,0,,,2025,,30 Jul 2025,,,,,,07_Jul,,,,,,,,"$7,800.00",90,3,Invoice Raised,Between 1 to 15 Days,APS Raw Materials Procurement COE-2025,,,LYB-P-APS-25-07,,,,,Realised,,,,,28 Jul 2025,,LYB - India COE APS Category Pool,,,,,
04 Jun 2026,,,,,,,,,LYB,Paid,,,,,0,,,2026,,03 Jun 2026,,,,,,02_Feb,,,,,,,,"$3,813.00",90,91,Invoice Raised,Above 60 Days,APS Raw Materials Procurement Center of Excellence (COE) Capability,,,LYB-P-APS-JA-26-02,,,,,Realized,,,,,05 Mar 2026,4406170795,LYB - India COE APS Category Pool,,,,,
29 Dec 2025,,,,,,,,,LYB,,,,Ongoing,,0,,,2025,,06 Oct 2025,,,,,,09_Sep,,,,,,,,"$7,800.00",90,8,Invoice Raised,Between 1 to 15 Days,APS Raw Materials Procurement COE-2025,,,LYB-P-APS-25-09,,,,,Realised,,,,,29 Sep 2025,,LYB - India COE APS Category Pool,,,,,
15 May 2026,,,,,,,,,LYB,,,,,,0,Paid,,2026,,14 May 2026,,,,,,01_Jan,,,,,,,,"$3,813.00",90,91,Invoice Raised,Above 60 Days,APS Raw Materials Procurement COE-2025 | APS Raw Materials Procurement Center of Excellence (COE) Capability,,,LYB-P-APS-JA-26-01,,,,,Realised,,,,,13 Feb 2026,4406170795,LYB - India COE APS Category Pool,,,,,
15 May 2026,,,,,,,,,LYB,,,,,,0,,,2026,,27 Feb 2026,,,,,,01_Jan,,,,,,,,"$7,800.00",90,15,Invoice Raised,Between 1 to 15 Days,APS Raw Materials Procurement COE-2025 | APS Raw Materials Procurement Center of Excellence (COE) Capability,,,LYB-P-APS-26-01,,,,,Realised,,,,,13 Feb 2026,4406180580,LYB - India COE APS Category Pool,,,,,
04 Jun 2026,,,,,,,,,LYB,,,,,,0,,,2026,,17 Mar 2026,,,,,,02_Feb,,,,,,,,"$7,800.00",90,13,Invoice Raised,Between 1 to 15 Days,APS Raw Materials Procurement Center of Excellence (COE) Capability,,,LYB-P-APS-26-02,,,,,Realised,,,,,05 Mar 2026,4406180580,LYB - India COE APS Category Pool,,,,,
04 Sep 2025,,,,,,,,,LYB,,,,Ongoing,,0,,,2025,,16 Jun 2025,,,,,,05_May,,,,,,,,"$11,700.00",90,12,Invoice Raised,Between 1 to 15 Days,APS Raw Materials Procurement COE-2025,,,LYB-P-APS-25-05,,,,,Realised,,,,,05 Jun 2025,,LYB - India COE APS Category Pool,,,,,
13 Dec 2025,,,,,,,,,LYB,,,,Ongoing,,0,,,2025,,16 Sep 2025,,,,,,08_Aug,,,,,,,,"$7,800.00",90,4,Invoice Raised,Between 1 to 15 Days,APS Raw Materials Procurement COE-2025,,,LYB-P-APS-25-08,,,,,Realised,,,,,13 Sep 2025,,LYB - India COE APS Category Pool,,,,,
02 Sep 2026,,,,,,,,,LYB,Paid,,,,,0,,,2026,,05 Jun 2026,,,,,,05_May,,,,,,,,"$7,800.00",90,3,Invoice Raised,Between 1 to 15 Days,APS Raw Materials Procurement Center of Excellence (COE) Capability,,,LYB-P-APS-26-05,,,,,Realized,,,,,03 Jun 2026,4406180580,LYB - India COE APS Category Pool,,,,,
17 Jun 2025,,,,,,,,,LYB,,,,Ongoing,,0,,,2025,,10 Jun 2025,,,,,,03_Mar,,,,,,,,"$11,700.00",90,85,Invoice Raised,Above 60 Days,APS Raw Materials Procurement COE-2025,,,LYB-P-APS-25-03,,,,,Realised,,,,,18 Mar 2025,,LYB - India COE APS Category Pool,,,,,
29 Jul 2026,,,,,,,,,LYB,,,,,,,,,2026,,,,,,,,04_Apr,,,,,,,,"$7,800.00",90,,Invoice Raised,Pending,APS Raw Materials Procurement Center of Excellence (COE) Capability,,,LYB-P-APS-26-04,,,,,Pending,,,,,29 Apr 2026,4406180580,LYB - India COE APS Category Pool,,,,,
29 Jul 2026,,,,,,,,,LYB,,,,,,,,,2026,,,,,,,,04_Apr,,,,,,,,"$3,813.00",90,,Invoice Raised,Pending,APS Raw Materials Procurement Center of Excellence (COE) Capability,,,LYB-P-APS-JA-26-04,,,,,Pending,,,,,29 Apr 2026,4406170795,LYB - India COE APS Category Pool,,,,,
20 Mar 2026,,,,,,,,,LYB,,,,Ongoing,,0,,,2025,,02 Jan 2026,,,,,,11_Nov,,,,,,,,"$7,800.00",90,15,Invoice Raised,Between 1 to 15 Days,APS Raw Materials Procurement COE-2025,,,LYB-P-APS-25-11,,,,,Realised,,,,,19 Dec 2025,,LYB - India COE APS Category Pool,,,,,
06 May 2025,,,,,,,,,LYB,,,,Ongoing,,0,,,2025,,18 Feb 2025,,,,,,01_Jan,,,,,,,,"$11,700.00",90,15,Invoice Raised,Between 1 to 15 Days,APS Raw Materials Procurement COE-2025,,,LYB-P-APS-25-01,,,,,Realised,,,,,04 Feb 2025,,LYB - India COE APS Category Pool,,,,,
22 Jul 2025,,,,,,,,,LYB,,,,Ongoing,,0,,,2025,,10 Jun 2025,,,,,,04_Apr,,,,,,,,"$11,700.00",90,50,Invoice Raised,Between 46 to 60 Days,APS Raw Materials Procurement COE-2025,,,LYB-P-APS-25-04,,,,,Realised,,,,,22 Apr 2025,,LYB - India COE APS Category Pool,,,,,
07 Jul 2026,,,,,,,,,LYB,,,,,,0,,,2026,,22 Apr 2026,,,,,,03_Mar,,,,,,,,$477.00,90,16,Invoice Raised,Between 16 to 30 Days,APS Raw Materials Procurement Center of Excellence (COE) Capability,,,LYB-P-APS-EU-26-03,,,,,Realised,,,,,07 Apr 2026,4406170794,LYB - India COE APS Category Pool,,,,,
24 Sep 2025,,,,,,,,,LYB,,,,Ongoing,,0,,,2025,,16 Sep 2025,,,,,,08_Aug,,,,,,,,$477.00,10,4,Invoice Raised,Between 1 to 15 Days,APS Raw Materials Procurement COE-2025,,,LYB-P-APS-EU-25-,,,,,Realised,,,,,13 Sep 2025,,LYB - India COE APS Category Pool (Mukul Khosla),,,,,
20 Mar 2026,,,,,,,,,LYB,,,,Ongoing,,0,,,2025,,02 Jan 2026,,,,,,11_Nov,,,,,,,,$477.00,90,15,Invoice Raised,Between 1 to 15 Days,APS Raw Materials Procurement COE-2025,,,LYB-P-APS-EU-25-05,,,,,Realised,,,,,19 Dec 2025,,LYB - India COE APS Category Pool (Mukul Khosla),,,,,
29 Dec 2025,,,,,,,,,LYB,,,,Ongoing,,0,,,2025,,01 Oct 2025,,,,,,09_Sep,,,,,,,,"$6,240.00",90,3,Invoice Raised,Between 1 to 15 Days,APS Raw Materials Procurement COE-2025,,,LYB-P-APS-M-25-09,,,,,Realised,,,,,29 Sep 2025,,LYB - India COE APS Category Pool (Mukul Khosla),,,,,
28 May 2025,,,,,,,,,LYB,,,,Ongoing,,0,,,2025,,15 Apr 2025,,,,,,01_Jan,,,,,,,,"$6,240.00",90,49,Invoice Raised,Between 46 to 60 Days,APS Raw Materials Procurement COE-2025,,,LYB-P-APS-M-25-01,,,,,Realised,,,,,26 Feb 2025,,LYB - India COE APS Category Pool (Mukul Khosla),,,,,
04 Feb 2026,,,,,,,,,LYB,,,,Ongoing,,0,,,2025,,03 Feb 2026,,,,,,10_Oct,,,,,,,,"$3,337.00",90,91,Invoice Raised,Above 60 Days,APS Raw Materials Procurement COE-2025,,,LYB-P-APS-JA-25-04,,,,,Realised,,,,,05 Nov 2025,,LYB - India COE APS Category Pool (Mukul Khosla),,,,,
27 Oct 2025,,,,,,,,,LYB,,,,Ongoing,,0,,,2025,,15 Aug 2025,,,,,,07_Jul,,,,,,,,"$6,240.00",90,19,Invoice Raised,Between 16 to 30 Days,APS Raw Materials Procurement COE-2025,,,LYB-P-APS-M-25-07,,,,,Realised,,,,,28 Jul 2025,,LYB - India COE APS Category Pool (Mukul Khosla),,,,,
04 Sep 2025,,,,,,,,,LYB,,,,Ongoing,,0,,,2025,,09 Jun 2025,,,,,,05_May,,,,,,,,"$6,240.00",90,5,Invoice Raised,Between 1 to 15 Days,APS Raw Materials Procurement COE-2025,,,LYB-P-APS-M-25-05,,,,,Realised,,,,,05 Jun 2025,,LYB - India COE APS Category Pool (Mukul Khosla),,,,,
04 Feb 2026,,,,,,,,,LYB,,,,Ongoing,,0,,,2025,,18 Nov 2025,,,,,,10_Oct,,,,,,,,$477.00,90,14,Invoice Raised,Between 1 to 15 Days,APS Raw Materials Procurement COE-2025,,,LYB-P-APS-EU-25-04,,,,,Realised,,,,,05 Nov 2025,,LYB - India COE APS Category Pool (Mukul Khosla),,,,,
20 Mar 2026,,,,,,,,,LYB,,,,Ongoing,,0,,,2025,,19 Mar 2026,,,,,,11_Nov,,,,,,,,"$3,337.00",90,91,Invoice Raised,Above 60 Days,APS Raw Materials Procurement COE-2025,,,LYB-P-APS-JA-25-05,,,,,Realised,,,,,19 Dec 2025,,LYB - India COE APS Category Pool (Mukul Khosla),,,,,
20 Mar 2026,,,,,,,,,LYB,,,,Ongoing,,0,,,2025,,02 Jan 2026,,,,,,12_Dec,,,,,,,,$477.00,90,15,Invoice Raised,Between 1 to 15 Days,APS Raw Materials Procurement COE-2025,,,LYB-P-APS-EU-25-06,,,,,Realised,,,,,19 Dec 2025,,LYB - India COE APS Category Pool (Mukul Khosla),,,,,
15 May 2026,,,,,,,,,LYB,,,,,,0,,,2026,,25 Feb 2026,,,,,,01_Jan,,,,,,,,$477.00,90,13,Invoice Raised,Between 1 to 15 Days,APS Raw Materials Procurement COE-2025 | APS Raw Materials Procurement Center of Excellence (COE) Capability,,,LYB-P-APS-EU-26-01,,,,,Realised,,,,,13 Feb 2026,4406170794,LYB - India COE APS Category Pool (Mukul Khosla),,,,,
27 Oct 2025,,,,,,,,,LYB,,,,Ongoing,,0,,,2025,,30 Jul 2025,,,,,,07_Jul,,,,,,,,$477.00,90,3,Invoice Raised,Between 1 to 15 Days,APS Raw Materials Procurement COE-2025,,,LYB-P-APS-EU-25-01,,,,,Realised,,,,,28 Jul 2025,,LYB - India COE APS Category Pool (Mukul Khosla),,,,,
17 Jun 2025,,,,,,,,,LYB,,,,Ongoing,,0,,,2025,,16 Apr 2025,,,,,,03_Mar,,,,,,,,"$6,240.00",90,30,Invoice Raised,Between 16 to 30 Days,APS Raw Materials Procurement COE-2025,,,LYB-P-APS-M-25-03,,,,,Realised,,,,,18 Mar 2025,,LYB - India COE APS Category Pool (Mukul Khosla),,,,,
10 Jun 2025,,,,,,,,,LYB,,,,Ongoing,,0,,,2025,,15 Apr 2025,,,,,,02_Feb,,,,,,,,"$6,240.00",90,36,Invoice Raised,Between 31 to 45 Days,APS Raw Materials Procurement COE-2025,,,LYB-P-APS-M-25-02,,,,,Realised,,,,,11 Mar 2025,,LYB - India COE APS Category Pool (Mukul Khosla),,,,,
13 Dec 2025,,,,,,,,,LYB,,,,Ongoing,,0,,,2025,,12 Dec 2025,,,,,,08_Aug,,,,,,,,"$6,240.00",90,91,Invoice Raised,Above 60 Days,APS Raw Materials Procurement COE-2025,,,LYB-P-APS-M-25-08,,,,,Realised,,,,,13 Sep 2025,,LYB - India COE APS Category Pool (Mukul Khosla),,,,,
22 Jul 2025,,,,,,,,,LYB,,,,Ongoing,,0,,,2025,,09 Jun 2025,,,,,,04_Apr,,,,,,,,"$6,240.00",90,49,Invoice Raised,Between 46 to 60 Days,APS Raw Materials Procurement COE-2025,,,LYB-P-APS-M-25-04,,,,,Realised,,,,,22 Apr 2025,,LYB - India COE APS Category Pool (Mukul Khosla),,,,,
13 Dec 2025,,,,,,,,,LYB,,,,Ongoing,,0,,,2025,,15 Sep 2025,,,,,,08_Aug,,,,,,,,"$3,337.00",90,3,Invoice Raised,Between 1 to 15 Days,APS Raw Materials Procurement COE-2025,,,LYB-P-APS-JA-25-02,,,,,Realised,,,,,13 Sep 2025,,LYB - India COE APS Category Pool (Mukul Khosla),,,,,
29 Dec 2025,,,,,,,,,LYB,,,,Ongoing,,22,,,2025,,20 Jan 2026,,,,,,09_Sep,,,,,,,,"$3,337.00",90,114,Invoice Raised,Above 60 Days,APS Raw Materials Procurement COE-2025,,,LYB-P-APS-JA-25-03,,,,,Realised,,,,,29 Sep 2025,,LYB - India COE APS Category Pool (Mukul Khosla),,,,,
29 Dec 2025,,,,,,,,,LYB,,,,Ongoing,,0,,,2025,,06 Oct 2025,,,,,,09_Sep,,,,,,,,$477.00,90,8,Invoice Raised,Between 1 to 15 Days,APS Raw Materials Procurement COE-2025,,,LYB-P-APS-EU-25-03,,,,,Realised,,,,,29 Sep 2025,,LYB - India COE APS Category Pool (Mukul Khosla),,,,,
20 Mar 2026,,,,,,,,,LYB,,,,Ongoing,,0,,,2025,,19 Mar 2026,,,,,,12_Dec,,,,,,,,"$3,337.00",90,91,Invoice Raised,Above 60 Days,APS Raw Materials Procurement COE-2025,,,LYB-P-APS-JA-25-06,,,,,Realised,,,,,19 Dec 2025,,LYB - India COE APS Category Pool (Mukul Khosla),,,,,
20 Mar 2026,,,,,,,,,LYB,,,,Ongoing,,0,,,2025,,12 Jan 2026,,,,,,12_Dec,,,,,,,,"$6,240.00",90,25,Invoice Raised,Between 16 to 30 Days,APS Raw Materials Procurement COE-2025,,,LYB-P-APS-M-25-12,,,,,Realised,,,,,19 Dec 2025,,LYB - India COE APS Category Pool (Mukul Khosla),,,,,
06 Oct 2025,,,,,,,,,LYB,,,,Ongoing,,0,,,2025,,08 Jul 2025,,,,,,06_Jun,,,,,,,,"$6,240.00",90,2,Invoice Raised,Between 1 to 15 Days,APS Raw Materials Procurement COE-2025,,,LYB-P-APS-M-25-06,,,,,Realised,,,,,07 Jul 2025,,LYB - India COE APS Category Pool (Mukul Khosla),,,,,
27 Oct 2025,,,,,,,,,LYB,,,,Ongoing,,0,,,2025,,15 Sep 2025,,,,,,07_Jul,,,,,,,,"$3,337.00",90,50,Invoice Raised,Between 46 to 60 Days,APS Raw Materials Procurement COE-2025,,,LYB-P-APS-JA-25-01,,,,,Realised,,,,,28 Jul 2025,,LYB - India COE APS Category Pool (Mukul Khosla),,,,,
20 Mar 2026,,,,,,,,,LYB,,,,Ongoing,,7,,,2025,,27 Mar 2026,,,,,,11_Nov,,,,,,,,"$6,240.00",90,99,Invoice Raised,Above 60 Days,APS Raw Materials Procurement COE-2025,,,LYB-P-APS-M-25-11,,,,,Realised,,,,,19 Dec 2025,,LYB - India COE APS Category Pool (Mukul Khosla),,,,,
04 Feb 2026,,,,,,,,,LYB,,,,Ongoing,,0,,,2025,,21 Jan 2026,,,,,,10_Oct,,,,,,,,"$6,240.00",90,78,Invoice Raised,Above 60 Days,APS Raw Materials Procurement COE-2025,,,LYB-P-APS-M-25-10,,,,,Realised,,,,,05 Nov 2025,,LYB - India COE APS Category Pool (Mukul Khosla),,,,,
29 Mar 2025,,,,,,,,,LYB,,,,Ongoing,,0,,,2025,,19 Mar 2025,,,,,,03_Mar,,,,,,,,"$274,213.00",10,2,Invoice Raised,Between 1 to 15 Days,CSIT Procurement COE-2025 | Procurement Operations COE-2025 | Raw Materials Procurement COE-2025 | Technical Materials Procurement COE-2025 | Technical Services Procurement COE-2025,,,LYB-P-COE-25-03,,,,,Realised,,,,,18 Mar 2025,,LYB - India COE Category Pool,,,,,
15 Feb 2025,,,,,,,,,LYB,,,,Ongoing,,0,,,2025,,10 Feb 2025,,,,,,01_Jan,,,,,,,,"$283,621.00",10,7,Invoice Raised,Between 1 to 15 Days,Procurement Operations COE-2025 | CSIT Procurement COE-2025 | Raw Materials Procurement COE-2025 | Technical Materials Procurement COE-2025 | Technical Services Procurement COE-2025,,,LYB-P-COE-25-01,,,,,Realised,,,,,04 Feb 2025,,LYB - India COE Category Pool,,,,,
11 Mar 2025,,,,,,,,,LYB,,,,Ongoing,,0,,,2025,,10 Mar 2025,,,,,,02_Feb,,,,,,,,"$274,213.00",10,11,Invoice Raised,Between 1 to 15 Days,CSIT Procurement COE-2025 | Procurement Operations COE-2025 | Raw Materials Procurement COE-2025 | Technical Materials Procurement COE-2025 | Technical Services Procurement COE-2025,,,LYB-P-COE-25-02,,,,,Realised,,,,,28 Feb 2025,,LYB - India COE Category Pool,,,,,
02 Mar 2026,,,,,,,,,LYB,,,,,,0,,,2026,,19 Feb 2026,,,,,,01_Jan,,,,,,,,"$55,010.00",10,1,Invoice Raised,Between 1 to 15 Days,Procurement Operations Center Of Excellence (COE) Capability,,,LYB-P-COE-26-01,,,,,Realised,,,,,19 Feb 2026,4406173274,LYB - India COE Category Pool | LYB- India COE Analyst Pool,,,,,
17 Nov 2025,,,,,,,,,LYB,,,,"Ongoing, Ongoing",,0,,,2025,,10 Nov 2025,,,,,,10_Oct,,,,,,,,"$59,800.00",10,5,Invoice Raised,Between 1 to 15 Days,CSIT Procurement COE-2025 | Procurement Operations COE-2025 | Raw Materials Procurement COE-2025 | Technical Materials Procurement COE-2025 | Technical Services Procurement COE-2025,,,LYB-P-COE-25-10,,,,,Realised,,,,,06 Nov 2025,,LYB - India COE Category Pool | LYB- India COE Analyst Pool,,,,,
05 Apr 2026,,,,,,,,,LYB,,,,,,0,,,2026,,26 Mar 2026,,,,,,02_Feb,,,,,,,,"$55,010.00",10,2,Invoice Raised,Between 1 to 15 Days,Procurement Operations Center Of Excellence (COE) Capability,,,LYB-P-COE-26-02,,,,,Realised,,,,,25 Mar 2026,4406173274,LYB - India COE Category Pool | LYB- India COE Analyst Pool,,,,,
15 Sep 2025,,,,,,,,,LYB,,,,"Ongoing, Ongoing",,0,,,2025,,05 Sep 2025,,,,,,08_Aug,,,,,,,,"$70,936.00",10,2,Invoice Raised,Between 1 to 15 Days,CSIT Procurement COE-2025 | Procurement Operations COE-2025 | Raw Materials Procurement COE-2025 | Technical Materials Procurement COE-2025 | Technical Services Procurement COE-2025,,,LYB-P-COE-25-08,,,,,Realised,,,,,04 Sep 2025,,LYB - India COE Category Pool | LYB- India COE Analyst Pool,,,,,
13 Dec 2025,,,,,,,,,LYB,LYB-P-COE-25-11-A Realised on 3rd Feb 26,,,Ongoing,,51,,,2025,,02 Feb 2026,,,,,,11_Nov,,,,,,,,"$7,800.00",10,63,Invoice Raised,Above 60 Days,CSIT Procurement COE-2025 | Procurement Operations COE-2025 | Raw Materials Procurement COE-2025 | Technical Materials Procurement COE-2025 | Technical Services Procurement COE-2025,,,LYB-P-COE-25-11-A,,,,,Realised,,,,,02 Dec 2025,,LYB - India COE Category Pool | LYB- India COE Analyst Pool,,,,,
03 May 2025,,,,,,,,,LYB,,,,"Ongoing, Ongoing",,0,,,2025,,23 Apr 2025,,,,,,04_Apr,,,,,,,,"$274,213.00",10,2,Invoice Raised,Between 1 to 15 Days,CSIT Procurement COE-2025 | Procurement Operations COE-2025 | Raw Materials Procurement COE-2025 | Technical Materials Procurement COE-2025 | Technical Services Procurement COE-2025,,,LYB-P-COE-25-04,,,,,Realised,,,,,22 Apr 2025,,LYB - India COE Category Pool | LYB- India COE Analyst Pool,,,,,
18 Apr 2026,,,,,,,,,LYB,,,,,,27,Paid,,2026,,15 May 2026,,,,,,03_Mar,,,,,,,,"$55,010.00",10,39,Invoice Raised,Between 31 to 45 Days,Procurement Operations Center Of Excellence (COE) Capability,,,LYB-P-COE-26-03,,,,,Realised,,,,,07 Apr 2026,4406173274,LYB - India COE Category Pool | LYB- India COE Analyst Pool,,,,,
01 Jun 2025,,,,,,,,,LYB,,,,"Ongoing, Ongoing",,0,,,2025,,20 May 2025,,,,,,05_May,,,,,,,,"$268,261.00",10,0,Invoice Raised,Between 1 to 15 Days,CSIT Procurement COE-2025 | Procurement Operations COE-2025 | Raw Materials Procurement COE-2025 | Technical Materials Procurement COE-2025 | Technical Services Procurement COE-2025,,,LYB-P-COE-25-05,,,,,Realised,,,,,21 May 2025,,LYB - India COE Category Pool | LYB- India COE Analyst Pool,,,,,
11 May 2026,,,,,,,,,LYB,,,,,,0,Paid,,2026,,01 May 2026,,,,,,04_Apr,,,,,,,,"$55,010.00",10,2,Invoice Raised,Between 1 to 15 Days,Procurement Operations Center Of Excellence (COE) Capability,,,LYB-P-COE-26-04,,,,,Realised,,,,,30 Apr 2026,4406173274,LYB - India COE Category Pool | LYB- India COE Analyst Pool,,,,,
12 Oct 2025,,,,,,,,,LYB,,,,"Ongoing, Ongoing",,0,,,2025,,02 Oct 2025,,,,,,09_Sep,,,,,,,,"$64,408.00",10,2,Invoice Raised,Between 1 to 15 Days,CSIT Procurement COE-2025 | Procurement Operations COE-2025 | Raw Materials Procurement COE-2025 | Technical Materials Procurement COE-2025 | Technical Services Procurement COE-2025,,,LYB-P-COE-25-09,,,,,Realised,,,,,01 Oct 2025,,LYB - India COE Category Pool | LYB- India COE Analyst Pool,,,,,
13 Dec 2025,,,,,,,,,LYB,LYB-P-COE-25-11-A Realised on 3rd Feb 26,,,Ongoing,,0,,,2025,,03 Dec 2025,,,,,,11_Nov,,,,,,,,"$59,800.00",10,2,Invoice Raised,Between 1 to 15 Days,CSIT Procurement COE-2025 | Procurement Operations COE-2025 | Raw Materials Procurement COE-2025 | Technical Materials Procurement COE-2025 | Technical Services Procurement COE-2025,,,LYB-P-COE-25-11,,,,,Realised,,,,,02 Dec 2025,,LYB - India COE Category Pool | LYB- India COE Analyst Pool,,,,,
08 Aug 2025,,,,,,,,,LYB,,,,"Ongoing, Ongoing",,0,,,2025,,29 Jul 2025,,,,,,07_Jul,,,,,,,,"$94,864.00",10,2,Invoice Raised,Between 1 to 15 Days,CSIT Procurement COE-2025 | Procurement Operations COE-2025 | Raw Materials Procurement COE-2025 | Technical Materials Procurement COE-2025 | Technical Services Procurement COE-2025,,,LYB-P-COE-25-07,,,,,Realised,,,,,28 Jul 2025,,LYB - India COE Category Pool | LYB- India COE Analyst Pool,,,,,
30 Dec 2025,,,,,,,,,LYB,,,,Ongoing,,21,,,2025,,20 Jan 2026,,,,,,12_Dec,,,,,,,,"$56,848.00",10,33,Invoice Raised,Between 31 to 45 Days,CSIT Procurement COE-2025 | Procurement Operations COE-2025 | Raw Materials Procurement COE-2025 | Technical Materials Procurement COE-2025 | Technical Services Procurement COE-2025,,,LYB-P-COE-25-12,,,,,Realised,,,,,19 Dec 2025,,LYB - India COE Category Pool | LYB- India COE Analyst Pool,,,,,
20 Jul 2025,,,,,,,,,LYB,,,,"Ongoing, Ongoing",,0,,,2025,,10 Jul 2025,,,,,,06_Jun,,,,,,,,"$203,493.00",10,2,Invoice Raised,Between 1 to 15 Days,CSIT Procurement COE-2025 | Procurement Operations COE-2025 | Raw Materials Procurement COE-2025 | Technical Materials Procurement COE-2025 | Technical Services Procurement COE-2025,,,LYB-P-COE-25-06,,,,,Realised,,,,,09 Jul 2025,,LYB - India COE Category Pool | LYB- India COE Analyst Pool,,,,,
15 Jun 2026,,,,,,,,,LYB,Paid,,,,,0,,,2026,,14 Jun 2026,,,,,,05_May,,,,,,,,"$55,010.00",10,11,Invoice Raised,Between 1 to 15 Days,Procurement Operations Center Of Excellence (COE) Capability,,,LYB-P-COE-26-05,,,,,Realized,,,,,04 Jun 2026,4406173274,LYB - India COE Category Pool | LYB- India COE Analyst Pool,,,,,
17 Oct 2025,,,,,,,,,LYB,,,,Ongoing,,0,,,2025,,14 Oct 2025,,,,,,08_Aug,,,,,,,,"$12,060.00",10,9,Invoice Raised,Between 1 to 15 Days,Intelex Improvements Project – Statement of Work for 2025,,,LYB-IIP-25-02,,,,,Realised,,,,,06 Oct 2025,,LYB - Intelex Improvements Project,,,,,
27 Oct 2025,,,,,,,,,LYB,,,,Ongoing,,0,,,2025,,20 Oct 2025,,,,,,09_Sep,,,,,,,,"$11,457.00",10,5,Invoice Raised,Between 1 to 15 Days,Intelex Improvements Project – Statement of Work for 2025,,,LYB-IIP-25-03,,,,,Realised,,,,,16 Oct 2025,,LYB - Intelex Improvements Project,,,,,
14 Nov 2025,,,,,,,,,LYB,,,,Ongoing,,0,,,2025,,10 Nov 2025,,,,,,10_Oct,,,,,,,,"$12,060.00",10,8,Invoice Raised,Between 1 to 15 Days,Intelex Improvements Project – Statement of Work for 2025,,,LYB-IIP-25-04,,,,,Realised,,,,,03 Nov 2025,,LYB - Intelex Improvements Project,,,,,
05 Dec 2025,,,,,,,,,LYB,,,,Ongoing,,0,,,2025,,26 Nov 2025,,,,,,11_Nov,,,,,,,,"$4,523.00",10,3,Invoice Raised,Between 1 to 15 Days,Intelex Improvements Project – Statement of Work for 2025,,,LYB-IIP-25-05,,,,,Realised,,,,,24 Nov 2025,,LYB - Intelex Improvements Project,,,,,
19 Aug 2025,,,,,,,,,LYB,,,,Ongoing,,7,,,2025,,26 Aug 2025,,,,,,07_Jul,,,,,,,,"$12,060.00",10,19,Invoice Raised,Between 16 to 30 Days,Intelex Improvements Project – Statement of Work for 2025,,,LYB-IIP-25-01,,,,,Realised,,,,,08 Aug 2025,,LYB - Intelex Improvements Project,,,,,
21 Oct 2025,,,,,,,,,LYB,,,,Ongoing,,0,,,2025,,14 Oct 2025,,,,,,09_Sep,,,,,,,,"$10,854.00",10,5,Invoice Raised,Between 1 to 15 Days,JV Project-2025,,,LYB-JV-25-09,,,,,Realised,,,,,10 Oct 2025,,LYB - JV Project,,,,,
16 Sep 2025,,,,,,,,,LYB,,,,Ongoing,,0,,,2025,,08 Sep 2025,,,,,,08_Aug,,,,,,,,"$11,758.50",10,4,Invoice Raised,Between 1 to 15 Days,JV Project-2025,,,LYB-JV-25-08,,,,,Realised,,,,,05 Sep 2025,,LYB - JV Project,,,,,
18 Jan 2026,,,,,,,,,LYB,,,,Ongoing,,0,,,2025,,14 Jan 2026,,,,,,12_Dec,,,,,,,,"$11,156.00",10,8,Invoice Raised,Between 1 to 15 Days,JV Project-2025,,,LYB-JV-25-12,,,,,Realised,,,,,07 Jan 2026,,LYB - JV Project,,,,,
06 Mar 2026,,,,,,,,,LYB,,,,,,0,,,2026,,24 Feb 2026,,,,,,01_Jan,,,,,,,,"$12,060.00",10,2,Invoice Raised,Between 1 to 15 Days,JV Project - Statement of Work for 2026,,,LYB-JV-26-01,,,,,Realised,,,,,23 Feb 2026,4406156194,LYB - JV Project,,,,,
15 Dec 2025,,,,,,,,,LYB,,,,Ongoing,,0,,,2025,,05 Dec 2025,,,,,,11_Nov,,,,,,,,"$11,156.00",10,2,Invoice Raised,Between 1 to 15 Days,JV Project-2025,,,LYB-JV-25-11,,,,,Realised,,,,,04 Dec 2025,,LYB - JV Project,,,,,
24 May 2025,,,,,,,,,LYB,,,,Ongoing,,0,,,2025,,14 May 2025,,,,,,04_Apr,,,,,,,,"$10,854.00",10,2,Invoice Raised,Between 1 to 15 Days,JV Project-2025,,,LYB-JV-25-04,,,,,Realised,,,,,13 May 2025,,LYB - JV Project,,,,,
19 Aug 2025,,,,,,,,,LYB,,,,Ongoing,,0,,,2025,,11 Aug 2025,,,,,,07_Jul,,,,,,,,"$10,553.00",10,4,Invoice Raised,Between 1 to 15 Days,JV Project-2025,,,LYB-JV-25-07,,,,,Realised,,,,,08 Aug 2025,,LYB - JV Project,,,,,
20 Jun 2025,,,,,,,,,LYB,,,,Ongoing,,0,,,2025,,10 Jun 2025,,,,,,05_May,,,,,,,,"$11,759.00",10,2,Invoice Raised,Between 1 to 15 Days,JV Project-2025,,,LYB-JV-25-05,,,,,Realised,,,,,09 Jun 2025,,LYB - JV Project,,,,,
27 May 2026,,,,,,,,,LYB,,,,,,0,Paid,,2026,,18 May 2026,,,,,,04_Apr,,,,,,,,"$10,552.50",10,3,Invoice Raised,Between 1 to 15 Days,JV Project – Statement of Work for 2026 –CO1,,,LYB-JV-26-04,,,,,Realised,,,,,16 May 2026,4406156194,LYB - JV Project,,,,,
02 Aug 2025,,,,,,,,,LYB,,,,Ongoing,,0,,,2025,,23 Jul 2025,,,,,,06_Jun,,,,,,,,"$11,759.00",10,2,Invoice Raised,Between 1 to 15 Days,JV Project-2025,,,LYB-JV-25-06,,,,,Realised,,,,,22 Jul 2025,,LYB - JV Project,,,,,
17 Mar 2025,,,,,,,,,LYB,,,,Ongoing,,0,,,2025,,12 Mar 2025,,,,,,02_Feb,,,,,,,,"$17,460.00",10,7,Invoice Raised,Between 1 to 15 Days,JV Project-2025,,,LYB-JV-25-02,,,,,Realised,,,,,06 Mar 2025,,LYB - JV Project,,,,,
28 Mar 2026,,,,,,,,,LYB,,,,,,2,,,2026,,30 Mar 2026,,,,,,02_Feb,,,,,,,,"$12,060.00",10,14,Invoice Raised,Between 1 to 15 Days,JV Project - Statement of Work for 2026,,,LYB-JV-26-02,,,,,Realised,,,,,17 Mar 2026,4406156194,LYB - JV Project,,,,,
17 Apr 2026,,,,,,,,,LYB,,,,,,28,Paid,,2026,,15 May 2026,,,,,,03_Mar,,,,,,,,"$10,854.00",10,40,Invoice Raised,Between 31 to 45 Days,JV Project - Statement of Work for 2026,,,LYB-JV-26-03,,,,,Realised,,,,,06 Apr 2026,4406156194,LYB - JV Project,,,,,
14 Nov 2025,,,,,,,,,LYB,,,,Ongoing,,0,,,2025,,06 Nov 2025,,,,,,10_Oct,,,,,,,,"$10,553.00",10,4,Invoice Raised,Between 1 to 15 Days,JV Project-2025,,,LYB-JV-25-10,,,,,Realised,,,,,03 Nov 2025,,LYB - JV Project,,,,,
26 Apr 2025,,,,,,,,,LYB,,,,Ongoing,,0,,,2025,,16 Apr 2025,,,,,,03_Mar,,,,,,,,"$13,856.00",10,2,Invoice Raised,Between 1 to 15 Days,JV Project-2025,,,LYB-JV-25-03,,,,,Realised,,,,,15 Apr 2025,,LYB - JV Project,,,,,
20 Jun 2026,,,,,,,,,LYB,Paid,,,,,0,,,2026,,17 Jun 2026,,,,,,05_May,,,,,,,,"$12,060.00",10,9,Invoice Raised,Between 1 to 15 Days,JV Project – Statement of Work for 2026 –CO2,,,LYB-JV-26-05,,,,,Realized,,,,,09 Jun 2026,4406156194,LYB - JV Project,,,,,
07 Jul 2026,,,,,,,,,LYB,,,,,,0,,,2026,,10 Apr 2026,,,,,,03_Mar,,,,,,,,"$24,960.00",90,4,Invoice Raised,Between 1 to 15 Days,CO-3 – For Project Elephant (Formerly Divestiture),,,LYB-P-COE-E-26-03,,,,,Realised,,,,,07 Apr 2026,4406046324,LYB - PCOE Project Elephant - Divestiture,,,,,
12 Oct 2025,,,,,,,,,LYB,,,,Ongoing,,0,,,2025,,03 Oct 2025,,,,,,09_Sep,,,,,,,,"$2,911.00",10,3,Invoice Raised,Between 1 to 15 Days,CHANGE ORDER 1 – For Project Elephant (Formerly Divestiture),,,LYB-P-COE-1-25-01,,,,,Realised,,,,,01 Oct 2025,,LYB - PCOE Project Elephant - Divestiture,,,,,
,,,,,,,,,LYB,,,,,,,,,2026,,,,,,,,05_May,,,,,,,,"$12,480.00",10,,Invoice Raised,Pending,CO-3 – For Project Elephant (Formerly Divestiture),,,LYBPCOEE2605,,,,,Pending,,,,,,4406046324,LYB - PCOE Project Elephant - Divestiture,,,,,
21 May 2026,,,,,,,,,LYB,,,,,,0,,,2026,,23 Feb 2026,,,,,,01_Jan,,,,,,,,"$24,960.00",90,5,Invoice Raised,Between 1 to 15 Days,CHANGE ORDER 1 – For Project Elephant (Formerly Divestiture) | CHANGE ORDER 2 – For Project Elephant (Formerly Divestiture) | CHANGE ORDER 3 – For Project Elephant (Formerly Divestiture),,,LYB-P-COE-E-26-01,,,,,Realised,,,,,19 Feb 2026,4406046324,LYB - PCOE Project Elephant - Divestiture,,,,,
30 Dec 2025,,,,,,,,,LYB,,,,"Ongoing, Ongoing",,36,,,2025,,04 Feb 2026,,,,,,12_Dec,,,,,,,,"$24,960.00",10,48,Invoice Raised,Between 46 to 60 Days,CHANGE ORDER 1 – For Project Elephant (Formerly Divestiture),,,LYB-P-COE-1-25-04,,,,,Realised,,,,,19 Dec 2025,,LYB - PCOE Project Elephant - Divestiture,,,,,
13 Dec 2025,,,,,,,,,LYB,,,,"Ongoing, Ongoing",,4,,,2025,,17 Dec 2025,,,,,,11_Nov,,,,,,,,"$24,960.00",10,16,Invoice Raised,Between 16 to 30 Days,CHANGE ORDER 1 – For Project Elephant (Formerly Divestiture),,,LYB-P-COE-1-25-03A,,,,,Realised,,,,,02 Dec 2025,,LYB - PCOE Project Elephant - Divestiture,,,,,
24 Jun 2026,,,,,,,,,LYB,,,,,,0,,,2026,,26 Mar 2026,,,,,,02_Feb,,,,,,,,"$24,960.00",90,2,Invoice Raised,Between 1 to 15 Days,CO-3 – For Project Elephant (Formerly Divestiture),,,LYB-P-COE-E-26-02,,,,,Realised,,,,,25 Mar 2026,4406046324,LYB - PCOE Project Elephant - Divestiture,,,,,
30 Jul 2026,,,,,,,,,LYB,Paid,,,,,0,,,2026,,27 May 2026,,,,,,04_Apr,,,,,,,,"$24,960.00",90,28,Invoice Raised,Between 16 to 30 Days,CO-3 – For Project Elephant (Formerly Divestiture),,,LYB-P-COE-E-26-04,,,,,Realized,,,,,30 Apr 2026,4406046324,LYB - PCOE Project Elephant - Divestiture,,,,,
17 Nov 2025,,,,,,,,,LYB,,,,Ongoing,,0,,,2025,,12 Nov 2025,,,,,,10_Oct,,,,,,,,"$19,392.00",10,7,Invoice Raised,Between 1 to 15 Days,CHANGE ORDER 1 – For Project Elephant (Formerly Divestiture),,,LYB-P-COE-1-25-02,,,,,Realised,,,,,06 Nov 2025,,LYB - PCOE Project Elephant - Divestiture,,,,,
29 Aug 2025,,,,,,,,,LYB,,,,Ongoing,,0,,,2025,,25 Aug 2025,,,,,,07_Jul,,,,,,,,"$6,030.00",10,8,Invoice Raised,Between 1 to 15 Days,CO-4 PowerApps/Power BI Support for Sustainability,,,LYB-PA-25-05,,,,,Realised,,,,,18 Aug 2025,,LYB - PowerApp / PBI requirement for Sustainability,,,,,
15 Nov 2025,,,,,,,,,LYB,,,,Ongoing,,0,,,2025,,06 Nov 2025,,,,,,10_Oct,,,,,,,,"$5,427.00",10,3,Invoice Raised,Between 1 to 15 Days,CO-4 PowerApps/Power BI Support for Sustainability,,,LYB-PA-25-11,,,,,Realised,,,,,04 Nov 2025,,LYB - PowerApp / PBI requirement for Sustainability,,,,,
04 Jan 2026,,,,,,,,,LYB,,,,Ongoing,,4,,,2025,,08 Jan 2026,,,,,,12_Dec,,,,,,,,"$4,523.00",10,16,Invoice Raised,Between 16 to 30 Days,CO-4 PowerApps/Power BI Support for Sustainability,,,LYB-PA-25-13,,,,,Realised,,,,,24 Dec 2025,,LYB - PowerApp / PBI requirement for Sustainability,,,,,
03 Oct 2025,,,,,,,,,LYB,,,,Ongoing,,0,,,2025,,24 Sep 2025,,,,,,08_Aug,,,,,,,,"$6,030.00",10,3,Invoice Raised,Between 1 to 15 Days,CO-4 PowerApps/Power BI Support for Sustainability,,,LYB-PA-25-07,,,,,Realised,,,,,22 Sep 2025,,LYB - PowerApp / PBI requirement for Sustainability,,,,,
17 Oct 2025,,,,,,,,,LYB,,,,Ongoing,,21,,,2025,,07 Nov 2025,,,,,,09_Sep,,,,,,,,"$5,427.00",10,33,Invoice Raised,Between 31 to 45 Days,CO-4 PowerApps/Power BI Support for Sustainability,,,LYB-PA-25-09,,,,,Realised,,,,,06 Oct 2025,,LYB - PowerApp / PBI requirement for Sustainability,,,,,
07 Dec 2025,,,,,,,,,LYB,,,,Ongoing,,0,,,2025,,04 Dec 2025,,,,,,11_Nov,,,,,,,,"$5,729.00",10,9,Invoice Raised,Between 1 to 15 Days,CO-4 PowerApps/Power BI Support for Sustainability,,,LYB-PA-25-12,,,,,Realised,,,,,26 Nov 2025,,LYB - PowerApp / PBI requirement for Sustainability,,,,,
17 Oct 2025,,,,,,,,,LYB,,,,Ongoing,,21,,,2025,,07 Nov 2025,,,,,,09_Sep,,,,,,,,"$6,030.00",10,33,Invoice Raised,Between 31 to 45 Days,PowerApps Development-2025,,,LYB-PA-25-10,,,,,Realised,,,,,06 Oct 2025,,LYB - PowerApps Development,,,,,
03 Oct 2025,,,,,,,,,LYB,,,,Ongoing,,0,,,2025,,24 Sep 2025,,,,,,08_Aug,,,,,,,,"$6,030.00",10,3,Invoice Raised,Between 1 to 15 Days,PowerApps Development-2025,,,LYB-PA-25-08,,,,,Realised,,,,,22 Sep 2025,,LYB - PowerApps Development,,,,,
21 Mar 2025,,,,,,,,,LYB,,,,Ongoing,,0,,,2025,,13 Mar 2025,,,,,,02_Feb,,,,,,,,"$3,920.00",10,4,Invoice Raised,Between 1 to 15 Days,PowerApps Development-2025,,,LYB-PA-25-01,,,,,Realised,,,,,10 Mar 2025,,LYB - PowerApps Development,,,,,
08 Apr 2025,,,,,,,,,LYB,,,,Ongoing,,0,,,2025,,07 Apr 2025,,,,,,03_Mar,,,,,,,,"$6,030.00",10,11,Invoice Raised,Between 1 to 15 Days,PowerApps Development-2025,,,LYB-PA-25-02,,,,,Realised,,,,,28 Mar 2025,,LYB - PowerApps Development,,,,,
13 Jun 2025,,,,,,,,,LYB,,,,Ongoing,,0,,,2025,,09 Jun 2025,,,,,,05_May,,,,,,,,"$6,030.00",10,8,Invoice Raised,Between 1 to 15 Days,PowerApps Development-2025,,,LYB-PA-25-04,,,,,Realised,,,,,02 Jun 2025,,LYB - PowerApps Development,,,,,
31 May 2025,,,,,,,,,LYB,,,,Ongoing,,0,,,2025,,21 May 2025,,,,,,04_Apr,,,,,,,,"$6,030.00",10,2,Invoice Raised,Between 1 to 15 Days,PowerApps Development-2025,,,LYB-PA-25-03,,,,,Realised,,,,,20 May 2025,,LYB - PowerApps Development,,,,,
29 Aug 2025,,,,,,,,,LYB,,,,Ongoing,,0,,,2025,,19 Aug 2025,,,,,,07_Jul,,,,,,,,"$6,030.00",10,2,Invoice Raised,Between 1 to 15 Days,PowerApps Development-2025,,,LYB-PA-25-06,,,,,Realised,,,,,18 Aug 2025,,LYB - PowerApps Development,,,,,
05 Apr 2025,,,,,,,,,LYB,,,,Ongoing,,17,,,2025,,22 Apr 2025,,,,,,02_Feb,,,,,,,,"$5,729.00",10,29,Invoice Raised,Between 16 to 30 Days,Asia CoE POD Team-2025,,,LYB-A-25-02,,,,,Realised,,,,,25 Mar 2025,,LYB - PowerApps Development (Asia POD),,,,,
20 Jun 2025,,,,,,,,,LYB,,,,Ongoing,,0,,,2025,,10 Jun 2025,,,,,,05_May,,,,,,,,"$5,729.00",10,2,Invoice Raised,Between 1 to 15 Days,Asia CoE POD Team-2025,,,LYB-A-25-05,,,,,Realised,,,,,09 Jun 2025,,LYB - PowerApps Development (Asia POD),,,,,
02 Jun 2025,,,,,,,,,LYB,,,,Ongoing,,0,,,2025,,23 May 2025,,,,,,04_Apr,,,,,,,,"$5,427.00",10,2,Invoice Raised,Between 1 to 15 Days,Asia CoE POD Team-2025,,,LYB-A-25-04,,,,,Realised,,,,,22 May 2025,,LYB - PowerApps Development (Asia POD),,,,,
17 Oct 2025,,,,,,,,,LYB,,,,Ongoing,,0,,,2025,,07 Oct 2025,,,,,,08_Aug,,,,,,,,"$5,729.00",10,2,Invoice Raised,Between 1 to 15 Days,Asia CoE POD Team-2025,,,LYB-A-25-08,,,,,Realised,,,,,06 Oct 2025,,LYB - PowerApps Development (Asia POD),,,,,
16 Mar 2025,,,,,,,,,LYB,,,,Ongoing,,37,,,2025,,22 Apr 2025,,,,,,01_Jan,,,,,,,,"$6,030.00",10,49,Invoice Raised,Between 46 to 60 Days,Asia CoE POD Team-2025,,,LYB-A-25-01,,,,,Realised,,,,,05 Mar 2025,,LYB - PowerApps Development (Asia POD),,,,,
19 Oct 2025,,,,,,,,,LYB,,,,Ongoing,,0,,,2025,,09 Oct 2025,,,,,,09_Sep,,,,,,,,"$5,729.00",10,2,Invoice Raised,Between 1 to 15 Days,Asia CoE POD Team-2025,,,LYB-A-25-09,,,,,Realised,,,,,08 Oct 2025,,LYB - PowerApps Development (Asia POD),,,,,
02 Aug 2025,,,,,,,,,LYB,,,,Ongoing,,0,,,2025,,23 Jul 2025,,,,,,06_Jun,,,,,,,,"$5,126.00",10,2,Invoice Raised,Between 1 to 15 Days,Asia CoE POD Team-2025,,,LYB-A-25-06,,,,,Realised,,,,,22 Jul 2025,,LYB - PowerApps Development (Asia POD),,,,,
20 Apr 2025,,,,,,,,,LYB,,,,Ongoing,,0,,,2025,,11 Apr 2025,,,,,,01_Jan,,,,,,,,"$6,030.00",10,3,Invoice Raised,Between 1 to 15 Days,Asia CoE POD Team-2025,,,LYB-AA-25-01,,,,,Realised,,,,,09 Apr 2025,,LYB - PowerApps Development (Asia POD),,,,,
08 Jun 2025,,,,,,,,,LYB,,,,Ongoing,,0,,,2025,,03 Jun 2025,,,,,,03_Mar,,,,,,,,"$6,030.00",10,7,Invoice Raised,Between 1 to 15 Days,Asia CoE POD Team-2025,,,LYB-A-25-03,,,,,Realised,,,,,28 May 2025,,LYB - PowerApps Development (Asia POD),,,,,
15 Nov 2025,,,,,,,,,LYB,,,,Ongoing,,0,,,2025,,06 Nov 2025,,,,,,10_Oct,,,,,,,,"$6,030.00",10,3,Invoice Raised,Between 1 to 15 Days,Asia CoE POD Team-2025,,,LYB-A-25-10,,,,,Realised,,,,,04 Nov 2025,,LYB - PowerApps Development (Asia POD),,,,,
16 Aug 2025,,,,,,,,,LYB,,,,Ongoing,,0,,,2025,,06 Aug 2025,,,,,,07_Jul,,,,,,,,"$6,030.00",10,2,Invoice Raised,Between 1 to 15 Days,Asia CoE POD Team-2025,,,LYB-A-25-07,,,,,Realised,,,,,05 Aug 2025,,LYB - PowerApps Development (Asia POD),,,,,
17 Aug 2025,,,,,,,,,LYB,,,,Ongoing,,0,,,2025,,11 Aug 2025,,,,,,07_Jul,,,,,,,,"$6,030.00",10,6,Invoice Raised,Between 1 to 15 Days,CO-1 PowerApps Development-2025,,,LYB-PAD-25-01,,,,,Realised,,,,,06 Aug 2025,,LYB - PowerApps Development building a tool,,,,,
27 Oct 2025,,,,,,,,,LYB,,,,Ongoing,,2,,,2025,,29 Oct 2025,,,,,,08_Aug,,,,,,,,"$6,030.00",10,14,Invoice Raised,Between 1 to 15 Days,CO-1 PowerApps Development-2025,,,LYB-PAD-25-02,,,,,Realised,,,,,16 Oct 2025,,LYB - PowerApps Development building a tool,,,,,
17 Aug 2025,,,,,,,,,LYB,,,,Ongoing,,0,,,2025,,11 Aug 2025,,,,,,06_Jun,,,,,,,,"$3,015.00",10,6,Invoice Raised,Between 1 to 15 Days,CO-1 PowerApps Development-2025,,,LYB-PAD-25-01,,,,,Realised,,,,,06 Aug 2025,,LYB - PowerApps Development building a tool,,,,,
27 Oct 2025,,,,,,,,,LYB,,,,Ongoing,,10,,,2025,,06 Nov 2025,,,,,,09_Sep,,,,,,,,"$3,015.00",10,22,Invoice Raised,Between 16 to 30 Days,CO-1 PowerApps Development-2025,,,LYB-PAD-25-03,,,,,Realised,,,,,16 Oct 2025,,LYB - PowerApps Development building a tool,,,,,
16 May 2025,,,,,,,,,LYB,,,,Ongoing,,0,,,2025,,06 May 2025,,,,,,04_Apr,,,,,,,,"$24,120.00",10,2,Invoice Raised,Between 1 to 15 Days,S2P Development and Support POD-2025,,,LYB-S2P-25-04,,,,,Realised,,,,,05 May 2025,,LYB - S2P Development and Support POD,,,,,
20 Sep 2025,,,,,,,,,LYB,,,,Ongoing,,0,,,2025,,10 Sep 2025,,,,,,08_Aug,,,,,,,,"$14,472.00",10,2,Invoice Raised,Between 1 to 15 Days,S2P Development and Support POD-2025,,,LYB-S2P-25-08,,,,,Realised,,,,,09 Sep 2025,,LYB - S2P Development and Support POD,,,,,
11 Mar 2025,,,,,,,,,LYB,,,,Ongoing,,0,,,2025,,03 Mar 2025,,,,,,01_Jan,,,,,,,,"$18,090.00",10,4,Invoice Raised,Between 1 to 15 Days,S2P Development and Support POD-2025,,,LYB-S2P-25-01,,,,,Realised,,,,,28 Feb 2025,,LYB - S2P Development and Support POD,,,,,
10 Jun 2025,,,,,,,,,LYB,,,,Ongoing,,0,,,2025,,02 Jun 2025,,,,,,05_May,,,,,,,,"$24,120.00",10,4,Invoice Raised,Between 1 to 15 Days,S2P Development and Support POD-2025,,,LYB-S2P-25-05,,,,,Realised,,,,,30 May 2025,,LYB - S2P Development and Support POD,,,,,
21 Mar 2025,,,,,,,,,LYB,,,,Ongoing,,0,,,2025,,11 Mar 2025,,,,,,02_Feb,,,,,,,,"$18,995.00",10,2,Invoice Raised,Between 1 to 15 Days,S2P Development and Support POD-2025,,,LYB-S2P-25-02,,,,,Realised,,,,,10 Mar 2025,,LYB - S2P Development and Support POD,,,,,
16 Aug 2025,,,,,,,,,LYB,,,,Ongoing,,0,,,2025,,08 Aug 2025,,,,,,07_Jul,,,,,,,,"$24,120.00",10,4,Invoice Raised,Between 1 to 15 Days,S2P Development and Support POD-2025,,,LYB-S2P-25-07,,,,,Realised,,,,,05 Aug 2025,,LYB - S2P Development and Support POD,,,,,
03 Aug 2025,,,,,,,,,LYB,,,,Ongoing,,0,,,2025,,24 Jul 2025,,,,,,06_Jun,,,,,,,,"$24,120.00",10,2,Invoice Raised,Between 1 to 15 Days,S2P Development and Support POD-2025,,,LYB-S2P-25-06,,,,,Realised,,,,,23 Jul 2025,,LYB - S2P Development and Support POD,,,,,
08 Apr 2025,,,,,,,,,LYB,,,,Ongoing,,0,,,2025,,03 Apr 2025,,,,,,03_Mar,,,,,,,,"$24,120.00",10,7,Invoice Raised,Between 1 to 15 Days,S2P Development and Support POD-2025,,,LYB-S2P-25-03,,,,,Realised,,,,,28 Mar 2025,,LYB - S2P Development and Support POD,,,,,
15 Nov 2025,,,,,,,,,LYB,,,,Ongoing,,0,,,2025,,06 Nov 2025,,,,,,10_Oct,,,,,,,,"$11,430.00",10,3,Invoice Raised,Between 1 to 15 Days,CO-6 Sustainability,,,LYB-S-25-09,,,,,Realised,,,,,04 Nov 2025,,LYB - Sustainability POD PO,,,,,
17 Oct 2025,,,,,,,,,LYB,,,,Ongoing,,0,,,2025,,07 Oct 2025,,,,,,09_Sep,,,,,,,,"$17,460.00",10,2,Invoice Raised,Between 1 to 15 Days,CO-3 Sustainability POD Extension,,,LYB-S-25-08,,,,,Realised,,,,,06 Oct 2025,,LYB - Sustainability POD PO,,,,,
24 May 2025,,,,,,,,,LYB,,,,Ongoing,,12,,,2025,,05 Jun 2025,,,,,,04_Apr,,,,,,,,"$16,619.00",10,24,Invoice Raised,Between 16 to 30 Days,CO-1 Sustainability POD Extension,,,LYB-S-25-03,,,,,Realised,,,,,13 May 2025,,LYB - Sustainability POD PO,,,,,
26 Apr 2025,,,,,,,,,LYB,,,,Ongoing,,0,,,2025,,16 Apr 2025,,,,,,03_Mar,,,,,,,,"$17,460.00",10,2,Invoice Raised,Between 1 to 15 Days,CO-1 Sustainability POD Extension,,,LYB-S-25-02,,,,,Realised,,,,,15 Apr 2025,,LYB - Sustainability POD PO,,,,,
03 Oct 2025,,,,,,,,,LYB,,,,Ongoing,,0,,,2025,,24 Sep 2025,,,,,,08_Aug,,,,,,,,"$17,460.00",10,3,Invoice Raised,Between 1 to 15 Days,CO-3 Sustainability POD Extension,,,LYB-S-25-07,,,,,Realised,,,,,22 Sep 2025,,LYB - Sustainability POD PO,,,,,
05 Apr 2025,,,,,,,,,LYB,,,,Ongoing,,2,,,2025,,07 Apr 2025,,,,,,02_Feb,,,,,,,,"$17,460.00",10,14,Invoice Raised,Between 1 to 15 Days,CO-1 Sustainability POD Extension,,,LYB-S-25-01,,,,,Realised,,,,,25 Mar 2025,,LYB - Sustainability POD PO,,,,,
20 Jun 2025,,,,,,,,,LYB,,,,Ongoing,,0,,,2025,,10 Jun 2025,,,,,,05_May,,,,,,,,"$17,460.00",10,2,Invoice Raised,Between 1 to 15 Days,CO-2 Sustainability POD Extension,,,LYB-S-25-04,,,,,Realised,,,,,09 Jun 2025,,LYB - Sustainability POD PO,,,,,
07 Dec 2025,,,,,,,,,LYB,,,,Ongoing,,0,,,2025,,04 Dec 2025,,,,,,11_Nov,,,,,,,,"$9,045.00",10,9,Invoice Raised,Between 1 to 15 Days,CO-7 Sustainability,,,LYB-S-25-10,,,,,Realised,,,,,26 Nov 2025,,LYB - Sustainability POD PO,,,,,
04 Jan 2026,,,,,,,,,LYB,,,,Ongoing,,3,,,2025,,07 Jan 2026,,,,,,12_Dec,,,,,,,,"$15,075.00",10,15,Invoice Raised,Between 1 to 15 Days,CO-7 Sustainability,,,LYB-S-25-11,,,,,Realised,,,,,24 Dec 2025,,LYB - Sustainability POD PO,,,,,
02 Aug 2025,,,,,,,,,LYB,,,,Ongoing,,0,,,2025,,23 Jul 2025,,,,,,06_Jun,,,,,,,,"$16,920.00",10,2,Invoice Raised,Between 1 to 15 Days,CO-2 Sustainability POD Extension,,,LYB-S-25-05,,,,,Realised,,,,,22 Jul 2025,,LYB - Sustainability POD PO,,,,,
29 Aug 2025,,,,,,,,,LYB,,,,Ongoing,,0,,,2025,,19 Aug 2025,,,,,,07_Jul,,,,,,,,"$17,159.00",10,2,Invoice Raised,Between 1 to 15 Days,CO-3 Sustainability POD Extension,,,LYB-S-25-06,,,,,Realised,,,,,18 Aug 2025,,LYB - Sustainability POD PO,,,,,
09 Jun 2025,,,,,,,,,LYB,,,,Completed,,0,,,2025,,03 Jun 2025,,,,,,05_May,,,,,,,,"$3,015.00",10,6,Invoice Raised,Between 1 to 15 Days,Track & Trace Platform Project-2025,,,LYB-TTP-25-01,,,,,Realised,,,,,29 May 2025,,LYB - Track & Trace Platform Project,,,,,
21 Apr 2025,,,,,,,,,LYB,,,,,,0,,,2025,,11 Apr 2025,,,,,,01_Jan,,,,,,,,"$6,030.00",10,2,Invoice Raised,Between 1 to 15 Days,CHANGE ORDER 1 – PowerApps and Web Application Development Extension,,,LYBE2603,,,,,Realised,,,,,10 Apr 2025,,LYB - Web Application Development POD,,,,,
21 Jul 2025,,,,,,,,,LYB,,,,Ongoing,,17,,,2025,,07 Aug 2025,,,,,,06_Jun,,,,,,,,"$4,455.00",10,29,Invoice Raised,Between 16 to 30 Days,Digital Projects-2025,,,LYB-DDS-25-06,,,,,Realised,,,,,10 Jul 2025,,LYB -Digital Projects,,,,,
14 Mar 2025,,,,,,,,,LYB,,,,Ongoing,,0,,,2025,,04 Mar 2025,,,,,,02_Feb,,,,,,,,"$4,455.00",10,2,Invoice Raised,Between 1 to 15 Days,Digital Projects-2025,,,LYB-DDS-25-02,,,,,Realised,,,,,03 Mar 2025,,LYB -Digital Projects,,,,,
13 Jun 2025,,,,,,,,,LYB,,,,Ongoing,,0,,,2025,,09 Jun 2025,,,,,,05_May,,,,,,,,"$4,010.00",10,8,Invoice Raised,Between 1 to 15 Days,Digital Projects-2025,,,LYB-DP-25-05,,,,,Realised,,,,,02 Jun 2025,,LYB -Digital Projects,,,,,
16 May 2025,,,,,,,,,LYB,,,,Ongoing,,0,,,2025,,08 May 2025,,,,,,04_Apr,,,,,,,,"$4,455.00",10,4,Invoice Raised,Between 1 to 15 Days,Digital Projects-2025,,,LYB-DDS-25-04,,,,,Realised,,,,,05 May 2025,,LYB -Digital Projects,,,,,
24 Feb 2025,,,,,,,,,LYB,,,,Ongoing,,0,,,2025,,19 Feb 2025,,,,,,01_Jan,,,,,,,,"$4,455.00",10,7,Invoice Raised,Between 1 to 15 Days,Digital Projects-2025,,,LYB-DP-25-01,,,,,Realised,,,,,13 Feb 2025,,LYB -Digital Projects,,,,,
17 Aug 2025,,,,,,,,,LYB,,,,Ongoing,,0,,,2025,,08 Aug 2025,,,,,,07_Jul,,,,,,,,"$8,910.00",10,3,Invoice Raised,Between 1 to 15 Days,Digital Projects from July till December – Statement of Work for 2025,,,LYB-DM-25-01,,,,,Realised,,,,,06 Aug 2025,,LYB -Digital Projects,,,,,
14 Sep 2025,,,,,,,,,LYB,,,,Ongoing,,0,,,2025,,09 Sep 2025,,,,,,08_Aug,,,,,,,,"$8,464.50",10,7,Invoice Raised,Between 1 to 15 Days,Digital Projects from July till December – Statement of Work for 2025,,,LYB-DM-25-02,,,,,Realised,,,,,03 Sep 2025,,LYB -Digital Projects,,,,,
18 Jan 2026,,,,,,,,,LYB,,,,Ongoing,,0,,,2025,,08 Jan 2026,,,,,,12_Dec,,,,,,,,"$3,119.00",10,2,Invoice Raised,Between 1 to 15 Days,Digital Projects from July till December – Statement of Work for 2025,,,LYB-DM-25-06,,,,,Realised,,,,,07 Jan 2026,,LYB -Digital Projects,,,,,
08 Apr 2025,,,,,,,,,LYB,,,,Ongoing,,0,,,2025,,04 Apr 2025,,,,,,03_Mar,,,,,,,,"$4,455.00",10,8,Invoice Raised,Between 1 to 15 Days,Digital Projects-2025,,,LYB-DDS-25-03,,,,,Realised,,,,,28 Mar 2025,,LYB -Digital Projects,,,,,
15 Nov 2025,,,,,,,,,LYB,,,,Ongoing,,0,,,2025,,06 Nov 2025,,,,,,10_Oct,,,,,,,,"$3,564.00",10,3,Invoice Raised,Between 1 to 15 Days,Digital Projects from July till December – Statement of Work for 2025,,,LYB-DM-25-04,,,,,Realised,,,,,04 Nov 2025,,LYB -Digital Projects,,,,,
08 Apr 2025,,,,,,,,,LYB,,,,Ongoing,,0,,,2025,,04 Apr 2025,,,,,,03_Mar,,,,,,,,"$4,455.00",10,8,Invoice Raised,Between 1 to 15 Days,Digital Projects-2025,,,LYB-DP-25-03,,,,,Realised,,,,,28 Mar 2025,,LYB -Digital Projects,,,,,
14 Mar 2025,,,,,,,,,LYB,,,,Ongoing,,0,,,2025,,04 Mar 2025,,,,,,02_Feb,,,,,,,,"$4,455.00",10,2,Invoice Raised,Between 1 to 15 Days,Digital Projects-2025,,,LYB-DP-25-02,,,,,Realised,,,,,03 Mar 2025,,LYB -Digital Projects,,,,,
15 Dec 2025,,,,,,,,,LYB,,,,Ongoing,,0,,,2025,,05 Dec 2025,,,,,,11_Nov,,,,,,,,"$4,455.00",10,2,Invoice Raised,Between 1 to 15 Days,Digital Projects from July till December – Statement of Work for 2025,,,LYB-DM-25-05,,,,,Realised,,,,,04 Dec 2025,,LYB -Digital Projects,,,,,
13 Jun 2025,,,,,,,,,LYB,,,,Ongoing,,55,,,2025,,07 Aug 2025,,,,,,05_May,,,,,,,,"$4,010.00",10,67,Invoice Raised,Above 60 Days,Digital Projects-2025,,,LYB-DDS-25-05,,,,,Realised,,,,,02 Jun 2025,,LYB -Digital Projects,,,,,
27 Oct 2025,,,,,,,,,LYB,,,,Ongoing,,0,,,2025,,20 Oct 2025,,,,,,09_Sep,,,,,,,,"$8,465.00",10,5,Invoice Raised,Between 1 to 15 Days,Digital Projects from July till December – Statement of Work for 2025,,,LYB-DM-25-03,,,,,Realised,,,,,16 Oct 2025,,LYB -Digital Projects,,,,,
16 May 2025,,,,,,,,,LYB,,,,Ongoing,,0,,,2025,,06 May 2025,,,,,,04_Apr,,,,,,,,"$4,455.00",10,2,Invoice Raised,Between 1 to 15 Days,Digital Projects-2025,,,LYB-DP-25-04,,,,,Realised,,,,,05 May 2025,,LYB -Digital Projects,,,,,
21 Jul 2025,,,,,,,,,LYB,,,,Ongoing,,0,,,2025,,14 Jul 2025,,,,,,06_Jun,,,,,,,,"$4,455.00",10,5,Invoice Raised,Between 1 to 15 Days,Digital Projects-2025,,,LYB-DP-25-06,,,,,Realised,,,,,10 Jul 2025,,LYB -Digital Projects,,,,,
24 Feb 2025,,,,,,,,,LYB,,,,Ongoing,,0,,,2025,,19 Feb 2025,,,,,,01_Jan,,,,,,,,"$4,455.00",10,7,Invoice Raised,Between 1 to 15 Days,Digital Projects-2025,,,LYB-DDS-25-01,,,,,Realised,,,,,13 Feb 2025,,LYB -Digital Projects,,,,,
23 Apr 2026,,,,,,,,,Dell,,,,,,1,,,2026,,24 Apr 2026,,,,,,03_Mar,,,,,,,,"$6,720.00",30,33,Invoice Raised,Between 31 to 45 Days,AMENDMENT NO. 19 TO Dell_Aligned Automation Tech Direct SOW Phase 2,,,NLPEA19-26-003-MAR,,,,,Realised,,,,,23 Mar 2026,PO773762,NLPe (Dev),,,,,
24 May 2026,,,,,,,,,Dell,Paid,,,,,4,,,2026,,28 May 2026,,,,,,04_Apr,,,,,,,,"$6,720.00",30,36,Invoice Raised,Between 31 to 45 Days,AMENDMENT NO. 19 TO Dell_Aligned Automation Tech Direct SOW Phase 2,,,NLPEA19-26-004-APR,,,,,Realised,,,,,23 Apr 2026,PO773762,NLPe (Dev),,,,,
27 Mar 2026,,,,,,,,,Dell,,,,,,0,,,2026,,27 Mar 2026,,,,,,02_Feb,,,,,,,,"$6,720.00",30,32,Invoice Raised,Between 31 to 45 Days,AMENDMENT NO. 19 TO Dell_Aligned Automation Tech Direct SOW Phase 2,,,NLPEA19-26-002- FEB,,,,,Realised,,,,,24 Feb 2026,PO773762,NLPe (Dev),,,,,
28 Jun 2026,,,,,,,,,Dell,,,,,,,,,2026,,,,,,,,05_May,,,,,,,,"$6,720.00",30,,Invoice Raised,Pending,AMENDMENT NO. 19 TO Dell_Aligned Automation Tech Direct SOW Phase 2,,,NLPEA19-26-005-MAY,,,,,Pending,,,,,28 May 2026,PO773762 | U03500000000260,NLPe (Dev),,,,,
29 Jul 2025,,,,,,,,,Nordson,,,,Ongoing,,15,,,2025,,13 Aug 2025,,,,,,05_May,,,,,,,,"$28,500.00",60,77,Invoice Raised,Above 60 Days,"AMS Pilot for ServiceNow, NeoCase and AgilePoint",,,N-AMSP-25-02-MAY,,,,,Realised,,,,,29 May 2025,,Nordson - AMS,,,,,
14 Dec 2025,,,,,,,,,Nordson,,,,Ongoing,,10,,,2025,,24 Dec 2025,,,,,,09_Sep,,,,,,,,"$28,500.00",60,72,Invoice Raised,Above 60 Days,"AMS Pilot for ServiceNow, NeoCase and AgilePoint",,,N-AMSP-25-06-SEPT,,,,,Realised,,,,,14 Oct 2025,,Nordson - AMS,,,,,
05 Jul 2025,,,,,,,,,Nordson,,,,Ongoing,,4,,,2025,,09 Jul 2025,,,,,,04_Apr,,,,,,,,"$26,580.00",60,66,Invoice Raised,Above 60 Days,"AMS Pilot for ServiceNow, NeoCase and AgilePoint",,,N-AMSP-25-01-APR,,,,,Realised,,,,,05 May 2025,,Nordson - AMS,,,,,
02 Jul 2026,,,,,,,,,Nordson,,,,,,,,,2026,,,,,,,,04_Apr,,,,,,,,"$36,556.00",60,,Invoice Raised,Pending,Application Management Services,,,N-AMSP-26-04-APR,,,,,Pending,,,,,02 May 2026,NA,Nordson - AMS,,,,,
29 Jul 2026,,,,,,,,,Nordson,,,,,,,,,2026,,,,,,,,05_May,,,,,,,,"$36,556.00",60,,Invoice Raised,Pending,Application Management Services,,,N-AMSP-26-05-MAY,,,,,Pending,,,,,29 May 2026,NA,Nordson - AMS,,,,,
27 May 2026,,,,,,,,,Nordson,Paid,,,,,0,,,2026,,27 May 2026,,,,,,03_Mar,,,,,,,,"$36,556.00",60,62,Invoice Raised,Above 60 Days,Application Management Services,,,N-AMSP-26-03-MAR,,,,,Realised,,,,,27 Mar 2026,NA,Nordson - AMS,,,,,
14 Sep 2025,,,,,,,,,Nordson,,,,Ongoing,,10,,,2025,,24 Sep 2025,,,,,,06_Jun,,,,,,,,"$30,020.00",60,72,Invoice Raised,Above 60 Days,"AMS Pilot for ServiceNow, NeoCase and AgilePoint",,,N-AMSP-25-03-JUN,,,,,Realised,,,,,15 Jul 2025,,Nordson - AMS,,,,,
04 Oct 2025,,,,,,,,,Nordson,,,,Ongoing,,4,,,2025,,08 Oct 2025,,,,,,07_Jul,,,,,,,,"$28,100.00",60,66,Invoice Raised,Above 60 Days,"AMS Pilot for ServiceNow, NeoCase and AgilePoint",,,N-AMSP-25-04-JUL,,,,,Realised,,,,,04 Aug 2025,,Nordson - AMS,,,,,
28 Apr 2026,,,,,,,,,Nordson,,,,,,16,Paid,,2026,,14 May 2026,,,,,,02_Feb,,,,,,,,"$36,556.00",60,78,Invoice Raised,Above 60 Days,Application Management Services,,,N-AMSP-26-02-FEB,,,,,Realised,,,,,26 Feb 2026,NA,Nordson - AMS,,,,,
22 Feb 2026,,,,,,,,,Nordson,,,,Ongoing,,3,,,2025,,25 Feb 2026,,,,,,12_Dec,,,,,,,,"$36,556.00",60,65,Invoice Raised,Above 60 Days,"Service Change Order Number: 01Nordson – AMS Pilot for ServiceNow, NeoCase and AgilePoint",,,N-AMSP-25-09-DEC,,,,,Realised,,,,,23 Dec 2025,,Nordson - AMS,,,,,
09 Nov 2025,,,,,,,,,Nordson,,,,Ongoing,,3,,,2025,,12 Nov 2025,,,,,,08_Aug,,,,,,,,"$28,820.00",60,65,Invoice Raised,Above 60 Days,"AMS Pilot for ServiceNow, NeoCase and AgilePoint",,,N-AMSP-25-05-AUG,,,,,Realised,,,,,09 Sep 2025,,Nordson - AMS,,,,,
11 Jan 2026,,,,,,,,,Nordson,,,,Ongoing,,5,,,2025,,16 Jan 2026,,,,,,10_Oct,,,,,,,,"$25,040.00",60,67,Invoice Raised,Above 60 Days,"Service Change Order Number: 01Nordson – AMS Pilot for ServiceNow, NeoCase and AgilePoint",,,N-AMSP-25-07-OCT,,,,,Realised,,,,,11 Nov 2025,,Nordson - AMS,,,,,
05 Apr 2026,,,,,,,,,Nordson,,,,,,3,,,2026,,08 Apr 2026,,,,,,01_Jan,,,,,,,,"$36,556.00",60,65,Invoice Raised,Above 60 Days,Application Management Services,,,N-AMSP-26-01-JAN,,,,,Realised,,,,,03 Feb 2026,NA,Nordson - AMS,,,,,
02 Feb 2026,,,,,,,,,Nordson,,,,Ongoing,,9,,,2025,,11 Feb 2026,,,,,,11_Nov,,,,,,,,"$36,556.00",60,71,Invoice Raised,Above 60 Days,"Service Change Order Number: 01Nordson – AMS Pilot for ServiceNow, NeoCase and AgilePoint",,,N-AMSP-25-08-NOV,,,,,Realised,,,,,03 Dec 2025,,Nordson - AMS,,,,,
07 May 2025,,,,,,,,,Nordson,,,,Ongoing,,8,,,2025,,15 May 2025,,,,,,02_Feb,,,,,,,,"$10,375.00",60,70,Invoice Raised,Above 60 Days,Power Platform Assessment and Solution Development-CO-1,,,N-PPASD-25-01,,,,,Realised,,,,,07 Mar 2025,,Nordson - Power Platform Assessment and Solution Development,,,,,
29 Jul 2025,,,,,,,,,Nordson,,,,Ongoing,,15,,,2025,,13 Aug 2025,,,,,,05_May,,,,,,,,"$10,375.00",60,77,Invoice Raised,Above 60 Days,Power Platform Assessment and Solution Development-CO-1,,,N-PPASD-25-04- MAY,,,,,Realised,,,,,29 May 2025,,Nordson - Power Platform Assessment and Solution Development,,,,,
02 Jun 2025,,,,,,,,,Nordson,,,,Ongoing,,9,,,2025,,11 Jun 2025,,,,,,03_Mar,,,,,,,,"$20,750.00",60,71,Invoice Raised,Above 60 Days,Power Platform Assessment and Solution Development-CO-1,,,N-PPASD-25-02,,,,,Realised,,,,,02 Apr 2025,,Nordson - Power Platform Assessment and Solution Development,,,,,
01 Jul 2025,,,,,,,,,Nordson,,,,Ongoing,,8,,,2025,,09 Jul 2025,,,,,,04_Apr,,,,,,,,"$20,750.00",60,70,Invoice Raised,Above 60 Days,Power Platform Assessment and Solution Development-CO-1,,,N-PPASD-25-03,,,,,Realised,,,,,01 May 2025,,Nordson - Power Platform Assessment and Solution Development,,,,,
01 May 2026,,,,,,,,,Philips India Limited,,,,,,0,,,2026,,30 Mar 2026,,,,,,02_Feb,,,,,,,,"$2,642.00",45,15,Invoice Raised,Between 1 to 15 Days,IT Support Services,,,AADOM/25-26/13,,,,,Realised,,,,,16 Mar 2026,4150235154,Philips,,,,,
10 May 2025,,,,,,,,,Philips India Limited,,,,Ongoing,,0,,,2025,,06 May 2025,,,,,,01_Jan,,,,,,,,"$2,642.00",45,43,Invoice Raised,Between 31 to 45 Days,IT Support Services,,,AADOM-24-25-15,,,,,Realised,,,,,25 Mar 2025,,Philips,,,,,
21 Mar 2026,,,,,,,,,Philips India Limited,,,,,,0,,,2026,,16 Mar 2026,,,,,,01_Jan,,,,,,,,"$2,642.00",45,42,Invoice Raised,Between 31 to 45 Days,IT Support Services,,,AADOM/25-26/12,,,,,Realised,,,,,03 Feb 2026,4150235154,Philips,,,,,
10 May 2025,,,,,,,,,Philips India Limited,,,,Ongoing,,0,,,2025,,06 May 2025,,,,,,01_Jan,,,,,,,,"$2,642.00",45,43,Invoice Raised,Between 31 to 45 Days,IT Support Services,,,AADOM-24-25-12,,,,,Realised,,,,,25 Mar 2025,,Philips,,,,,
10 May 2025,,,,,,,,,Philips India Limited,,,,Ongoing,,0,,,2025,,06 May 2025,,,,,,01_Jan,,,,,,,,"$2,642.00",45,43,Invoice Raised,Between 31 to 45 Days,IT Support Services,,,AADOM-24-25-13,,,,,Realised,,,,,25 Mar 2025,,Philips,,,,,
19 Jun 2026,,,,,,,,,Philips India Limited,,,,,,,,,2026,,,,,,,,04_Apr,,,,,,,,"$2,642.00",45,,Invoice Raised,Pending,IT Support Services,,,AADOM/2627/01,,,,,Pending,,,,,04 May 2026,4150235154,Philips,,,,,
15 Sep 2025,,,,,,,,,Philips India Limited,,,,Ongoing,,0,,,2025,,12 Sep 2025,,,,,,07_Jul,,,,,,,,"$2,642.00",45,44,Invoice Raised,Between 31 to 45 Days,IT Support Services,,,AADOM/25-26/05,,,,,Realised,,,,,31 Jul 2025,,Philips,,,,,
15 Aug 2025,,,,,,,,,Philips India Limited,,,,Ongoing,,4,,,2025,,19 Aug 2025,,,,,,06_Jun,,,,,,,,"$2,642.00",45,51,Invoice Raised,Between 46 to 60 Days,IT Support Services,,,AADOM/25-26/04,,,,,Realised,,,,,30 Jun 2025,,Philips,,,,,
16 Dec 2025,,,,,,,,,Philips India Limited,,,,Ongoing,,2,,,2025,,18 Dec 2025,,,,,,10_Oct,,,,,,,,"$2,642.00",45,49,Invoice Raised,Between 46 to 60 Days,IT Support Services,,,AADOM/25-26/08,,,,,Realised,,,,,31 Oct 2025,,Philips,,,,,
22 Feb 2026,,,,,,,,,Philips India Limited,,,,Ongoing,,11,,,2025,,05 Mar 2026,,,,,,12_Dec,,,,,,,,"$2,642.00",45,58,Invoice Raised,Between 46 to 60 Days,IT Support Services,,,AADOM/25-26/11,,,,,Realised,,,,,07 Jan 2026,,Philips,,,,,
10 May 2025,,,,,,,,,Philips India Limited,,,,Ongoing,,0,,,2025,,06 May 2025,,,,,,01_Jan,,,,,,,,"$2,642.00",45,43,Invoice Raised,Between 31 to 45 Days,IT Support Services,,,AADOM-24-25-11,,,,,Realised,,,,,25 Mar 2025,,Philips,,,,,
17 Oct 2025,,,,,,,,,Philips India Limited,,,,Ongoing,,0,,,2025,,16 Oct 2025,,,,,,08_Aug,,,,,,,,"$2,642.00",45,46,Invoice Raised,Between 46 to 60 Days,IT Support Services,,,AADOM/25-26/06,,,,,Realised,,,,,01 Sep 2025,,Philips,,,,,
18 Jul 2025,,,,,,,,,Philips India Limited,,,,Ongoing,,0,,,2025,,11 Jul 2025,,,,,,05_May,,,,,,,,"$2,642.00",45,40,Invoice Raised,Between 31 to 45 Days,IT Support Services,,,AADOM/25-26/03,,,,,Realised,,,,,02 Jun 2025,,Philips,,,,,
25 Nov 2025,,,,,,,,,Philips India Limited,,,,Ongoing,,0,,,2025,,21 Nov 2025,,,,,,09_Sep,,,,,,,,"$2,642.00",45,43,Invoice Raised,Between 31 to 45 Days,IT Support Services,,,AADOM/25-26/07,,,,,Realised,,,,,10 Oct 2025,,Philips,,,,,
14 Jun 2025,,,,,,,,,Philips India Limited,,,,Ongoing,,0,,,2025,,13 Jun 2025,,,,,,04_Apr,,,,,,,,"$2,642.00",45,46,Invoice Raised,Between 46 to 60 Days,IT Support Services,,,AADOM-25-26-01,,,,,Realised,,,,,29 Apr 2025,,Philips,,,,,
19 Jan 2026,,,,,,,,,Philips India Limited,,,,Ongoing,,0,,,2025,,15 Jan 2026,,,,,,11_Nov,,,,,,,,"$2,642.00",45,43,Invoice Raised,Between 31 to 45 Days,IT Support Services,,,AADOM/25-26/10,,,,,Realised,,,,,04 Dec 2025,,Philips,,,,,
10 May 2025,,,,,,,,,Philips India Limited,,,,Ongoing,,0,,,2025,,06 May 2025,,,,,,02_Feb,,,,,,,,"$2,642.00",45,43,Invoice Raised,Between 31 to 45 Days,IT Support Services,,,AADOM-24-25-16,,,,,Realised,,,,,25 Mar 2025,,Philips,,,,,
10 May 2025,,,,,,,,,Philips India Limited,,,,Ongoing,,0,,,2025,,06 May 2025,,,,,,01_Jan,,,,,,,,"$2,642.00",45,43,Invoice Raised,Between 31 to 45 Days,IT Support Services,,,AADOM-24-25-14,,,,,Realised,,,,,25 Mar 2025,,Philips,,,,,
17 Jul 2026,,,,,,,,,Philips India Limited,,,,,,,,,2026,,,,,,,,05_May,,,,,,,,"$2,642.00",45,,Invoice Raised,Pending,IT Support Services,,,AADOM/2627/04,,,,,Pending,,,,,01 Jun 2026,4150235154,Philips,,,,,
10 May 2025,,,,,,,,,Philips India Limited,,,,Ongoing,,0,,,2025,,06 May 2025,,,,,,03_Mar,,,,,,,,"$2,642.00",45,43,Invoice Raised,Between 31 to 45 Days,IT Support Services,,,AADOM-24-25-17,,,,,Realised,,,,,25 Mar 2025,,Philips,,,,,
09 May 2026,,,,,,,,,Philips India Limited,,,,,,5,,,2026,,14 May 2026,,,,,,03_Mar,,,,,,,,"$2,642.00",45,52,Invoice Raised,Between 46 to 60 Days,IT Support Services,,,AADOM/25-26/14,,,,,Realised,,,,,24 Mar 2026,4150235154,Philips,,,,,
04 Jul 2026,,,,,,,,,Philips India Limited,,,,,,,,,2026,,,,,,,,04_Apr,,,,,,,,"$2,462.00",45,,Invoice Raised,Pending,IGT Mobile surgery (modality) - BPSC team Support,,,AADOM/2627/02,,,,,Pending,,,,,19 May 2026,6100028281,Philips - IGT Modality Project,,,,,
17 Jul 2026,,,,,,,,,Philips India Limited,,,,,,,,,2026,,,,,,,,05_May,,,,,,,,"$2,462.00",45,,Invoice Raised,Pending,IGT Mobile surgery (modality) - BPSC team Support,,,AADOM/2627/03,,,,,Pending,,,,,01 Jun 2026,6100028281,Philips - IGT Modality Project,,,,,
26 Dec 2025,,,,,,,,,WEC Energy Group,,,,Ongoing,,0,,,2025,,19 Nov 2025,,,,,,11_Nov,,,,,,,,"$35,100.00",40,5,Invoice Raised,Between 1 to 15 Days,Fuel Spend Management: Data Management & Analytics – Phase 1 Extension,,,WEC-25-08-NOV,,,,,Realised,,,,,15 Nov 2025,,WEC - Fuel Spend Management: Data Management & Analytics,,,,,
16 Apr 2025,,,,,,,,,WEC Energy Group,,,,Ongoing,,0,,,2025,,15 Apr 2025,,,,,,02_Feb,,,,,,,,"$50,700.00",40,41,Invoice Raised,Between 31 to 45 Days,Fuel Spend Management: Data Management & Analytics,,,WEC-25-01,,,,,Realised,,,,,06 Mar 2025,,WEC - Fuel Spend Management: Data Management & Analytics,,,,,
15 May 2025,,,,,,,,,WEC Energy Group,,,,Ongoing,,0,,,2025,,09 May 2025,,,,,,03_Mar,,,,,,,,"$50,700.00",40,36,Invoice Raised,Between 31 to 45 Days,Fuel Spend Management: Data Management & Analytics,,,WEC-25-02,,,,,Realised,,,,,04 Apr 2025,,WEC - Fuel Spend Management: Data Management & Analytics,,,,,
09 Jul 2025,,,,,,,,,WEC Energy Group,,,,Ongoing,,0,,,2025,,26 Jun 2025,,,,,,05_May,,,,,,,,"$50,700.00",40,29,Invoice Raised,Between 16 to 30 Days,Fuel Spend Management: Data Management & Analytics,,,WEC-25-04-MAY,,,,,Realised,,,,,29 May 2025,,WEC - Fuel Spend Management: Data Management & Analytics,,,,,
10 Sep 2025,,,,,,,,,WEC Energy Group,,,,Ongoing,,0,,,2025,,06 Aug 2025,,,,,,07_Jul,,,,,,,,"$50,700.00",40,7,Invoice Raised,Between 1 to 15 Days,Fuel Spend Management: Data Management & Analytics,,,WEC-25-06-JUL,,,,,Realised,,,,,31 Jul 2025,,WEC - Fuel Spend Management: Data Management & Analytics,,,,,
14 Aug 2025,,,,,,,,,WEC Energy Group,,,,Ongoing,,0,,,2025,,14 Jul 2025,,,,,,06_Jun,,,,,,,,"$50,700.00",40,11,Invoice Raised,Between 1 to 15 Days,Fuel Spend Management: Data Management & Analytics,,,WEC-25-05-JUN,,,,,Realised,,,,,04 Jul 2025,,WEC - Fuel Spend Management: Data Management & Analytics,,,,,
25 Nov 2025,,,,,,,,,WEC Energy Group,,,,Ongoing,,0,,,2025,,05 Nov 2025,,,,,,10_Oct,,,,,,,,"$35,100.00",40,22,Invoice Raised,Between 16 to 30 Days,Fuel Spend Management: Data Management & Analytics – Phase 1 Extension,,,WEC-25-07-OCT,,,,,Realised,,,,,15 Oct 2025,,WEC - Fuel Spend Management: Data Management & Analytics,,,,,
11 Jun 2025,,,,,,,,,WEC Energy Group,,,,Ongoing,,0,,,2025,,10 Jun 2025,,,,,,04_Apr,,,,,,,,"$50,700.00",40,41,Invoice Raised,Between 31 to 45 Days,Fuel Spend Management: Data Management & Analytics,,,WEC-25-03-APR,,,,,Realised,,,,,01 May 2025,,WEC - Fuel Spend Management: Data Management & Analytics,,,,,
02 Jun 2026,,,,,,,,,WEC Energy Group,Paid,,,,,0,,,2026,,01 Jun 2026,,,,,,04_Apr,,,,,,,,"$74,967.00",30,31,Invoice Raised,Between 31 to 45 Days,NextGen Fuel Spend Data Integration & Analytics - Scope of Services (SOS),,,WEC-26-004-APR,,,,,Realized,,,,,02 May 2026,4510528410,WEC - NextGen Fuel Spend Data Integration & Analytics,,,,,
30 Mar 2026,,,,,,,,,WEC Energy Group,,,,,,0,,,2026,,19 Mar 2026,,,,,,02_Feb,,,,,,,,"$74,967.00",30,21,Invoice Raised,Between 16 to 30 Days,NextGen Fuel Spend Data Integration & Analytics - Scope of Services (SOS),,,WEC-26-002-FEB,,,,,Realised,,,,,27 Feb 2026,4510528410,WEC - NextGen Fuel Spend Data Integration & Analytics,,,,,
29 Jun 2026,,,,,,,,,WEC Energy Group,,,,,,,,,2026,,,,,,,,05_May,,,,,,,,"$74,967.00",30,,Invoice Raised,Pending,NextGen Fuel Spend Data Integration & Analytics - Scope of Services (SOS),,,WEC-26-005-MAY,,,,,Pending,,,,,29 May 2026,4510528410,WEC - NextGen Fuel Spend Data Integration & Analytics,,,,,
02 Mar 2026,,,,,,,,,WEC Energy Group,,,,,,0,,,2026,,12 Feb 2026,,,,,,01_Jan,,,,,,,,"$74,967.00",30,14,Invoice Raised,Between 1 to 15 Days,NextGen Fuel Spend Data Integration & Analytics - Scope of Services (SOS),,,WEC-26-001-JAN,,,,,Realised,,,,,30 Jan 2026,4510528410,WEC - NextGen Fuel Spend Data Integration & Analytics,,,,,
27 Apr 2026,,,,,,,,,WEC Energy Group,,,,,,1,Paid,,2026,,28 Apr 2026,,,,,,03_Mar,,,,,,,,"$74,967.00",30,33,Invoice Raised,Between 31 to 45 Days,NextGen Fuel Spend Data Integration & Analytics - Scope of Services (SOS),,,WEC-26-003-MAR,,,,,Realised,,,,,27 Mar 2026,4510528410,WEC - NextGen Fuel Spend Data Integration & Analytics,,,,,
14 Apr 2026,,,,,,,,,W R Grace,,,,,,0,,,2026,,14 Apr 2026,,,,,,01_Jan,,,,,,,,"$10,400.00",60,62,Invoice Raised,Above 60 Days,Procurement Tactical Buyer Statement of Work for 2026,,,PTB-26-001-JAN,,,,,Realised,,,,,12 Feb 2026,6500158069,WR Grace - Procurement Tactical Buyers,,,,,
03 Nov 2025,,,,,,,,,W R Grace,,,,Ongoing,,1,,,2025,,04 Nov 2025,,,,,,08_Aug,,,,,,,,"$19,933.00",60,63,Invoice Raised,Above 60 Days,Tactical Buyer Services-2025,,,PTB-25-008-AUG,,,,,Realised,,,,,03 Sep 2025,,WR Grace - Procurement Tactical Buyers,,,,,
02 Dec 2025,,,,,,,,,W R Grace,,,,Ongoing,,0,,,2025,,02 Dec 2025,,,,,,09_Sep,,,,,,,,"$19,933.00",60,62,Invoice Raised,Above 60 Days,Tactical Buyer Services-2025,,,PTB-25-009-SEPT,,,,,Realised,,,,,02 Oct 2025,,WR Grace - Procurement Tactical Buyers,,,,,
02 Sep 2025,,,,,,,,,W R Grace,,,,Ongoing,,0,,,2025,,02 Sep 2025,,,,,,06_Jun,,,,,,,,"$5,200.00",60,62,Invoice Raised,Above 60 Days,CO-5 - Grace Procurement Tactical Buyer Services,,,PTB-25-006-JUN,,,,,Realised,,,,,03 Jul 2025,,WR Grace - Procurement Tactical Buyers,,,,,
05 Jul 2025,,,,,,,,,W R Grace,,,,Ongoing,,2,,,2025,,07 Jul 2025,,,,,,04_Apr,,,,,,,,"$19,933.00",60,64,Invoice Raised,Above 60 Days,Tactical Buyer Services-2025,,,PTB-25-004-APR,,,,,Realised,,,,,05 May 2025,,WR Grace - Procurement Tactical Buyers,,,,,
04 Jun 2025,,,,,,,,,W R Grace,,,,Ongoing,,0,,,2025,,04 Jun 2025,,,,,,03_Mar,,,,,,,,"$5,200.00",60,62,Invoice Raised,Above 60 Days,Change Order - Grace Procurement Tactical Buyer Services,,,PTB-25-003-MAR,,,,,Realised,,,,,04 Apr 2025,,WR Grace - Procurement Tactical Buyers,,,,,
04 Aug 2025,,,,,,,,,W R Grace,,,,Ongoing,,1,,,2025,,05 Aug 2025,,,,,,05_May,,,,,,,,"$5,200.00",60,63,Invoice Raised,Above 60 Days,CO-5 - Grace Procurement Tactical Buyer Services,,,PTB-25-005-MAY,,,,,Realised,,,,,04 Jun 2025,,WR Grace - Procurement Tactical Buyers,,,,,
04 Aug 2025,,,,,,,,,W R Grace,,,,Ongoing,,1,,,2025,,05 Aug 2025,,,,,,05_May,,,,,,,,"$19,933.00",60,63,Invoice Raised,Above 60 Days,Tactical Buyer Services-2025,,,PTB-25-005-MAY,,,,,Realised,,,,,04 Jun 2025,,WR Grace - Procurement Tactical Buyers,,,,,
04 May 2025,,,,,,,,,W R Grace,,,,Ongoing,,2,,,2025,,06 May 2025,,,,,,02_Feb,,,,,,,,"$19,933.00",60,64,Invoice Raised,Above 60 Days,Tactical Buyer Services-2025,,,PTB-25-002-FEB,,,,,Realised,,,,,04 Mar 2025,,WR Grace - Procurement Tactical Buyers,,,,,
30 Sep 2025,,,,,,,,,W R Grace,,,,Ongoing,,0,,,2025,,30 Sep 2025,,,,,,07_Jul,,,,,,,,"$19,933.00",60,62,Invoice Raised,Above 60 Days,Tactical Buyer Services-2025,,,PTB-25-007-JUL,,,,,Realised,,,,,31 Jul 2025,,WR Grace - Procurement Tactical Buyers,,,,,
04 Jun 2025,,,,,,,,,W R Grace,,,,Ongoing,,0,,,2025,,04 Jun 2025,,,,,,03_Mar,,,,,,,,"$19,933.00",60,62,Invoice Raised,Above 60 Days,Tactical Buyer Services-2025,,,PTB-25-003-MAR,,,,,Realised,,,,,04 Apr 2025,,WR Grace - Procurement Tactical Buyers,,,,,
17 Mar 2026,,,,,,,,,W R Grace,,,,Ongoing,,0,,,2025,,11 Mar 2026,,,,,,12_Dec,,,,,,,,"$15,166.67",60,56,Invoice Raised,Between 46 to 60 Days,Tactical Buyer Services-2025,,,PTB-25-012-DEC,,,,,Realised,,,,,15 Jan 2026,,WR Grace - Procurement Tactical Buyers,,,,,
13 May 2026,,,,,,,,,W R Grace,,,,,,0,Paid,,2026,,13 May 2026,,,,,,02_Feb,,,,,,,,"$5,200.00",60,62,Invoice Raised,Above 60 Days,Procurement Tactical Buyer Statement of Work for 2026,,,PTB-26-002-FEB,,,,,Realised,,,,,13 Mar 2026,6500158069,WR Grace - Procurement Tactical Buyers,,,,,
05 Jul 2025,,,,,,,,,W R Grace,,,,Ongoing,,2,,,2025,,07 Jul 2025,,,,,,04_Apr,,,,,,,,"$5,200.00",60,64,Invoice Raised,Above 60 Days,Change Order - Grace Procurement Tactical Buyer Services,,,PTB-25-004-APR,,,,,Realised,,,,,05 May 2025,,WR Grace - Procurement Tactical Buyers,,,,,
04 Feb 2026,,,,,,,,,W R Grace,,,,Ongoing,,0,,,2025,,03 Feb 2026,,,,,,11_Nov,,,,,,,,"$19,933.33",60,61,Invoice Raised,Above 60 Days,Tactical Buyer Services-2025,,,PTB-25-011-NOV,,,,,Realised,,,,,05 Dec 2025,,WR Grace - Procurement Tactical Buyers,,,,,
04 May 2025,,,,,,,,,W R Grace,,,,Ongoing,,2,,,2025,,06 May 2025,,,,,,02_Feb,,,,,,,,"$5,200.00",60,64,Invoice Raised,Above 60 Days,Change Order - Grace Procurement Tactical Buyer Services,,,PTB-25-002-FEB,,,,,Realised,,,,,04 Mar 2025,,WR Grace - Procurement Tactical Buyers,,,,,
02 Sep 2025,,,,,,,,,W R Grace,,,,Ongoing,,0,,,2025,,02 Sep 2025,,,,,,06_Jun,,,,,,,,"$19,933.00",60,62,Invoice Raised,Above 60 Days,Tactical Buyer Services-2025,,,PTB-25-006-JUN,,,,,Realised,,,,,03 Jul 2025,,WR Grace - Procurement Tactical Buyers,,,,,
03 Jan 2026,,,,,,,,,W R Grace,,,,Ongoing,,2,,,2025,,05 Jan 2026,,,,,,10_Oct,,,,,,,,"$19,933.00",60,64,Invoice Raised,Above 60 Days,Tactical Buyer Services-2025,,,PTB-25-010-OCT,,,,,Realised,,,,,03 Nov 2025,,WR Grace - Procurement Tactical Buyers,,,,,
06 Apr 2025,,,,,,,,,W R Grace,,,,Ongoing,,2,,,2025,,08 Apr 2025,,,,,,01_Jan,,,,,,,,"$19,933.00",60,64,Invoice Raised,Above 60 Days,Tactical Buyer Services-2025,,,PTB-25-001-JAN,,,,,Realised,,,,,04 Feb 2025,,WR Grace - Procurement Tactical Buyers,,,,,
04 Aug 2025,,,,,,,,,W R Grace,,,,"Ongoing, Ongoing",,1,,,2025,,05 Aug 2025,,,,,,05_May,,,,,,,,"$13,867.00",60,63,Invoice Raised,Above 60 Days,Spot Buy Process Digitization,,,SBD-25-005-MAY,,,,,Realised,,,,,04 Jun 2025,,WR Grace - Spot Buy Process Digitization | WR Grace - Spot Buy Procurement Management Services,,,,,
30 Jun 2025,,,,,,,,,W R Grace,,,,"Ongoing, Ongoing",,1,,,2025,,01 Jul 2025,,,,,,04_Apr,,,,,,,,"$46,367.00",60,63,Invoice Raised,Above 60 Days,Spot Buy Process Digitization,,,SBD-25-004-APR,,,,,Realised,,,,,30 Apr 2025,,WR Grace - Spot Buy Process Digitization | WR Grace - Spot Buy Procurement Management Services,,,,,
02 Sep 2025,,,,,,,,,W R Grace,,,,"Ongoing, Ongoing",,0,,,2025,,02 Sep 2025,,,,,,06_Jun,,,,,,,,"$13,862.00",60,62,Invoice Raised,Above 60 Days,Spot Buy Process Digitization,,,SBD-25-006-JUN,,,,,Realised,,,,,03 Jul 2025,,WR Grace - Spot Buy Process Digitization | WR Grace - Spot Buy Procurement Management Services,,,,,
02 Jun 2025,,,,,,,,,W R Grace,,,,"Ongoing, Ongoing",,1,,,2025,,03 Jun 2025,,,,,,03_Mar,,,,,,,,"$46,367.00",60,63,Invoice Raised,Above 60 Days,Spot Buy Process Digitization,,,SBD-25-003-MAR,,,,,Realised,,,,,02 Apr 2025,,WR Grace - Spot Buy Process Digitization | WR Grace - Spot Buy Procurement Management Services,,,,,
06 Apr 2025,,,,,,,,,W R Grace,,,,"Ongoing, Ongoing",,2,,,2025,,08 Apr 2025,,,,,,01_Jan,,,,,,,,"$46,367.00",60,64,Invoice Raised,Above 60 Days,Spot Buy Process Digitization,,,SBD-25-001-JAN,,,,,Realised,,,,,04 Feb 2025,,WR Grace - Spot Buy Process Digitization | WR Grace - Spot Buy Procurement Management Services,,,,,
04 May 2025,,,,,,,,,W R Grace,,,,"Ongoing, Ongoing",,2,,,2025,,06 May 2025,,,,,,02_Feb,,,,,,,,"$46,367.00",60,64,Invoice Raised,Above 60 Days,Spot Buy Process Digitization,,,SBD-25-002-FEB,,,,,Realised,,,,,04 Mar 2025,,WR Grace - Spot Buy Process Digitization | WR Grace - Spot Buy Procurement Management Services,,,,,
04 Feb 2026,,,,,,,,,W R Grace,,,,"Ongoing, Ongoing",,0,,,2025,,03 Feb 2026,,,,,,11_Nov,,,,,,,,"$13,867.00",60,61,Invoice Raised,Above 60 Days,Spot Buy Process Digitization,,,SBD-25-011-NOV,,,,,Realised,,,,,05 Dec 2025,,WR Grace - Spot Buy Procurement Management Services,,,,,
02 Dec 2025,,,,,,,,,W R Grace,,,,"Ongoing, Ongoing",,0,,,2025,,02 Dec 2025,,,,,,09_Sep,,,,,,,,"$13,867.00",60,62,Invoice Raised,Above 60 Days,Spot Buy Process Digitization,,,SBD-25-009-SEPT,,,,,Realised,,,,,02 Oct 2025,,WR Grace - Spot Buy Procurement Management Services,,,,,
03 Jan 2026,,,,,,,,,W R Grace,,,,"Ongoing, Ongoing",,2,,,2025,,05 Jan 2026,,,,,,10_Oct,,,,,,,,"$13,867.00",60,64,Invoice Raised,Above 60 Days,Spot Buy Process Digitization,,,SBD-25-010-OCT,,,,,Realised,,,,,03 Nov 2025,,WR Grace - Spot Buy Procurement Management Services,,,,,
17 Mar 2026,,,,,,,,,W R Grace,,,,"Ongoing, Ongoing",,0,,,2025,,11 Mar 2026,,,,,,12_Dec,,,,,,,,"$13,867.00",60,56,Invoice Raised,Between 46 to 60 Days,Spot Buy Process Digitization,,,SBD-25-012-DEC,,,,,Realised,,,,,15 Jan 2026,,WR Grace - Spot Buy Procurement Management Services,,,,,
13 May 2026,,,,,,,,,W R Grace,,,,,,0,Paid,,2026,,13 May 2026,,,,,,02_Feb,,,,,,,,"$13,867.00",60,62,Invoice Raised,Above 60 Days,Grace Spot Buy and Tail spend Execution and Procurement Management capability Statement of Work for 2026,,,SBD-26-002-FEB,,,,,Realised,,,,,13 Mar 2026,6500158600,WR Grace - Spot Buy Procurement Management Services,,,,,
03 Nov 2025,,,,,,,,,W R Grace,,,,"Ongoing, Ongoing",,1,,,2025,,04 Nov 2025,,,,,,08_Aug,,,,,,,,"$13,867.00",60,63,Invoice Raised,Above 60 Days,Spot Buy Process Digitization,,,SBD-25-008-AUG,,,,,Realised,,,,,03 Sep 2025,,WR Grace - Spot Buy Procurement Management Services,,,,,
11 Jul 2026,,,,,,,,,W R Grace,,,,,,,,,2026,,,,,,,,03_Mar,,,,,,,,"$13,867.00",60,,Invoice Raised,Pending,Grace Spot Buy and Tail spend Execution and Procurement Management capability Statement of Work for 2026,,,SBD-26-003-MAR,,,,,Pending,,,,,11 May 2026,6500158600,WR Grace - Spot Buy Procurement Management Services,,,,,
30 Sep 2025,,,,,,,,,W R Grace,,,,"Ongoing, Ongoing",,0,,,2025,,30 Sep 2025,,,,,,07_Jul,,,,,,,,"$13,867.00",60,62,Invoice Raised,Above 60 Days,Spot Buy Process Digitization,,,SBD-25-007-JUL,,,,,Realised,,,,,31 Jul 2025,,WR Grace - Spot Buy Procurement Management Services,,,,,
14 Apr 2026,,,,,,,,,W R Grace,,,,,,0,,,2026,,14 Apr 2026,,,,,,01_Jan,,,,,,,,"$13,867.00",60,62,Invoice Raised,Above 60 Days,Grace Spot Buy and Tail spend Execution and Procurement Management capability Statement of Work for 2026,,,SBD-26-001-JAN,,,,,Realised,,,,,12 Feb 2026,6500158600,WR Grace - Spot Buy Procurement Management Services,,,,,
13 Apr 2026,,,,,,,,,Weatherford,,,,,,4,,,2026,,17 Apr 2026,,,,,,02_Feb,,,,,,,,"$47,700.00",45,51,Invoice Raised,Between 46 to 60 Days,Managed Services-Weatherford-Amendment 1,,,WEA-26-002-FEB,,,,,Realised,,,,,26 Feb 2026,16992751,Weatherford - Managed Services,,,,,
19 Apr 2025,,,,,,,,,Weatherford,,,,Ongoing,,6,,,2025,,25 Apr 2025,,,,,,02_Feb,,,,,,,,"$63,900.00",45,53,Invoice Raised,Between 46 to 60 Days,Managed Services-Weatherford-Amendment 1,,,WEA-25-002-FEB,,,,,Realised,,,,,04 Mar 2025,,Weatherford - Managed Services,,,,,
18 May 2025,,,,,,,,,Weatherford,,,,Ongoing,,12,,,2025,,30 May 2025,,,,,,03_Mar,,,,,,,,"$63,900.00",45,59,Invoice Raised,Between 46 to 60 Days,Managed Services-Weatherford-Amendment 1,,,WEA-25-003-MAR,,,,,Realised,,,,,02 Apr 2025,,Weatherford - Managed Services,,,,,
01 Aug 2026,,,,,,,,,Weatherford,,,,,,,,,2026,,,,,,,,04_Apr,,,,,,,,"$47,700.00",90,,Invoice Raised,Pending,Managed Services-Weatherford-Amendment 1,,,WEA-26-004-APR,,,,,Pending,,,,,02 May 2026,16992751,Weatherford - Managed Services,,,,,
28 Aug 2026,,,,,,,,,Weatherford,,,,,,,,,2026,,,,,,,,05_May,,,,,,,,"$47,700.00",90,,Invoice Raised,Pending,Managed Services-Weatherford-Amendment 1,,,WEA-26-005-MAY,,,,,Pending,,,,,29 May 2026,16992751,Weatherford - Managed Services,,,,,
19 Aug 2025,,,,,,,,,Weatherford,,,,Ongoing,,3,,,2025,,22 Aug 2025,,,,,,06_Jun,,,,,,,,"$47,700.00",45,50,Invoice Raised,Between 46 to 60 Days,Managed Services-Weatherford-Amendment 1,,,WEA-25-006-JUN,,,,,Realised,,,,,04 Jul 2025,,Weatherford - Managed Services,,,,,
15 Sep 2025,,,,,,,,,Weatherford,,,,Ongoing,,4,,,2025,,19 Sep 2025,,,,,,07_Jul,,,,,,,,"$47,700.00",45,51,Invoice Raised,Between 46 to 60 Days,Managed Services-Weatherford-Amendment 1,,,WEA-25-007-JUL,,,,,Realised,,,,,31 Jul 2025,,Weatherford - Managed Services,,,,,
21 Dec 2025,,,,,,,,,Weatherford,,,,Ongoing,,33,,,2025,,23 Jan 2026,,,,,,10_Oct,,,,,,,,"$47,700.00",45,80,Invoice Raised,Above 60 Days,Managed Services-Weatherford-Amendment 1,,,WEA-25-010-OCT,,,,,Realised,,,,,05 Nov 2025,,Weatherford - Managed Services,,,,,
20 Jun 2025,,,,,,,,,Weatherford,,,,Ongoing,,13,,,2025,,03 Jul 2025,,,,,,04_Apr,,,,,,,,"$63,900.00",45,60,Invoice Raised,Between 46 to 60 Days,Managed Services-Weatherford-Amendment 1,,,WEA-25-004-APR,,,,,Realised,,,,,05 May 2025,,Weatherford - Managed Services,,,,,
14 Jul 2025,,,,,,,,,Weatherford,,,,Ongoing,,11,,,2025,,25 Jul 2025,,,,,,05_May,,,,,,,,"$47,700.00",45,58,Invoice Raised,Between 46 to 60 Days,Managed Services-Weatherford-Amendment 1,,,WEA-25-005-MAY,,,,,Realised,,,,,29 May 2025,,Weatherford - Managed Services,,,,,
12 May 2026,,,,,,,,,Weatherford,,,,,,3,Paid,,2026,,15 May 2026,,,,,,03_Mar,,,,,,,,"$47,700.00",45,50,Invoice Raised,Between 46 to 60 Days,Managed Services-Weatherford-Amendment 1,,,WEA-26-003-MAR,,,,,Realised,,,,,27 Mar 2026,16992751,Weatherford - Managed Services,,,,,
18 Jan 2026,,,,,,,,,Weatherford,,,,Ongoing,,5,,,2025,,23 Jan 2026,,,,,,11_Nov,,,,,,,,"$47,700.00",45,52,Invoice Raised,Between 46 to 60 Days,Managed Services-Weatherford-Amendment 1,,,WEA-25-011-NOV,,,,,Realised,,,,,03 Dec 2025,,Weatherford - Managed Services,,,,,
17 Nov 2025,,,,,,,,,Weatherford,,,,Ongoing,,4,,,2025,,21 Nov 2025,,,,,,09_Sep,,,,,,,,"$47,700.00",45,51,Invoice Raised,Between 46 to 60 Days,Managed Services-Weatherford-Amendment 1,,,WEA-25-009-SEPT,,,,,Realised,,,,,02 Oct 2025,,Weatherford - Managed Services,,,,,
21 Mar 2026,,,,,,,,,Weatherford,,,,,,10,,,2026,,31 Mar 2026,,,,,,01_Jan,,,,,,,,"$47,700.00",45,57,Invoice Raised,Between 46 to 60 Days,Managed Services-Weatherford-Amendment 1,,,WEA-26-001-JAN,,,,,Realised,,,,,03 Feb 2026,16992751,Weatherford - Managed Services,,,,,
20 Oct 2025,,,,,,,,,Weatherford,,,,Ongoing,,4,,,2025,,24 Oct 2025,,,,,,08_Aug,,,,,,,,"$47,700.00",45,51,Invoice Raised,Between 46 to 60 Days,Managed Services-Weatherford-Amendment 1,,,WEA-25-008-AUG,,,,,Realised,,,,,04 Sep 2025,,Weatherford - Managed Services,,,,,
07 Feb 2026,,,,,,,,,Weatherford,,,,Ongoing,,13,,,2025,,20 Feb 2026,,,,,,12_Dec,,,,,,,,"$47,700.00",45,60,Invoice Raised,Between 46 to 60 Days,Managed Services-Weatherford-Amendment 1,,,WEA-25-012-DEC,,,,,Realised,,,,,23 Dec 2025,,Weatherford - Managed Services,,,,,
18 Mar 2025,,,,,,,,,Weatherford,,,,Ongoing,,10,,,2025,,28 Mar 2025,,,,,,01_Jan,,,,,,,,"$63,900.00",45,57,Invoice Raised,Between 46 to 60 Days,Managed Services-Weatherford-Amendment 1,,,WEA-25-001-JAN,,,,,Realised,,,,,31 Jan 2025,,Weatherford - Managed Services,,,,,
04 Aug 2025,,,,,,,,,Worley,,,,Ongoing,,32,,,2025,,05 Sep 2025,,,,,,06_Jun,,,,,,,,"$76,267.00",30,64,Invoice Raised,Above 60 Days,DAC Project POD,,,WOR-DAC-25-004-JUN,,,,,Realised,,,,,04 Jul 2025,,Worley - DAC Project POD,,,,,
06 Mar 2026,,,,,,,,,Worley,,,,,,0,,,2026,,06 Mar 2026,,,,,,01_Jan,,,,,,,,"$5,373.00",30,32,Invoice Raised,Between 31 to 45 Days,CO-1 DAC UIUX Designer SOW,,,WOR-DAC-UIUX-26-01,,,,,Realised,,,,,03 Feb 2026,8000656766,Worley - DAC Project POD,,,,,
29 Jun 2025,,,,,,,,,Worley,,,,Ongoing,,82,,,2025,,19 Sep 2025,,,,,,05_May,,,,,,,,"$76,267.00",30,114,Invoice Raised,Above 60 Days,DAC Project POD,,,WOR-DAC-25-003- MAY,,,,,Realised,,,,,29 May 2025,,Worley - DAC Project POD,,,,,
16 Oct 2025,,,,,,,,,Worley,,,,Ongoing,,36,,,2025,,21 Nov 2025,,,,,,08_Aug,,,,,,,,"$5,720.00",30,68,Invoice Raised,Above 60 Days,DAC UI/UX Designer SOW,,,WOR-DAC-UIUX-25-02,,,,,Realised,,,,,15 Sep 2025,,Worley - DAC Project POD,,,,,
05 Feb 2026,,,,,,,,,Worley,,,,Ongoing,,1,,,2025,,06 Feb 2026,,,,,,12_Dec,,,,,,,,"$48,448.63",30,33,Invoice Raised,Between 31 to 45 Days,DAC Project POD,,,WOR-DAC-25-009-Dec-A,,,,,Realised,,,,,05 Jan 2026,,Worley - DAC Project POD,,,,,
08 May 2026,,,,,,,,,Worley,,,,,,0,Paid,,2026,,08 May 2026,,,,,,03_Mar,,,,,,,,"$5,373.00",30,32,Invoice Raised,Between 31 to 45 Days,CO-1 DAC UIUX Designer SOW,,,WOR-DAC-UIUX-26-03,,,,,Realised,,,,,07 Apr 2026,8000656766,Worley - DAC Project POD,,,,,
23 Apr 2026,,,,,,,,,Worley,,,,,,0,,,2026,,17 Apr 2026,,,,,,02_Feb,,,,,,,,"$56,943.00",30,26,Invoice Raised,Between 16 to 30 Days,CO-1 – DAC Project POD,,,WOR-DAC-26-02-Feb,,,,,Realised,,,,,23 Mar 2026,8000656703,Worley - DAC Project POD,,,,,
16 Oct 2025,,,,,,,,,Worley,,,,Ongoing,,36,,,2025,,21 Nov 2025,,,,,,08_Aug,,,,,,,,"$14,160.00",30,68,Invoice Raised,Above 60 Days,DAC Project POD,,,WOR-DAC-25-005-AUG-B,,,,,Realised,,,,,15 Sep 2025,,Worley - DAC Project POD,,,,,
07 Jun 2026,,,,,,,,,Worley,Paid,,,,,0,,,2026,,05 Jun 2026,,,,,,04_Apr,,,,,,,,"$4,834.00",30,30,Invoice Raised,Between 16 to 30 Days,CO-1 DAC UIUX Designer SOW,,,WOR-DAC-UIUX-26-04,,,,,Realized,,,,,07 May 2026,8000656766,Worley - DAC Project POD,,,,,
,,,,,,,,,Worley,,,,,,,,,2026,,,,,,,,06_June,,,,,,,,"$60,000.00",30,,Pending,Pending,CO-2 Project Delivery Platform POD,,,,,,,,Pending,,,,,,8000656980,Worley - DAC Project POD,,,,,
16 Nov 2025,,,,,,,,,Worley,,,,Ongoing,,5,,,2025,,21 Nov 2025,,,,,,09_Sep,,,,,,,,"$2,720.00",30,37,Invoice Raised,Between 31 to 45 Days,DAC Project POD,,,AA Invoice WOR-DAC-25-006-SEP-B,,,,,Realised,,,,,16 Oct 2025,,Worley - DAC Project POD,,,,,
16 Oct 2025,,,,,,,,,Worley,,,,Ongoing,,36,,,2025,,21 Nov 2025,,,,,,08_Aug,,,,,,,,"$38,119.00",30,68,Invoice Raised,Above 60 Days,DAC Project POD,,,WOR-DAC-25-005-AUG-A,,,,,Realised,,,,,15 Sep 2025,,Worley - DAC Project POD,,,,,
08 May 2026,,,,,,,,,Worley,,,,,,0,Paid,,2026,,08 May 2026,,,,,,03_Mar,,,,,,,,"$57,456.00",30,32,Invoice Raised,Between 31 to 45 Days,CO-1 – DAC Project POD,,,WOR-DAC-26-03-Mar,,,,,Realised,,,,,07 Apr 2026,8000656703,Worley - DAC Project POD,,,,,
16 Jun 2025,,,,,,,,,Worley,,,,Ongoing,,0,,,2025,,30 May 2025,,,,,,04_Apr,,,,,,,,"$76,267.00",30,15,Invoice Raised,Between 1 to 15 Days,DAC Project POD,,,WOR-DAC-25-002- APR,,,,,Realised,,,,,16 May 2025,,Worley - DAC Project POD,,,,,
05 Feb 2026,,,,,,,,,Worley,,,,Ongoing,,1,,,2025,,06 Feb 2026,,,,,,12_Dec,,,,,,,,"$5,373.23",30,33,Invoice Raised,Between 31 to 45 Days,DAC UI/UX Designer SOW,,,WOR-DAC-UIUX-25-06,,,,,Realised,,,,,05 Jan 2026,,Worley - DAC Project POD,,,,,
05 Feb 2026,,,,,,,,,Worley,,,,Ongoing,,1,,,2025,,06 Feb 2026,,,,,,12_Dec,,,,,,,,"$2,720.00",30,33,Invoice Raised,Between 31 to 45 Days,DAC Project POD,,,WOR-DAC-25-009-Dec-B,,,,,Realised,,,,,05 Jan 2026,,Worley - DAC Project POD,,,,,
06 Mar 2026,,,,,,,,,Worley,,,,,,0,,,2026,,06 Mar 2026,,,,,,01_Jan,,,,,,,,"$52,221.00",30,32,Invoice Raised,Between 31 to 45 Days,CO-1 – DAC Project POD,,,WOR-DAC-26-01-Jan,,,,,Realised,,,,,03 Feb 2026,8000656703,Worley - DAC Project POD,,,,,
05 Dec 2025,,,,,,,,,Worley,,,,Ongoing,,0,,,2025,,05 Dec 2025,,,,,,10_Oct,,,,,,,,"$22,298.00",30,32,Invoice Raised,Between 31 to 45 Days,DAC Project POD,,,WOR-DAC-25-007-Oct-A,,,,,Realised,,,,,04 Nov 2025,,Worley - DAC Project POD,,,,,
23 Apr 2026,,,,,,,,,Worley,,,,,,0,,,2026,,17 Apr 2026,,,,,,02_Feb,,,,,,,,"$4,834.00",30,26,Invoice Raised,Between 16 to 30 Days,CO-1 DAC UIUX Designer SOW,,,WOR-DAC-UIUX-26-02,,,,,Realised,,,,,23 Mar 2026,8000656766,Worley - DAC Project POD,,,,,
07 Sep 2025,,,,,,,,,Worley,,,,Ongoing,,40,,,2025,,17 Oct 2025,,,,,,07_Jul,,,,,,,,"$14,160.00",30,72,Invoice Raised,Above 60 Days,DAC Project POD,,,WOR-DAC-25-005-Jul-B,,,,,Realised,,,,,07 Aug 2025,,Worley - DAC Project POD,,,,,
04 Jan 2026,,,,,,,,,Worley,,,,Ongoing,,5,,,2025,,09 Jan 2026,,,,,,11_Nov,,,,,,,,"$5,373.00",30,37,Invoice Raised,Between 31 to 45 Days,DAC UI/UX Designer SOW,,,WOR-DAC-UIUX-25-05,,,,,Realised,,,,,04 Dec 2025,,Worley - DAC Project POD,,,,,
07 Sep 2025,,,,,,,,,Worley,,,,Ongoing,,0,,,2025,,05 Sep 2025,,,,,,07_Jul,,,,,,,,"$3,120.00",30,30,Invoice Raised,Between 16 to 30 Days,DAC UI/UX Designer SOW,,,WOR-DAC-UIUX-25-01,,,,,Realised,,,,,07 Aug 2025,,Worley - DAC Project POD,,,,,
16 Nov 2025,,,,,,,,,Worley,,,,Ongoing,,5,,,2025,,21 Nov 2025,,,,,,09_Sep,,,,,,,,"$25,848.00",30,37,Invoice Raised,Between 31 to 45 Days,DAC Project POD,,,AA Invoice WOR-DAC-25-006-SEP-A,,,,,Realised,,,,,16 Oct 2025,,Worley - DAC Project POD,,,,,
10 Jul 2026,,,,,,,,,Worley,,,,,,,,,2026,,,,,,,,05_May,,,,,,,,"$5,373.00",30,,Invoice Raised,Pending,CO-1 DAC UIUX Designer SOW,,,WOR-DAC-UIUX-26-05,,,,,Pending,,,,,09 Jun 2026,8000656766,Worley - DAC Project POD,,,,,
07 Jun 2026,,,,,,,,,Worley,,,,,,,,,2026,,,,,,,,04_Apr,,,,,,,,"$14,560.00",30,,Invoice Raised,Pending,CO-1 – DAC Project POD,,,WOR-DAC-26-04-B,,,,,Pending,,,,,07 May 2026,8000656703,Worley - DAC Project POD,,,,,
16 Nov 2025,,,,,,,,,Worley,,,,Ongoing,,5,,,2025,,21 Nov 2025,,,,,,09_Sep,,,,,,,,"$5,373.00",30,37,Invoice Raised,Between 31 to 45 Days,DAC UI/UX Designer SOW,,,WOR-DAC-UIUX-25-03,,,,,Realised,,,,,16 Oct 2025,,Worley - DAC Project POD,,,,,
05 Dec 2025,,,,,,,,,Worley,,,,Ongoing,,0,,,2025,,05 Dec 2025,,,,,,10_Oct,,,,,,,,"$4,834.00",30,32,Invoice Raised,Between 31 to 45 Days,DAC UI/UX Designer SOW,,,WOR-DAC-UIUX-25-04,,,,,Realised,,,,,04 Nov 2025,,Worley - DAC Project POD,,,,,
04 Jan 2026,,,,,,,,,Worley,,,,Ongoing,,75,,,2025,,20 Mar 2026,,,,,,11_Nov,,,,,,,,"$2,720.00",30,107,Invoice Raised,Above 60 Days,DAC Project POD,,,WOR-DAC-25-008-Nov-B,,,,,Realised,,,,,04 Dec 2025,,Worley - DAC Project POD,,,,,
07 Sep 2025,,,,,,,,,Worley,,,,Ongoing,,0,,,2025,,05 Sep 2025,,,,,,07_Jul,,,,,,,,"$62,107.00",30,30,Invoice Raised,Between 16 to 30 Days,DAC Project POD,,,WOR-DAC-25-005-Jul-A,,,,,Realised,,,,,07 Aug 2025,,Worley - DAC Project POD,,,,,
10 Jul 2026,,,,,,,,,Worley,,,,,,,,,2026,,,,,,,,05_May,,,,,,,,"$56,647.00",30,,Invoice Raised,Pending,CO-1 – DAC Project POD,,,WOR-DAC-26-05-A,,,,,Pending,,,,,09 Jun 2026,8000656703,Worley - DAC Project POD,,,,,
07 Jun 2026,,,,,,,,,Worley,Paid,,,,,0,,,2026,,05 Jun 2026,,,,,,04_Apr,,,,,,,,"$44,210.00",30,30,Invoice Raised,Between 16 to 30 Days,CO-1 – DAC Project POD,,,WOR-DAC-26-04-A,,,,,Realized,,,,,07 May 2026,8000656703,Worley - DAC Project POD,,,,,
04 Jan 2026,,,,,,,,,Worley,,,,Ongoing,,12,,,2025,,16 Jan 2026,,,,,,11_Nov,,,,,,,,"$38,638.00",30,44,Invoice Raised,Between 31 to 45 Days,DAC Project POD,,,WOR-DAC-25-008-Nov-A,,,,,Realised,,,,,04 Dec 2025,,Worley - DAC Project POD,,,,,
05 May 2025,,,,,,,,,Worley,,,,Ongoing,,25,,,2025,,30 May 2025,,,,,,03_Mar,,,,,,,,"$47,080.00",30,57,Invoice Raised,Between 46 to 60 Days,DAC Project POD,,,WOR-DAC-25-001- MAR,,,,,Realised,,,,,04 Apr 2025,,Worley - DAC Project POD,,,,,
05 Dec 2025,,,,,,,,,Worley,,,,Ongoing,,35,,,2025,,09 Jan 2026,,,,,,10_Oct,,,,,,,,"$2,720.00",30,67,Invoice Raised,Above 60 Days,DAC Project POD,,,WOR-DAC-25-007-Oct-B,,,,,Realised,,,,,04 Nov 2025,,Worley - DAC Project POD,,,,,
03 Mar 2025,,,,,,,,,Worley,,,,Ongoing,,4,,,2025,,07 Mar 2025,,,,,,01_Jan,,,,,,,,"$34,000.00",30,36,Invoice Raised,Between 31 to 45 Days,CO-Nerve Center for Worley,,,WOR-NC-25-01,,,,,Realised,,,,,31 Jan 2025,,Worley - Nerve Center Base Version,,,,,
12 Jul 2025,,,,,,,,,Worley,,,,Ongoing,,0,,,2025,,11 Jul 2025,,,,,,05_May,,,,,,,,"$48,134.00",30,31,Invoice Raised,Between 31 to 45 Days,Project Delivery Platform POD,,,WOR-PDP-25-001- MAY,,,,,Realised,,,,,11 Jun 2025,,Worley - PDP POD,,,,,
30 Nov 2025,,,,,,,,,Worley,,,,Ongoing,,5,,,2025,,05 Dec 2025,,,,,,10_Oct,,,,,,,,"$40,820.00",30,37,Invoice Raised,Between 31 to 45 Days,CO-1 Project Delivery Platform POD,,,WOR-PDP-25-003- Oct,,,,,Realised,,,,,30 Oct 2025,,Worley - PDP POD,,,,,
18 Oct 2025,,,,,,,,,Worley,,,,Ongoing,,32,,,2025,,19 Nov 2025,,,,,,08_Aug,,,,,,,,"$43,540.00",30,64,Invoice Raised,Above 60 Days,CO-1 Project Delivery Platform POD,,,WOR-PDP-25-001- AUG,,,,,Realised,,,,,17 Sep 2025,,Worley - PDP POD,,,,,
15 Aug 2025,,,,,,,,,Worley,,,,Ongoing,,0,,,2025,,15 Aug 2025,,,,,,06_Jun,,,,,,,,"$58,066.00",30,32,Invoice Raised,Between 31 to 45 Days,Project Delivery Platform POD,,,WOR-PDP-25-002- JUN,,,,,Realised,,,,,15 Jul 2025,,Worley - PDP POD,,,,,
04 Sep 2025,,,,,,,,,Worley,,,,Ongoing,,1,,,2025,,05 Sep 2025,,,,,,07_Jul,,,,,,,,"$54,426.00",30,33,Invoice Raised,Between 31 to 45 Days,Project Delivery Platform POD,,,WOR-PDP-25-003- JUL,,,,,Realised,,,,,04 Aug 2025,,Worley - PDP POD,,,,,
17 Nov 2025,,,,,,,,,Worley,,,,Ongoing,,2,,,2025,,19 Nov 2025,,,,,,09_Sep,,,,,,,,"$40,820.00",30,34,Invoice Raised,Between 31 to 45 Days,CO-1 Project Delivery Platform POD,,,WOR-PDP-25-002- Sep,,,,,Realised,,,,,17 Oct 2025,,Worley - PDP POD,,,,,
05 May 2025,,,,,,,,,Worley,,,,Completed,,0,,,2025,,02 May 2025,,,,,,03_Mar,,,,,,,,"$12,653.00",30,29,Invoice Raised,Between 16 to 30 Days,Project Delivery Platform Managed Services,,,WOR-PDP-25-001- MAR,,,,,Realised,,,,,04 Apr 2025,,Worley - Project Delivery Platform Managed Services,,,,,
04 Apr 2025,,,,,,,,,Worley,,,,Ongoing,,0,,,2025,,04 Apr 2025,,,,,,02_Feb,,,,,,,,"$12,480.00",30,32,Invoice Raised,Between 31 to 45 Days,Cost Optimization,,,WOR-IT-CO-25-002- FEB,,,,,Realised,,,,,04 Mar 2025,,Worley PCOE - IT Contract Renewal Cost Optimization,,,,,
14 Mar 2026,,,,,,,,,Worley,,,,,,2,,,2026,,16 Mar 2026,,,,,,01_Jan,,,,,,,,"$5,440.00",30,34,Invoice Raised,Between 31 to 45 Days,CO-4 Cost Optimization,,,WOR-IT-CO-26-01-Jan,,,,,Realised,,,,,11 Feb 2026,8000656760,Worley PCOE - IT Contract Renewal Cost Optimization,,,,,
05 Jul 2026,,,,,,,,,Worley,,,,,,,,,2026,,,,,,,,05_May,,,,,,,,"$4,080.00",30,,Invoice Raised,Pending,CO-5 Cost Optimization,,,WOR-IT-CO-26-05-May,,,,,Pending,,,,,04 Jun 2026,8000656916,Worley PCOE - IT Contract Renewal Cost Optimization,,,,,
04 Jul 2025,,,,,,,,,Worley,,,,Ongoing,,126,,,2025,,07 Nov 2025,,,,,,05_May,,,,,,,,"$17,920.00",30,158,Invoice Raised,Above 60 Days,CO-1 Cost Optimization,,,WOR-IT-CO-25-005- MAY,,,,,Realised,,,,,03 Jun 2025,,Worley PCOE - IT Contract Renewal Cost Optimization,,,,,
01 Nov 2025,,,,,,,,,Worley,,,,Ongoing,,41,,,2025,,12 Dec 2025,,,,,,09_Sep,,,,,,,,"$17,920.00",30,73,Invoice Raised,Above 60 Days,CO-2 Cost Optimization,,,WOR-IT-CO-25-009-Sep,,,,,Realised,,,,,01 Oct 2025,,Worley PCOE - IT Contract Renewal Cost Optimization,,,,,
24 Jan 2026,,,,,,,,,Worley,,,,Ongoing,,0,,,2025,,23 Jan 2026,,,,,,12_Dec,,,,,,,,"$12,480.00",30,31,Invoice Raised,Between 31 to 45 Days,CO-3 Cost Optimization,,,WOR-IT-CO-25-012-Dec,,,,,Realised,,,,,24 Dec 2025,,Worley PCOE - IT Contract Renewal Cost Optimization,,,,,
02 Apr 2026,,,,,,,,,Worley,,,,,,1,,,2026,,03 Apr 2026,,,,,,02_Feb,,,,,,,,"$5,440.00",30,33,Invoice Raised,Between 31 to 45 Days,CO-4 Cost Optimization,,,WOR-IT-CO-26-02-Feb,,,,,Realised,,,,,02 Mar 2026,8000656760,Worley PCOE - IT Contract Renewal Cost Optimization,,,,,
01 Nov 2025,,,,,,,,,Worley,,,,Ongoing,,41,,,2025,,12 Dec 2025,,,,,,08_Aug,,,,,,,,"$17,920.00",30,73,Invoice Raised,Above 60 Days,CO-2 Cost Optimization,,,WOR-IT-CO-25-008-AUG,,,,,Realised,,,,,01 Oct 2025,,Worley PCOE - IT Contract Renewal Cost Optimization,,,,,
19 Sep 2025,,,,,,,,,Worley,,,,Ongoing,,91,,,2025,,19 Dec 2025,,,,,,06_Jun,,,,,,,,"$17,920.00",30,123,Invoice Raised,Above 60 Days,CO-1 Cost Optimization,,,WOR-IT-CO-25-006-Jun,,,,,Realised,,,,,19 Aug 2025,,Worley PCOE - IT Contract Renewal Cost Optimization,,,,,
03 Mar 2025,,,,,,,,,Worley,,,,Ongoing,,4,,,2025,,07 Mar 2025,,,,,,01_Jan,,,,,,,,"$12,480.00",30,36,Invoice Raised,Between 31 to 45 Days,Cost Optimization,,,WOR-IT-CO-25-001- JAN,,,,,Realised,,,,,31 Jan 2025,,Worley PCOE - IT Contract Renewal Cost Optimization,,,,,
30 May 2026,,,,,,,,,Worley,Paid,,,,,0,,,2026,,29 May 2026,,,,,,04_Apr,,,,,,,,"$5,440.00",30,31,Invoice Raised,Between 31 to 45 Days,CO-5 Cost Optimization,,,WOR-IT-CO-26-04-Apr,,,,,Realised,,,,,29 Apr 2026,8000656916,Worley PCOE - IT Contract Renewal Cost Optimization,,,,,
05 May 2025,,,,,,,,,Worley,,,,Ongoing,,25,,,2025,,30 May 2025,,,,,,03_Mar,,,,,,,,"$6,240.00",30,57,Invoice Raised,Between 46 to 60 Days,Cost Optimization,,,WOR-IT-CO-25-003- MAR1,,,,,Realised,,,,,04 Apr 2025,,Worley PCOE - IT Contract Renewal Cost Optimization,,,,,
05 May 2025,,,,,,,,,Worley,,,,Ongoing,,25,,,2025,,30 May 2025,,,,,,03_Mar,,,,,,,,"$11,680.00",30,57,Invoice Raised,Between 46 to 60 Days,CO-1 Cost Optimization,,,WOR-IT-CO-25-003- MAR2,,,,,Realised,,,,,04 Apr 2025,,Worley PCOE - IT Contract Renewal Cost Optimization,,,,,
19 Sep 2025,,,,,,,,,Worley,,,,Ongoing,,84,,,2025,,12 Dec 2025,,,,,,07_Jul,,,,,,,,"$17,920.00",30,116,Invoice Raised,Above 60 Days,CO-2 Cost Optimization,,,WOR-IT-CO-25-007-Jul,,,,,Realised,,,,,19 Aug 2025,,Worley PCOE - IT Contract Renewal Cost Optimization,,,,,
20 Jun 2025,,,,,,,,,Worley,,,,Ongoing,,140,,,2025,,07 Nov 2025,,,,,,04_Apr,,,,,,,,"$17,920.00",30,172,Invoice Raised,Above 60 Days,CO-1 Cost Optimization,,,WOR-IT-CO-25-004- APR,,,,,Realised,,,,,20 May 2025,,Worley PCOE - IT Contract Renewal Cost Optimization,,,,,
03 Jan 2026,,,,,,,,,Worley,,,,Ongoing,,6,,,2025,,09 Jan 2026,,,,,,11_Nov,,,,,,,,"$11,776.00",30,38,Invoice Raised,Between 31 to 45 Days,CO-3 Cost Optimization,,,WOR-IT-CO-25-011-Nov,,,,,Realised,,,,,03 Dec 2025,,Worley PCOE - IT Contract Renewal Cost Optimization,,,,,
01 May 2026,,,,,,,,,Worley,,,,,,0,Paid,,2026,,01 May 2026,,,,,,03_Mar,,,,,,,,"$5,440.00",30,32,Invoice Raised,Between 31 to 45 Days,CO-4 Cost Optimization,,,WOR-IT-CO-26-03-Mar,,,,,Realised,,,,,31 Mar 2026,8000656760,Worley PCOE - IT Contract Renewal Cost Optimization,,,,,
05 May 2025,,,,,,,,,Worley,,,,Ongoing,,25,,,2025,,30 May 2025,,,,,,02_Feb,,,,,,,,"$5,440.00",30,57,Invoice Raised,Between 46 to 60 Days,CO-1 Cost Optimization,,,WOR-IT-CO-25-003- MAR2,,,,,Realised,,,,,04 Apr 2025,,Worley PCOE - IT Contract Renewal Cost Optimization,,,,,
01 Dec 2025,,,,,,,,,Worley,,,,Ongoing,,18,,,2025,,19 Dec 2025,,,,,,10_Oct,,,,,,,,"-$8,032.00",30,50,Invoice Raised,Between 46 to 60 Days,CO-2 Cost Optimization,,,WOR-IT-CO-25-CN-01,,,,,Realised,,,,,31 Oct 2025,,Worley PCOE - IT Contract Renewal Cost Optimization,,,,,
03 Jan 2026,,,,,,,,,Worley,,,,Ongoing,,6,,,2025,,09 Jan 2026,,,,,,10_Oct,,,,,,,,"$9,632.00",30,38,Invoice Raised,Between 31 to 45 Days,CO-3 Cost Optimization,,,WOR-IT-CO-25-010-Oct,,,,,Realised,,,,,03 Dec 2025,,Worley PCOE - IT Contract Renewal Cost Optimization,,,,,
30 Apr 2026,,,,,,,,,iStore,,,,,,0,,,2026,,31 Mar 2026,,,,,,03_Mar,,,,,,,,"$6,800.00",30,2,Invoice Raised,Between 1 to 15 Days,IT Services - I Store,,,IS-26-03,,,,,Realised,,,,,30 Mar 2026,NA,iStore,,,,,
30 May 2025,,,,,,,,,iStore,,,,Ongoing,,0,,,2025,,29 Apr 2025,,,,,,04_Apr,,,,,,,,"$11,200.00",30,1,Invoice Raised,Between 1 to 15 Days,IT Services - I Store,,,IS-25-04,,,,,Realised,,,,,29 Apr 2025,,iStore,,,,,
05 Mar 2026,,,,,,,,,iStore,,,,,,0,,,2026,,05 Feb 2026,,,,,,01_Jan,,,,,,,,"$6,800.00",30,4,Invoice Raised,Between 1 to 15 Days,IT Services - I Store,,,IS-26-01,,,,,Realised,,,,,02 Feb 2026,NA,iStore,,,,,
31 Jul 2025,,,,,,,,,iStore,,,,Ongoing,,0,,,2025,,01 Jul 2025,,,,,,06_Jun,,,,,,,,"$11,200.00",30,2,Invoice Raised,Between 1 to 15 Days,IT Services - I Store,,,IS-25-06,,,,,Realised,,,,,30 Jun 2025,,iStore,,,,,
26 Oct 2025,,,,,,,,,iStore,,,,Ongoing,,0,,,2025,,02 Oct 2025,,,,,,09_Sep,,,,,,,,"$6,800.00",30,8,Invoice Raised,Between 1 to 15 Days,IT Services - I Store,,,IS-25-09,,,,,Realised,,,,,25 Sep 2025,,iStore,,,,,
28 Jun 2026,,,,,,,,,iStore,Paid,,,,,0,,,2026,,29 May 2026,,,,,,05_May,,,,,,,,"$6,800.00",30,2,Invoice Raised,Between 1 to 15 Days,IT Services - I Store,,,IS-26-05,,,,,Realised,,,,,28 May 2026,NA,iStore,,,,,
01 Mar 2025,,,,,,,,,iStore,,,,Ongoing,,0,,,2025,,30 Jan 2025,,,,,,01_Jan,,,,,,,,"$11,200.00",30,2,Invoice Raised,Between 1 to 15 Days,IT Services - I Store,,,IS-25-01,,,,,Realised,,,,,29 Jan 2025,,iStore,,,,,
29 Sep 2025,,,,,,,,,iStore,,,,Ongoing,,0,,,2025,,02 Sep 2025,,,,,,08_Aug,,,,,,,,"$11,200.00",30,5,Invoice Raised,Between 1 to 15 Days,IT Services - I Store,,,IS-25-08,,,,,Realised,,,,,29 Aug 2025,,iStore,,,,,
02 Apr 2026,,,,,,,,,iStore,,,,,,0,,,2026,,17 Mar 2026,,,,,,02_Feb,,,,,,,,"$6,800.00",30,16,Invoice Raised,Between 16 to 30 Days,IT Services - I Store,,,IS-26-02,,,,,Realised,,,,,02 Mar 2026,NA,iStore,,,,,
28 May 2026,,,,,,,,,iStore,,,,,,0,,,2026,,28 Apr 2026,,,,,,04_Apr,,,,,,,,"$6,800.00",30,2,Invoice Raised,Between 1 to 15 Days,IT Services - I Store,,,IS-26-04,,,,,Realised,,,,,27 Apr 2026,NA,iStore,,,,,
28 Aug 2025,,,,,,,,,iStore,,,,Ongoing,,0,,,2025,,04 Aug 2025,,,,,,07_Jul,,,,,,,,"$11,200.00",30,8,Invoice Raised,Between 1 to 15 Days,IT Services - I Store,,,IS-25-07,,,,,Realised,,,,,28 Jul 2025,,iStore,,,,,
01 Dec 2025,,,,,,,,,iStore,,,,Ongoing,,0,,,2025,,04 Nov 2025,,,,,,10_Oct,,,,,,,,"$6,800.00",30,5,Invoice Raised,Between 1 to 15 Days,IT Services - I Store,,,IS-25-10,,,,,Realised,,,,,31 Oct 2025,,iStore,,,,,
07 Feb 2026,,,,,,,,,iStore,,,,Ongoing,,0,,,2025,,12 Jan 2026,,,,,,12_Dec,,,,,,,,"$6,800.00",30,6,Invoice Raised,Between 1 to 15 Days,IT Services - I Store,,,IS-25-12,,,,,Realised,,,,,07 Jan 2026,,iStore,,,,,
27 Apr 2025,,,,,,,,,iStore,,,,Ongoing,,0,,,2025,,28 Mar 2025,,,,,,03_Mar,,,,,,,,"$11,200.00",30,2,Invoice Raised,Between 1 to 15 Days,IT Services - I Store,,,IS-25-03,,,,,Realised,,,,,27 Mar 2025,,iStore,,,,,
26 Dec 2025,,,,,,,,,iStore,,,,Ongoing,,0,,,2025,,02 Dec 2025,,,,,,11_Nov,,,,,,,,"$6,800.00",30,8,Invoice Raised,Between 1 to 15 Days,IT Services - I Store,,,IS-25-11,,,,,Realised,,,,,25 Nov 2025,,iStore,,,,,
31 Mar 2025,,,,,,,,,iStore,,,,Ongoing,,0,,,2025,,04 Mar 2025,,,,,,02_Feb,,,,,,,,"$11,200.00",30,5,Invoice Raised,Between 1 to 15 Days,IT Services - I Store,,,IS-25-02,,,,,Realised,,,,,28 Feb 2025,,iStore,,,,,
28 Jun 2025,,,,,,,,,iStore,,,,Ongoing,,0,,,2025,,29 May 2025,,,,,,05_May,,,,,,,,"$11,200.00",30,2,Invoice Raised,Between 1 to 15 Days,IT Services - I Store,,,IS-25-05,,,,,Realised,,,,,28 May 2025,,iStore,,,,,
