Sub Project,Zoho Record ID,LYB Type,Billing,Project Start Date,Remarks,Project Status,Added Time,Client Master,Added User,SOW End Date,Old Project Name,Has Paid Leave,SOW Name,Project Name,Managed Services / Staff Org,Yearly Hours,Modified Time,Project Lead,SOW Start Date,Modified User,Delivery Manager,Invoice Approver,Per Day Hours,Cost Center,Project End Date,ID,Internal Audit,Project Type
,4843098000000688303,N/A,Billable,01-Mar-2025 12:00:00,,Ongoing,21-Aug-2025 12:49:29,4843098000000688167,pmoappusers_alignedautoma,31-Jan-2028 ,,,Workforce Operations Modernization,Dell - WFO (Workforce Operations Modernization),Managed Services,,13-May-2026 10:52:03,Amit Daudkhane,01-Mar-2025 ,zohouser.pmo1_alignedauto,Ankit Garg,,,7451-8874-735284,31-Jan-2028 12:00:00,4843098000000688303,,
Dell - WFO Scheduling & RTA,,N/A,For Allocation,01-Mar-2025 12:00:00,,Ongoing,21-Aug-2025 12:49:29,4843098000000688167,pmoappusers_alignedautoma,,,,Workforce Operations Modernization,Dell - WFO (Workforce Operations Modernization),Managed Services,,13-May-2026 10:52:04,Amit Daudkhane,,zohouser.pmo1_alignedauto,Ankit Garg,,,7451-8874-735284,31-Jan-2028 12:00:00,4843098000000688323,,
Dell - WFO Modernisation,,N/A,For Allocation,01-Mar-2025 12:00:00,,Ongoing,21-Aug-2025 12:49:29,4843098000000688167,pmoappusers_alignedautoma,,,,Workforce Operations Modernization,Dell - WFO (Workforce Operations Modernization),Managed Services,,13-May-2026 10:52:03,Amit Daudkhane,,zohouser.pmo1_alignedauto,Ankit Garg,,,7451-8874-735284,31-Jan-2028 12:00:00,4843098000000688307,,
Dell - WFO Planning,,N/A,For Allocation,01-Mar-2025 12:00:00,,Ongoing,21-Aug-2025 12:49:29,4843098000000688167,pmoappusers_alignedautoma,,,,Workforce Operations Modernization,Dell - WFO (Workforce Operations Modernization),Managed Services,,13-May-2026 10:52:04,Amit Daudkhane,,zohouser.pmo1_alignedauto,Ankit Garg,,,7451-8874-735284,31-Jan-2028 12:00:00,4843098000000688315,,
,4843098000000701195,IT & Digital COE,Billable,19-May-2025 12:00:00,,Completed,21-Aug-2025 12:49:31,4843098000000688163,pmoappusers_alignedautoma,30-May-2025 ,,,Track & Trace Platform Project-2025,LYB - Track & Trace Platform Project,Staff Org,,26-May-2026 04:22:11,Sapan Dighe,19-May-2025 ,pmo_alignedautomation,Sarang Kulkarni,,,,30-May-2025 12:00:00,4843098000000701195,,
,4843098000002199150,,Billable,01-Jan-2026 05:18:06,,Ongoing,11-Feb-2026 04:01:36,4843098000000688171,zohouser.pmo1_alignedauto,31-Dec-2026 ,,,Thought Leader Engagement – Support Services,Eli Lilly - Thought Leader Engagement - Support Services,Managed Services,,22-Apr-2026 04:21:49,Vikram Nahata,01-Jan-2026 ,zohouser.pmo1_alignedauto,Ashwani Tiwary,,,,31-Dec-2026 05:18:09,4843098000002199150,Yet to be Scheduled,
,4843098000002760028,N/A,Billable,01-Jan-2025 12:00:00,Grace Procurement Tactical Buyer Services Statement of Work (SoW),Completed,17-Apr-2026 05:14:50,4843098000000688187,zohouser.pmo1_alignedauto,30-Apr-2025 ,,No,Tactical Buyer Services-2025 | Change Order - Grace Procurement Tactical Buyer Services,WR Grace - Procurement Tactical Buyers,Managed Services,2080,22-Apr-2026 02:10:40,Ujjwal Joshi,01-Feb-2025 ,pmo_alignedautomation,Gaurav Gulati,4843098000000697055,8,,31-Dec-2025 12:00:00,4843098000002760028,Done,Functional
,4843098000002791005,N/A,Billable,01-Jan-2025 12:00:00,Grace Procurement Tactical Buyer Services Statement of Work (SoW),Completed,22-Apr-2026 01:13:16,4843098000000688187,pmo_alignedautomation,30-Jun-2025 ,,No,Tactical Buyer Services-2025 | CO-5 - Grace Procurement Tactical Buyer Services,WR Grace - Procurement Tactical Buyers,Managed Services,2080,22-Apr-2026 02:10:40,Ujjwal Joshi,01-May-2025 ,pmo_alignedautomation,Gaurav Gulati,4843098000000697055,8,,31-Dec-2025 12:00:00,4843098000002791005,Done,Functional
,4843098000002791008,N/A,Billable,01-Jan-2025 12:00:00,Grace Procurement Tactical Buyer Services Statement of Work (SoW),Completed,22-Apr-2026 01:37:42,4843098000000688187,pmo_alignedautomation,31-Dec-2025 ,,No,Tactical Buyer Services-2025,WR Grace - Procurement Tactical Buyers,Managed Services,2080,22-Apr-2026 02:10:40,Ujjwal Joshi,01-Jul-2025 ,pmo_alignedautomation,Gaurav Gulati,4843098000000697055,8,,31-Dec-2025 12:00:00,4843098000002791008,Done,Functional
,4843098000002791002,N/A,Billable,01-Jan-2025 12:00:00,Grace Procurement Tactical Buyer Services Statement of Work (SoW),Completed,22-Apr-2026 01:07:19,4843098000000688187,pmo_alignedautomation,31-Jan-2025 ,,No,Tactical Buyer Services-2025,WR Grace - Procurement Tactical Buyers,Managed Services,2080,22-Apr-2026 02:10:40,Ujjwal Joshi,01-Jan-2025 ,pmo_alignedautomation,Gaurav Gulati,4843098000000697055,8,,31-Dec-2025 12:00:00,4843098000002791002,Done,Functional
,4843098000002199180,IT & Digital COE,Billable,22-Jul-2024 12:00:00,,Completed,11-Feb-2026 04:32:23,4843098000000688163,zohouser.pmo1_alignedauto,30-Apr-2026 ,,Yes,Sustainability Certification for Renewable Feedstocks – Statement of Work for 2026,LYB - Full Stack Development,Staff Org,2160,14-May-2026 01:48:35,Sapan Dighe,01-Jan-2026 ,pmo_alignedautomation,Sarang Kulkarni,4843098000000697183,9,,30-Apr-2026 12:00:00,4843098000002199180,,Development
,4843098000002918026,IT & Digital COE,Billable,01-May-2026 12:00:00,,Ongoing,14-May-2026 01:48:22,4843098000000688163,pmo_alignedautomation,30-Apr-2026 ,,Yes,Sustainability Certification for Renewable Feedstocks – CO1 - 2026,LYB - Full Stack Development,Staff Org,2160,14-May-2026 01:49:27,Sapan Dighe,01-Jan-2026 ,pmo_alignedautomation,Sarang Kulkarni,4843098000000697183,9,,30-Jun-2026 12:00:00,4843098000002918026,,Development
,4843098000000798059,,Billable,01-Sep-2025 12:00:00,,Completed,04-Sep-2025 12:52:26,4843098000000688171,pmoappusers_alignedautoma,31-Mar-2026 ,,,Supply Chain Analytics Dashboard Development,Eli Lilly - Supply Chain Analytics Project - AA,Managed Services,,12-May-2026 11:31:58,Gaurish Sathe,01-Sep-2025 ,pmo_alignedautomation,Ashwani Tiwary,,,,31-Dec-2025 12:00:00,4843098000000798059,,
,4843098000002468074,,Billable,02-Mar-2026 05:57:05,,Ongoing,05-Mar-2026 05:58:50,4843098000000688171,zohouser.pmo1_alignedauto,31-Dec-2026 ,,,Staff Augmentation – Infrastructure Support Analyst,Eli Lilly - Staff Augmentation - Infra Support Analyst - AA,Staff Org,,16-Apr-2026 12:35:51,Gaurish Sathe,02-Mar-2026 ,zohouser.pmo1_alignedauto,Ashwani Tiwary,,,,31-Dec-2026 05:57:08,4843098000002468074,Yet to be Scheduled,
,4843098000000701451,N/A,Billable,13-Jan-2025 12:00:00,,Completed,21-Aug-2025 12:49:32,4843098000000688187,pmoappusers_alignedautoma,31-Dec-2025 ,,,Spot Buy Process Digitization,WR Grace - Spot Buy Process Digitization,Managed Services,,17-Apr-2026 05:05:05,Rajdeep Haloi,01-Jan-2025 ,zohouser.pmo1_alignedauto,Sarang Kulkarni,,,,13-Jun-2025 12:00:00,4843098000000701451,Done,COE
,4843098000002760031,N/A,Billable,01-Jan-2025 12:00:00,,Completed,17-Apr-2026 05:25:56,4843098000000688187,zohouser.pmo1_alignedauto,31-Dec-2025 ,,No,Spot Buy Process Digitization,WR Grace - Spot Buy Procurement Management Services,Managed Services,2080,17-Apr-2026 05:26:32,Ujjwal Joshi,01-Jan-2025 ,zohouser.pmo1_alignedauto,Gaurav Gulati,4843098000000697055,8,,31-Dec-2025 12:00:00,4843098000002760031,Done,COE
,4843098000000688467,N/A,Billable,31-Jul-2022 12:00:00,,Ongoing,21-Aug-2025 12:49:30,4843098000000688167,pmoappusers_alignedautoma,31-Jan-2027 ,Dell - GPE,,Services Digitalization Enablement FY27,Dell - GPE: Process Mining,Managed Services,,13-May-2026 10:55:17,Neerav Saxena,01-Feb-2026 ,zohouser.pmo1_alignedauto,Swapnil Bhong,,,1001-2450-747024,31-Jan-2027 12:00:00,4843098000000688467,Yet to be Scheduled,
,4843098000002645002,N/A,Billable,31-Jul-2022 12:00:00,,Completed,01-Apr-2026 12:57:26,4843098000000688167,pmo_alignedautomation,31-Jan-2026 ,,,Services Digitalization Enablement FY26,Dell - GPE: Process Mining,Managed Services,,01-Apr-2026 01:00:42,Neerav Saxena,01-Feb-2025 ,pmo_alignedautomation,Swapnil Bhong,,,,31-Jan-2026 12:00:00,4843098000002645002,Yet to be Scheduled,
,4843098000000688823,N/A,Billable,31-Jul-2022 12:00:00,,Completed,21-Aug-2025 12:49:31,4843098000000688167,pmoappusers_alignedautoma,,,,Services Digitalization Enablement FY25,Dell - GPE,Managed Services,,01-Apr-2026 12:58:53,Neerav Saxena,,pmo_alignedautomation,Swapnil Bhong,,,,31-Jan-2025 12:00:00,4843098000000688823,Yet to be Scheduled,
,4843098000002750028,N/A,Billable,01-Apr-2025 12:00:00,,Completed,15-Apr-2026 03:15:49,4843098000000688199,zohouser.pmo1_alignedauto,31-Dec-2025 ,,,"Service Change Order Number: 01Nordson – AMS Pilot for ServiceNow, NeoCase and AgilePoint",Nordson - AMS,Staff Org,,20-Apr-2026 05:16:28,Sarvesh Kulkarni,01-Oct-2025 ,zohouser.pmo1_alignedauto,Sarang Kulkarni,4843098000000696943,,,31-Dec-2025 12:00:00,4843098000002750028,,
,4843098000002523023,,Billable,06-Feb-2026 05:01:48,,Completed,10-Mar-2026 05:07:57,4843098000000688171,pmo_alignedautomation,31-Jul-2026 ,,,SAP Logistics Systems Analyst,Eli Lilly - SAP Logistics Systems Analyst - AA,Staff Org,,05-Jun-2026 01:58:27,Gaurish Sathe,06-Feb-2026 ,pmo_alignedautomation,Gaurish Sathe,4843098000000697131,8,,30-Apr-2026 05:02:41,4843098000002523023,Yet to be Scheduled,Technology - TSS
,4843098000000688639,IT & Digital COE,Billable,01-Jan-2025 12:00:00,,Completed,21-Aug-2025 12:49:30,4843098000000688163,pmoappusers_alignedautoma,31-Dec-2025 ,,,S2P Development and Support POD-2025,LYB - S2P Development and Support POD,Staff Org,,15-Apr-2026 05:54:29,Sapan Dighe,01-Jan-2025 ,pmo_alignedautomation,Sapan Dighe,,,,30-Sep-2025 12:00:00,4843098000000688639,,
,4843098000002918033,IT & Digital COE,Billable,01-Mar-2026 05:33:47,,Completed,14-May-2026 03:06:02,4843098000000688163,pmo_alignedautomation,05-Jun-2026 ,,Yes,Project Elephant - DQP Resources – Statement of Work for 2026 | Project Elephant - DQP Resources – Close Out SOW,LYB - DQP Resources - Project Elephant,Staff Org,2160,14-May-2026 03:12:58,,07-Jan-2026 ,pmo_alignedautomation,Sapan Dighe,4843098000000697183,9,,30-Apr-2026 05:34:45,4843098000002918033,Yet to be Scheduled,Technology - DS
,4843098000002027003,IT & Digital COE,Billable,07-Jan-2026 05:33:47,,Completed,15-Jan-2026 05:35:33,4843098000000688163,pmo_alignedautomation,22-Apr-2026 ,,Yes,Project Elephant - DQP Resources – Statement of Work for 2026,LYB - DQP Resources - Project Elephant,Staff Org,2160,14-May-2026 03:12:10,,07-Jan-2026 ,pmo_alignedautomation,Sapan Dighe,4843098000000697183,9,,28-Feb-2026 05:34:45,4843098000002027003,Yet to be Scheduled,Technology - DS
,4843098000002918031,IT & Digital COE,Billable,01-May-2026 05:33:47,,Ongoing,14-May-2026 03:02:13,4843098000000688163,pmo_alignedautomation,05-Jun-2026 ,,Yes,Project Elephant - DQP Resources – Close Out SOW,LYB - DQP Resources - Project Elephant,Staff Org,2160,14-May-2026 03:13:32,,16-Mar-2026 ,pmo_alignedautomation,Sapan Dighe,4843098000000697183,9,,05-Jun-2026 05:34:45,4843098000002918031,Yet to be Scheduled,Technology - DS
,4843098000002750003,Nerve Center,Billable,24-Apr-2025 12:00:00,,Completed,14-Apr-2026 06:08:14,4843098000000688195,zohouser.pmo1_alignedauto,30-Jul-2025 ,,,Project Delivery Platform POD,Worley - PDP POD,Managed Services,,17-Apr-2026 06:34:22,Sameer Mujawar,24-Apr-2025 ,zohouser.pmo1_alignedauto,Sarang Kulkarni,,,,30-Jul-2025 12:00:00,4843098000002750003,,
,4843098000000701479,Nerve Center,Billable,17-Feb-2025 12:00:00,,Completed,21-Aug-2025 12:49:32,4843098000000688195,pmoappusers_alignedautoma,14-Mar-2025 ,,,Project Delivery Platform Managed Services,Worley - Project Delivery Platform Managed Services,Managed Services,,17-Apr-2026 06:36:27,Sameer Mujawar,17-Feb-2025 ,zohouser.pmo1_alignedauto,Sarang Kulkarni,,,,14-Mar-2025 12:00:00,4843098000000701479,,
,4843098000000688707,N/A,Billable,01-Jan-2025 12:00:00,Grace Procurement Tactical Buyer Services Statement of Work (SoW),Completed,21-Aug-2025 12:49:30,4843098000000688187,pmoappusers_alignedautoma,28-Feb-2026 ,,No,Procurement Tactical Buyer Statement of Work for 2026,WR Grace - Procurement Tactical Buyers,Managed Services,2080,22-Apr-2026 02:05:11,Ujjwal Joshi,01-Jan-2026 ,pmo_alignedautomation,Gaurav Gulati,4843098000000697055,8,,28-Feb-2026 12:00:00,4843098000000688707,Done,Functional
,4843098000002199223,Procurement COE,Billable,03-Aug-2020 12:00:00,,Ongoing,11-Feb-2026 06:49:26,4843098000000688163,zohouser.pmo1_alignedauto,19-Jan-2027 ,,No,Procurement Operations Center of Excellence (COE) Capability,LYB- India COE Analyst Pool,Managed Services,2080,14-Apr-2026 03:56:36,Ujjwal Joshi,20-Jan-2026 ,pmo_alignedautomation,Gaurav Gulati,4843098000000697079,8,,19-Jan-2027 12:00:00,4843098000002199223,Done,Functional
,4843098000002199243,Procurement COE,Billable,20-Jan-2022 12:00:00,,Ongoing,11-Feb-2026 06:54:50,4843098000000688163,zohouser.pmo1_alignedauto,19-Jan-2027 ,,No,Procurement Operations Center of Excellence (COE) Capability,LYB - India COE Category Pool,Managed Services,2080,14-Apr-2026 03:56:44,Gaurav Gulati,20-Jan-2026 ,pmo_alignedautomation,Gaurav Gulati,4843098000000697079,8,,19-Jan-2027 12:00:00,4843098000002199243,Done,Functional
,4843098000002547003,Procurement COE,Billable,01-Mar-2026 12:21:17,,Ongoing,12-Mar-2026 12:34:38,4843098000000688163,pmo_alignedautomation,23-Feb-2027 ,,Yes,Proc CoE for Aquita-CO-2,LYB - Aquita PCOE,Managed Services,2080,26-May-2026 07:31:12,Nishant Kumar,24-Feb-2026 ,pmo_alignedautomation,Gaurav Gulati,4843098000000697079,8,,24-Feb-2027 12:33:25,4843098000002547003,Yet to be Scheduled,COE
,4843098000002026023,,Billable,01-Jan-2026 05:28:07,,Ongoing,15-Jan-2026 05:28:25,4843098000000688171,zohouser.pmo1_alignedauto,31-Dec-2026 ,,,PowerBI Custom Visual Development- Support and Enhancement,Eli Lilly - PowerBI Custom Visual - Support & Enhancement,Managed Services,,28-Apr-2026 03:25:59,Vikram Nahata,01-Jan-2026 ,pmo_alignedautomation,Ashwani Tiwary,,,,31-Dec-2026 05:28:10,4843098000002026023,Yet to be Scheduled,
,4843098000002790016,N/A,Billable,05-May-2025 12:00:00,,Completed,22-Apr-2026 03:58:57,4843098000000688171,zohouser.pmo1_alignedauto,31-Dec-2025 ,,,PowerBI Custom Visual Development- Phase 4,Eli Lilly - PowerBI Custom Visual Development- Phase 4,Managed Services,,22-Apr-2026 04:00:52,Vikram Nahata,01-Oct-2025 ,zohouser.pmo1_alignedauto,Ashwani Tiwary,,,,31-Dec-2025 12:00:00,4843098000002790016,,
,4843098000000688495,N/A,Billable,05-May-2025 12:00:00,,Completed,21-Aug-2025 12:49:30,4843098000000688171,pmoappusers_alignedautoma,30-Sep-2025 ,,,PowerBI Custom Visual Development- Phase 2 and Phase 3 | PowerBI Custom Visual Development- Phase 4,Eli Lilly - PowerBI Custom Visual Development- Phase 4,Managed Services,,22-Apr-2026 04:06:26,Vikram Nahata,05-May-2025 ,zohouser.pmo1_alignedauto,Ashwani Tiwary,,,,30-Sep-2025 12:00:00,4843098000000688495,,
,4843098000000701047,N/A,Billable,20-Jan-2025 12:00:00,,Completed,21-Aug-2025 12:49:31,4843098000000688171,pmoappusers_alignedautoma,22-Apr-2025 ,,,PowerBI Custom Visual Development- Phase 2 and Phase 3,Eli Lilly - PowerBI Custom Visual Development- Phase 2 and Phase 3,Managed Services,,22-Apr-2026 03:56:07,Vikram Nahata,20-Jan-2025 ,zohouser.pmo1_alignedauto,Ashwani Tiwary,,,,22-Apr-2025 12:00:00,4843098000000701047,,
,4843098000002752006,IT & Digital COE,Billable,01-Jan-2023 12:00:00,PO used from Dec'23 to Jun'24 - 4405218126,Completed,15-Apr-2026 06:15:57,4843098000000688163,pmo_alignedautomation,30-Jun-2025 ,,,PowerApps capability for Asia priorities,LYB - Asia POD PO,Staff Org,,15-Apr-2026 06:18:08,Sapan Dighe,23-Sep-2024 ,pmo_alignedautomation,Sapan Dighe,,,,31-Dec-2025 12:00:00,4843098000002752006,,Technology - DSS
,4843098000000688643,IT & Digital COE,Billable,03-Feb-2025 12:00:00,,Completed,21-Aug-2025 12:49:30,4843098000000688163,pmoappusers_alignedautoma,,,,PowerApps Development-2025,LYB - PowerApps Development,Staff Org,,14-Jan-2026 04:04:54,Sapan Dighe,,zohouser.pmo1_alignedauto,Sarang Kulkarni,,,,30-Nov-2025 12:00:00,4843098000000688643,,Development
,4843098000000688675,N/A,Billable,11-Nov-2024 12:00:00,SOW extended till 31st July,Completed,21-Aug-2025 12:49:30,4843098000000688199,pmoappusers_alignedautoma,31-Jul-2025 ,,,Power Platform Assessment and Solution Development-CO-1,Nordson - Power Platform Assessment and Solution Development,Managed Services,,27-Apr-2026 03:30:25,Sarvesh Kulkarni,10-Feb-2025 ,pmo_alignedautomation,Sarang Kulkarni,,,,31-Jul-2025 12:00:00,4843098000000688675,Done,
,4843098000000701379,Nerve Center,Billable,11-Nov-2024 12:00:00,,Completed,21-Aug-2025 12:49:32,4843098000000688199,pmoappusers_alignedautoma,10-Feb-2025 ,,,Power Platform Assessment and Solution Development,Nordson - Power Platform Assessment and Solution Development,,,20-Apr-2026 06:09:20,Sarvesh Kulkarni,11-Nov-2024 ,zohouser.pmo1_alignedauto,Sarang Kulkarni,,,,10-Feb-2025 12:00:00,4843098000000701379,,
,4843098000003168007,,Billable,15-Jun-2026 12:09:08,,Ongoing,10-Jun-2026 12:12:31,4843098000000688171,pmo_alignedautomation,31-Jul-2027 ,,,"PPS & GT – Development, Support and Enhancements","Eli Lilly - PPS & GT - Development, Support & Enhancements",Managed Services,,10-Jun-2026 12:12:31,Durgesh Jhala,15-Jun-2026 ,pmo_alignedautomation,Ashwani Tiwary,,,,31-Jul-2027 12:09:13,4843098000003168007,Yet to be Scheduled,Development
,4843098000000701063,N/A,Billable,06-May-2024 12:00:00,,Completed,21-Aug-2025 12:49:31,4843098000000688171,pmoappusers_alignedautoma,31-Jan-2025 ,,,Oncology Congress Analytics Dashboard – Makeover Support,Eli Lilly - Oncology Congress Analytics Dashboard Makeover & Support,Managed Services,,22-Apr-2026 03:44:57,Vikram Nahata,06-May-2024 ,zohouser.pmo1_alignedauto,Ashwani Tiwary,,,,31-Jan-2025 12:00:00,4843098000000701063,,Technology - TSS
,4843098000002997024,N/A,Billable,01-Jan-2025 12:00:00,,Completed,26-May-2026 12:16:21,4843098000000688171,pmo_alignedautomation,31-Dec-2025 ,,,Offshore IT Professional Services 2025 | Offshore IT Professional Services 2025-CO1 | Offshore IT Professional Services 2025-CO2,Eli Lilly - Offshore IT Professional Services,Managed Services,,26-May-2026 12:17:11,Vikram Nahata,01-Jan-2025 ,pmo_alignedautomation,Ashwani Tiwary,,,,31-Dec-2025 12:00:00,4843098000002997024,Done,Technology - TSS
,4843098000002997022,N/A,Billable,01-Jan-2025 12:00:00,,Completed,26-May-2026 12:11:12,4843098000000688171,pmo_alignedautomation,31-Dec-2025 ,,,Offshore IT Professional Services 2025 | Offshore IT Professional Services 2025-CO1,Eli Lilly - Offshore IT Professional Services,Managed Services,,26-May-2026 12:16:12,Vikram Nahata,01-Jan-2025 ,pmo_alignedautomation,Ashwani Tiwary,,,,30-Jun-2025 12:00:00,4843098000002997022,Done,Technology - TSS
,4843098000000688523,N/A,Billable,01-Apr-2024 12:00:00,,Completed,21-Aug-2025 12:49:30,4843098000000688171,pmoappusers_alignedautoma,31-Dec-2025 ,,,Offshore IT Professional Services 2025,Eli Lilly - Offshore IT Professional Services,Managed Services,,26-May-2026 12:14:34,Vikram Nahata,01-Jan-2025 ,pmo_alignedautomation,Ashwani Tiwary,,,,28-Feb-2025 12:00:00,4843098000000688523,Done,Technology - TSS
,4843098000000688543,N/A,Billable,01-Jan-2025 12:00:00,,Completed,21-Aug-2025 12:49:30,4843098000000688171,pmoappusers_alignedautoma,,,,OBU Medical Affairs AutomateHub – Support Services 2025,Eli Lilly - OBU Medical Affairs AutomateHub – Support Services,Managed Services,,15-Jan-2026 05:05:35,Vikram Nahata,,zohouser.pmo1_alignedauto,Ashwani Tiwary,,,,31-Dec-2025 12:00:00,4843098000000688543,,
,4843098000002199087,N/A,Billable,03-Feb-2025 12:00:00,"This project is continuation of  Fuel Spend Management: Data Management & Analytics, so start date of project is used from old project",Ongoing,11-Feb-2026 01:56:53,4843098000000688203,zohouser.pmo1_alignedauto,30-Sep-2026 ,,,NextGen Fuel Spend Data Integration & Analytics - Scope of Services (SOS),WEC - NextGen Fuel Spend Data Integration & Analytics,Managed Services,,10-Apr-2026 12:39:24,Rajdeep Haloi,01-Jan-2026 ,pmo_alignedautomation,Sarang Kulkarni,4843098000000697151,,,30-Sep-2026 12:00:00,4843098000002199087,Done,
,,N/A,Billable,01-Jan-2025 12:00:00,,Completed,21-Aug-2025 12:49:30,4843098000000688171,pmoappusers_alignedautoma,,,,NBU Medical Affairs AutomateHub – Support Services 2025,Eli Lilly - NBU Medical Affairs AutomateHub - Support Services,Managed Services,,16-Oct-2025 06:41:11,Vikram Nahata,,zohouser.pmo1_alignedauto,Ashwani Tiwary,,,,30-Sep-2025 12:00:00,4843098000000688539,,
,,N/A,Billable,20-Feb-2024 12:00:00,,Completed,21-Aug-2025 12:49:30,4843098000000688171,pmoappusers_alignedautoma,,,,Meeting Room Tech Solutions Back End Support Specialist_ Change Order 1,Eli Lilly - Meeting Room Tech Solutions,Staff Org,,31-Oct-2025 03:30:17,Vikram Nahata,,zohouser.pmo1_alignedauto,Ashwani Tiwary,,,,30-Sep-2025 12:00:00,4843098000000688519,,Technology - TSS
,4843098000002553003,,Billable,01-May-2026 03:18:04,,Ongoing,12-Mar-2026 03:20:38,4843098000000688167,pmo_alignedautomation,31-Jan-2027 ,,,Maverick Surge Support | Maverick Surge Support-CO-1,Dell - Maverick Surge Support,,,18-May-2026 04:17:01,,01-Apr-2026 ,pmo_alignedautomation,Praveen Chaudhari,,,1001-2450-724950,31-Jan-2027 03:18:23,4843098000002553003,Yet to be Scheduled,
,4843098000001128003,,Billable,22-Sep-2025 03:14:05,,Completed,29-Sep-2025 03:16:33,4843098000000688167,zohouser.pmo1_alignedauto,,,,Market Intelligence – Proof of Concept,Dell - Market Intelligence – Proof of Concept,,,20-May-2026 11:49:59,Vinodh Ramadas,,pmo_alignedautomation,Gaurav Gulati,,,1010-2002-660936,15-Nov-2025 03:14:11,4843098000001128003,,
,4843098000000688715,N/A,Billable,01-Dec-2023 12:00:00,,Ongoing,21-Aug-2025 12:49:30,4843098000000688191,pmoappusers_alignedautoma,14-Nov-2026 ,,No,Managed Services-Weatherford-Amendment 1,Weatherford - Managed Services,Staff Org,2160,15-Apr-2026 01:54:31,Sarvesh Kulkarni,15-Nov-2023 ,zohouser.pmo1_alignedauto,Nitin Asati,4843098000000696943,9,,30-Nov-2026 12:00:00,4843098000000688715,Done,Technology - TSS
,4843098000000688399,N/A,Billable,01-May-2023 12:00:00,,Ongoing,21-Aug-2025 12:49:30,4843098000000688167,pmoappusers_alignedautoma,31-Jan-2027 ,NBA CSG,,Managed Services - TechDirect SOW Phase 2 - AMENDMENT NO. 1 | AMENDMENT NO. 9 TO Dell_Aligned Automation Tech Direct SOW Phase 2-SRU,Dell - Telemetry Intelligence,Managed Services,,13-May-2026 10:59:45,Shruti Pandey,01-Feb-2026 ,zohouser.pmo1_alignedauto,Swapnil Bhong,,,1001-2450-113426,31-Jan-2027 12:00:00,4843098000000688399,Done,
,4843098000000688775,N/A,Billable,01-May-2023 12:00:00,,Completed,21-Aug-2025 12:49:30,4843098000000688167,pmoappusers_alignedautoma,,,,Managed Services - TechDirect SOW Phase 2 - AMENDMENT NO. 1 | AMENDMENT NO. 5-Data Science – Phase 2-Aditya-Managed Services,Dell - Managed Services,Managed Services,,18-May-2026 01:38:46,Shruti Pandey,,pmo_alignedautomation,Swapnil Bhong,,,,31-Jan-2025 12:00:00,4843098000000688775,Done,
,4843098000000688879,N/A,Billable,01-May-2023 12:00:00,,Completed,21-Aug-2025 12:49:31,4843098000000688167,pmoappusers_alignedautoma,,Dell - Managed Services,,Managed Services - TechDirect SOW Phase 2 - AMENDMENT NO. 1,Dell - Customer MDR Insights / New priorities,Managed Services,,15-May-2026 03:26:06,Neerav Saxena,,pmo_alignedautomation,Swapnil Bhong,,,,28-Feb-2025 12:00:00,4843098000000688879,,
,4843098000000688403,N/A,Billable,01-Feb-2025 12:00:00,,Ongoing,21-Aug-2025 12:49:30,4843098000000688167,pmoappusers_alignedautoma,31-Jan-2027 ,Dell - Managed Services,,Managed Services - TechDirect SOW Phase 2 - AMENDMENT NO. 1,Dell - Personalization AI/GenAI,Managed Services,,13-May-2026 10:59:17,Abhijit Joshi,01-Feb-2026 ,zohouser.pmo1_alignedauto,Swapnil Bhong,,,1001-2450-113426,31-Jan-2027 04:44:18,4843098000000688403,Done,
,4843098000000688411,N/A,Billable,01-Mar-2025 12:00:00,,Ongoing,21-Aug-2025 12:49:30,4843098000000688167,pmoappusers_alignedautoma,31-Jan-2027 ,,,Managed Services - TechDirect SOW Phase 2 - AMENDMENT NO. 1,Dell -MMPD,Managed Services,,13-May-2026 10:58:19,Neerav Saxena,01-Feb-2026 ,zohouser.pmo1_alignedauto,Swapnil Bhong,,,1001-2450-113426,31-Jan-2027 12:00:00,4843098000000688411,Done,
,4843098000000688407,N/A,Billable,01-Feb-2025 12:00:00,,Completed,21-Aug-2025 12:49:30,4843098000000688167,pmoappusers_alignedautoma,,,,Managed Services - TechDirect SOW Phase 2 - AMENDMENT NO. 1,Dell - Knowledge Graphs,Managed Services,,20-Feb-2026 12:11:01,Abhijit Joshi,,pmo_alignedautomation,Swapnil Bhong,,,,31-Jan-2026 04:44:18,4843098000000688407,Not to be audited,
,4843098000000688811,N/A,Billable,06-Dec-2023 12:00:00,,Completed,21-Aug-2025 12:49:31,4843098000000688167,pmoappusers_alignedautoma,,,,Managed Services - TechDirect SOW Phase 2 - AMENDMENT NO. 1,Dell - Skan Task Mining,Managed Services,,18-May-2026 11:59:20,Neerav Saxena,,pmo_alignedautomation,Swapnil Bhong,,,,31-Jan-2025 12:00:00,4843098000000688811,Done,
,4843098000002778002,,Billable,15-Apr-2026 12:00:00,,Ongoing,20-Apr-2026 04:09:56,4843098000000688171,zohouser.pmo1_alignedauto,14-Apr-2027 ,,,MES Staff Augmentation,Eli Lilly - MES Staff Augmentation - AA,,,05-May-2026 04:18:43,Gaurish Sathe,15-Apr-2026 ,pmo_alignedautomation,Gaurish Sathe,,,,14-Apr-2027 12:00:00,4843098000002778002,Yet to be Scheduled,Technology - TSS
,4843098000002026019,,Billable,01-Jan-2026 05:26:37,,Ongoing,15-Jan-2026 05:26:56,4843098000000688171,zohouser.pmo1_alignedauto,31-Dec-2026 ,,,Limerick Tulip Development Services,Eli Lilly - Limerick Tulip Development Services,Managed Services,,22-Apr-2026 03:31:19,Vikram Nahata,01-Jan-2026 ,zohouser.pmo1_alignedauto,Ashwani Tiwary,,,,31-Dec-2026 05:26:39,4843098000002026019,Yet to be Scheduled,
,4843098000002026015,,Billable,01-Jan-2026 05:25:10,,Completed,15-Jan-2026 05:25:27,4843098000000688171,zohouser.pmo1_alignedauto,31-Dec-2026 ,,,Limerick Staffing Services,Eli Lilly - Limerick Staffing Services,,,22-Apr-2026 03:28:27,Vikram Nahata,01-Jan-2026 ,zohouser.pmo1_alignedauto,Ashwani Tiwary,,,,31-Dec-2026 05:25:13,4843098000002026015,Yet to be Scheduled,
,4843098000002997027,,Billable,01-May-2026 05:23:56,,Ongoing,26-May-2026 12:53:03,4843098000000688171,pmo_alignedautomation,31-Dec-2026 ,,,"Limerick PowerApps, Data Solutions & Full Stack Development Services | Limerick PowerApps, Data Solutions & Full Stack Development Services Change Order 1","Eli Lilly - Limerick PowerApps, Data Solutions & Full Stack Development Services",Managed Services,,26-May-2026 12:54:39,Vikram Nahata,01-Jan-2026 ,pmo_alignedautomation,Ashwani Tiwary,,,,31-Dec-2026 05:23:58,4843098000002997027,Yet to be Scheduled,
,4843098000002026011,,Billable,01-Jan-2026 05:23:56,,Completed,15-Jan-2026 05:24:10,4843098000000688171,zohouser.pmo1_alignedauto,31-Dec-2026 ,,,"Limerick PowerApps, Data Solutions & Full Stack Development Services","Eli Lilly - Limerick PowerApps, Data Solutions & Full Stack Development Services",Managed Services,,26-May-2026 12:54:56,Vikram Nahata,01-Jan-2026 ,pmo_alignedautomation,Ashwani Tiwary,,,,31-Dec-2026 05:23:58,4843098000002026011,Yet to be Scheduled,
,4843098000002199119,,Billable,27-Oct-2025 01:18:12,,Completed,11-Feb-2026 03:45:09,4843098000000688171,zohouser.pmo1_alignedauto,30-Apr-2026 ,,,Limerick Alarm Management | Limerick Alarm Management Revised,Eli Lilly - Limerick Alarm Management,Managed Services,,12-May-2026 11:31:42,Vikram Nahata,01-Jan-2026 ,pmo_alignedautomation,Ashwani Tiwary,,,,30-Apr-2026 12:00:00,4843098000002199119,Yet to be Scheduled,
,4843098000001537003,,Billable,27-Oct-2025 01:18:12,,Completed,14-Nov-2025 01:18:50,4843098000000688171,zohouser.pmo1_alignedauto,28-Feb-2026 ,,,Limerick Alarm Management,Eli Lilly - Limerick Alarm Management,Managed Services,,22-May-2026 06:30:13,Vikram Nahata,27-Oct-2025 ,pmo_alignedautomation,Ashwani Tiwary,,,,31-Dec-2025 12:00:00,4843098000001537003,Yet to be Scheduled,
,4843098000003126002,,Billable,01-Jun-2026 01:22:57,,Ongoing,05-Jun-2026 01:23:37,4843098000000688171,pmo_alignedautomation,31-Aug-2026 ,,,Limerick API Integration Component,Eli Lilly - Limerick API Integration Component - AA,Managed Services,,05-Jun-2026 01:53:29,Gaurish Sathe,01-Jun-2026 ,pmo_alignedautomation,Gaurish Sathe,4843098000000697131,,,31-Aug-2026 01:23:02,4843098000003126002,Yet to be Scheduled,Development
,4843098000000688499,N/A,Billable,01-Jun-2025 12:00:00,,Ongoing,21-Aug-2025 12:49:30,4843098000000688171,pmoappusers_alignedautoma,02-Jun-2026 ,,,Lilly Advanced Therapeutics Infrastructure Support,Eli Lilly - Advanced Therapeutics Infrastructure Support,Managed Services,,21-Apr-2026 04:45:19,Vikram Nahata,01-Jun-2025 ,zohouser.pmo1_alignedauto,Ashwani Tiwary,,,,02-Jun-2026 12:00:00,4843098000000688499,,
,4843098000000688515,N/A,Billable,01-Jan-2024 12:00:00,,Ongoing,21-Aug-2025 12:49:30,4843098000000688171,pmoappusers_alignedautoma,31-Dec-2026 ,,,LTC – S Infrastructure Support Services Change Order 2,Eli Lilly - LTC – S Infrastructure Support Services,Managed Services,,22-Apr-2026 03:42:08,Vikram Nahata,01-Jan-2026 ,zohouser.pmo1_alignedauto,Ashwani Tiwary,,,,31-Dec-2026 12:00:00,4843098000000688515,,Technology - TSS
,4843098000002759014,N/A,Billable,01-Jan-2024 12:00:00,,Completed,16-Apr-2026 01:14:34,4843098000000688171,zohouser.pmo1_alignedauto,31-Dec-2025 ,,,LTC – S Infrastructure Support Services Change Order 1,Eli Lilly - LTC – S Infrastructure Support Services,Managed Services,,22-Apr-2026 03:41:52,Vikram Nahata,01-Jan-2025 ,zohouser.pmo1_alignedauto,Ashwani Tiwary,,,,31-Dec-2025 12:00:00,4843098000002759014,,Technology - TSS
,4843098000002759017,N/A,Billable,01-Jan-2024 12:00:00,,Completed,16-Apr-2026 01:15:30,4843098000000688171,zohouser.pmo1_alignedauto,31-Dec-2024 ,,,LTC – S Infrastructure Support Services,Eli Lilly - LTC – S Infrastructure Support Services,Managed Services,,16-Apr-2026 05:00:52,Vikram Nahata,01-Jan-2024 ,zohouser.pmo1_alignedauto,Ashwani Tiwary,,,,31-Dec-2024 12:00:00,4843098000002759017,,Technology - TSS
,4843098000000688503,N/A,Billable,21-Jul-2025 12:00:00,,Ongoing,21-Aug-2025 12:49:30,4843098000000688171,pmoappusers_alignedautoma,20-Jul-2026 ,,,LRL Tech@Lilly Tulip Staffing Services,Eli Lilly - LRL Tech@Lilly Tulip Staffing Services,Managed Services,,22-Apr-2026 03:39:55,Vikram Nahata,21-Jul-2025 ,zohouser.pmo1_alignedauto,Ashwani Tiwary,,,,20-Jul-2026 12:00:00,4843098000000688503,,
,4843098000000688963,N/A,Billable,01-Aug-2024 12:00:00,OLD SOW - LRL (L&D) - Data Ingestion Support Services,Completed,21-Aug-2025 12:49:31,4843098000000688171,pmoappusers_alignedautoma,15-Jan-2025 ,,,LRL (L&D) - Data Ingestion Support Services Change Order 2,Eli Lilly - LRL (L&D) - Data Ingestion Support Services,,,22-Apr-2026 03:37:19,Vikram Nahata,01-Aug-2024 ,zohouser.pmo1_alignedauto,Ashwani Tiwary,,,,15-Jan-2025 12:00:00,4843098000000688963,,Technology - TSS
,4843098000000688607,IT & Digital COE,Billable,20-Jan-2023 12:00:00,,Completed,21-Aug-2025 12:49:30,4843098000000688163,pmoappusers_alignedautoma,31-Dec-2025 ,,,JV Project-2025,LYB - JV Project,Staff Org,,11-Feb-2026 06:44:27,Gaurish Sathe,20-Jan-2023 ,zohouser.pmo1_alignedauto,Gaurish Sathe,,,,31-Dec-2025 12:00:00,4843098000000688607,Yet to be Scheduled,Technology - DSS
,4843098000000701107,IT & Digital COE,Billable,20-Jan-2023 12:00:00,,Completed,21-Aug-2025 12:49:31,4843098000000688163,pmoappusers_alignedautoma,,,,JV Project-2025,LYB - Digital Implementation Resources - Max Chavez - TASNEE JV,Staff Org,,22-May-2026 07:33:29,Gaurish Sathe,,pmo_alignedautomation,Gaurish Sathe,,,,,4843098000000701107,Yet to be Scheduled,Technology - DSS
,4843098000002918013,IT & Digital COE,Billable,01-May-2026 12:00:00,,Ongoing,14-May-2026 12:28:30,4843098000000688163,pmo_alignedautomation,31-May-2026 ,LYB - Digital Implementation Resources - Max Chavez - TASNEE JV,Yes,JV Project – Statement of Work for 2026 - CO2,LYB - JV Project,Staff Org,2160,20-May-2026 11:02:23,Gaurish Sathe,01-May-2026 ,pmo_alignedautomation,Gaurish Sathe,4843098000000697183,9,,31-May-2026 12:00:00,4843098000002918013,Yet to be Scheduled,Technology - DSS
,4843098000002918010,IT & Digital COE,Billable,01-Apr-2026 12:00:00,,Completed,14-May-2026 12:26:54,4843098000000688163,pmo_alignedautomation,30-Apr-2026 ,LYB - Digital Implementation Resources - Max Chavez - TASNEE JV,Yes,JV Project – Statement of Work for 2026 - CO1,LYB - JV Project,Staff Org,2160,26-May-2026 04:17:13,Gaurish Sathe,01-Jan-2026 ,pmo_alignedautomation,Gaurish Sathe,4843098000000697183,9,,30-Apr-2026 12:00:00,4843098000002918010,Yet to be Scheduled,Technology - DSS
,4843098000002199199,IT & Digital COE,Billable,20-Jan-2023 12:00:00,,Completed,11-Feb-2026 05:40:58,4843098000000688163,zohouser.pmo1_alignedauto,31-Mar-2026 ,LYB - Digital Implementation Resources - Max Chavez - TASNEE JV,Yes,JV Project – Statement of Work for 2026,LYB - JV Project,Staff Org,2160,14-May-2026 12:27:09,Gaurish Sathe,01-Jan-2026 ,pmo_alignedautomation,Gaurish Sathe,4843098000000697183,9,,31-Mar-2026 12:00:00,4843098000002199199,Yet to be Scheduled,Technology - DSS
,4843098000000688651,IT & Digital COE,Billable,01-Jul-2025 12:00:00,,Completed,21-Aug-2025 12:49:30,4843098000000688163,pmoappusers_alignedautoma,,,,Intelex Improvements Project – Statement of Work for 2025,LYB - Intelex Improvements Project,,,14-Jan-2026 04:06:15,Sapan Dighe,,zohouser.pmo1_alignedauto,Sarang Kulkarni,,,,30-Nov-2025 12:00:00,4843098000000688651,,
,4843098000002180011,,Billable,01-Oct-2025 01:23:03,,Ongoing,10-Feb-2026 01:26:43,4843098000000688167,pmo_alignedautomation,30-Sep-2027 ,INT - Dell - Care Field IBP POV,,"Integrated Field, Care and Business Planning (IBP, Field, Care)",Dell - IBP - ISG / Field - ISG / Care - ISG & CSG,Managed Services,,13-May-2026 10:49:11,Amit Daudkhane,01-Oct-2025 ,zohouser.pmo1_alignedauto,Ankit Garg,,,1001-2270-730577,30-Sep-2027 01:25:28,4843098000002180011,Yet to be Scheduled,
,,N/A,Billable,01-Jan-2025 12:00:00,,Completed,21-Aug-2025 12:49:30,4843098000000688171,pmoappusers_alignedautoma,,,,Immunology Medical Affairs AutomateHub – Support and Enhancements,Eli Lilly - Immunology Medical Affairs AutomateHub – Support & Enhancements,Managed Services,,16-Oct-2025 06:45:08,Vikram Nahata,,zohouser.pmo1_alignedauto,Ashwani Tiwary,,,,30-Sep-2025 12:00:00,4843098000000688487,Yet to be Scheduled,
,4843098000002759011,N/A,Billable,16-Sep-2024 12:00:00,,Completed,16-Apr-2026 12:44:43,4843098000000688171,zohouser.pmo1_alignedauto,31-Dec-2025 ,,,ITSM Staffing Services | ITSM Services Change Order 1,Eli Lilly - ITSM Staffing Services,Managed Services,,22-Apr-2026 05:36:04,Vikram Nahata,01-Mar-2025 ,zohouser.pmo1_alignedauto,Ashwani Tiwary,,,,31-Dec-2025 12:00:00,4843098000002759011,,
,4843098000002759009,N/A,Billable,16-Sep-2024 12:00:00,,Completed,16-Apr-2026 12:43:32,4843098000000688171,zohouser.pmo1_alignedauto,28-Feb-2025 ,,,ITSM Staffing Services,Eli Lilly - ITSM Staffing Services,Managed Services,,22-Apr-2026 02:09:29,Vikram Nahata,01-Jan-2025 ,zohouser.pmo1_alignedauto,Ashwani Tiwary,,,,28-Feb-2025 12:00:00,4843098000002759009,,
,4843098000000688527,N/A,Billable,16-Sep-2024 12:00:00,,Ongoing,21-Aug-2025 12:49:30,4843098000000688171,pmoappusers_alignedautoma,30-Sep-2026 ,,,ITSM Services Change Order 2,Eli Lilly - ITSM Staffing Services,Managed Services,,22-Apr-2026 02:08:51,Vikram Nahata,01-Apr-2026 ,zohouser.pmo1_alignedauto,Ashwani Tiwary,,,,30-Sep-2026 12:00:00,4843098000000688527,,
,4843098000000688703,N/A,Billable,01-Sep-2021 12:00:00,,Ongoing,21-Aug-2025 12:49:30,4843098000000688175,pmoappusers_alignedautoma,31-Aug-2027 ,,,IT Support Services,Philips,Staff Org,,15-Apr-2026 01:58:39,,,zohouser.pmo1_alignedauto,Sapan Dighe,,,,31-Aug-2027 12:00:00,4843098000000688703,Done,Technology - DSS
,4843098000000688555,N/A,Billable,01-Sep-2024 12:00:00,,Ongoing,21-Aug-2025 12:49:30,4843098000000688179,pmoappusers_alignedautoma,31-Aug-2026 ,,,IT Services - I Store,iStore,Staff Org,,17-Apr-2026 12:32:33,Parthasarathy Nemana,01-Sep-2025 ,zohouser.pmo1_alignedauto,Ashwani Tiwary,,,,31-Aug-2026 12:00:00,4843098000000688555,Yet to be Scheduled,Technology - TSS
,4843098000002750034,N/A,Billable,01-Sep-2024 12:00:00,,Completed,15-Apr-2026 03:56:24,4843098000000688179,zohouser.pmo1_alignedauto,31-Aug-2025 ,,,IT Services - I Store,iStore,Staff Org,,17-Apr-2026 12:31:49,Parthasarathy Nemana,01-Sep-2024 ,zohouser.pmo1_alignedauto,Ashwani Tiwary,,,,31-Aug-2025 12:00:00,4843098000002750034,Yet to be Scheduled,Technology - TSS
,4843098000002759007,N/A,Billable,01-May-2024 12:00:00,,Completed,16-Apr-2026 12:31:08,4843098000000688171,zohouser.pmo1_alignedauto,30-Jun-2025 ,,,"IT Manufacturing Infrastructure Support Services (Concord, NC) – Change Order 1",Eli Lilly - IT Manufacturing Infrastructure Support Services,Staff Org,,22-Apr-2026 02:03:58,Vikram Nahata,01-May-2025 ,zohouser.pmo1_alignedauto,Ashwani Tiwary,,,,30-Jun-2025 12:00:00,4843098000002759007,,Technology - TSS
,4843098000000701011,N/A,Billable,01-May-2024 12:00:00,,Completed,21-Aug-2025 12:49:31,4843098000000688171,pmoappusers_alignedautoma,30-Apr-2025 ,,,IT Manufacturing Infrastructure Support Services,Eli Lilly - IT Manufacturing Infrastructure Support Services,Staff Org,,22-Apr-2026 01:41:43,Vikram Nahata,01-Jan-2025 ,zohouser.pmo1_alignedauto,Ashwani Tiwary,,,,30-Apr-2025 12:00:00,4843098000000701011,,Technology - TSS
,4843098000002547009,,Billable,01-Apr-2026 12:40:56,,Ongoing,12-Mar-2026 12:42:09,4843098000000688175,pmo_alignedautomation,31-Mar-2027 ,,,IGT Mobile surgery (modality) - BPSC team Support,Philips - IGT Modality Project,Managed Services,,28-Apr-2026 07:27:06,Sapan Dighe,01-Apr-2026 ,zoho_alignedautomation,Sapan Dighe,4843098000000697183,,,31-Mar-2027 12:41:02,4843098000002547009,Yet to be Scheduled,Technology - DSS
,4843098000002918022,IT & Digital COE,Billable,01-Apr-2026 01:17:21,,Ongoing,14-May-2026 01:31:21,4843098000000688163,pmo_alignedautomation,31-Jan-2026 ,,Yes,IBP Project enhancements – Statement of Work for 2026 – CO2-2,LYB - IBP Project,Staff Org,2160,14-May-2026 01:32:39,Sapan Dighe,01-Jan-2026 ,pmo_alignedautomation,Sapan Dighe,4843098000000697183,9,,31-May-2026 05:21:06,4843098000002918022,Yet to be Scheduled,
,4843098000002918020,IT & Digital COE,Billable,01-Mar-2026 01:17:21,,Completed,14-May-2026 01:30:25,4843098000000688163,pmo_alignedautomation,31-Jan-2026 ,,Yes,IBP Project enhancements – Statement of Work for 2026 - CO2,LYB - IBP Project,Staff Org,2160,14-May-2026 01:32:02,Sapan Dighe,01-Jan-2026 ,pmo_alignedautomation,Sapan Dighe,4843098000000697183,9,,31-Mar-2026 05:21:06,4843098000002918020,Yet to be Scheduled,
,4843098000002918017,IT & Digital COE,Billable,01-Feb-2026 01:17:21,,Completed,14-May-2026 01:29:49,4843098000000688163,pmo_alignedautomation,31-Jan-2026 ,,Yes,IBP Project enhancements – Statement of Work for 2026 - CO1,LYB - IBP Project,Staff Org,2160,14-May-2026 01:31:13,Sapan Dighe,01-Jan-2026 ,pmo_alignedautomation,Sapan Dighe,4843098000000697183,9,,28-Feb-2026 05:21:06,4843098000002918017,Yet to be Scheduled,
,4843098000002199190,IT & Digital COE,Billable,22-Sep-2025 01:17:21,,Completed,11-Feb-2026 05:06:20,4843098000000688163,zohouser.pmo1_alignedauto,31-Jan-2026 ,,Yes,IBP Project enhancements – Statement of Work for 2026,LYB - IBP Project,Staff Org,2160,14-May-2026 01:30:17,Sapan Dighe,01-Jan-2026 ,pmo_alignedautomation,Sapan Dighe,4843098000000697183,9,,31-Jan-2026 05:21:06,4843098000002199190,Yet to be Scheduled,
,4843098000001078019,IT & Digital COE,Billable,22-Sep-2025 01:17:21,,Completed,24-Sep-2025 01:18:35,4843098000000688163,zohouser.pmo1_alignedauto,31-Dec-2025 ,,,IBP Project enhancements – Statement of Work for 2025,LYB - IBP Project,,,11-Feb-2026 06:45:17,Sapan Dighe,22-Sep-2025 ,zohouser.pmo1_alignedauto,Sapan Dighe,,,,31-Dec-2025 05:21:06,4843098000001078019,Yet to be Scheduled,
,4843098000002997033,IT & Digital COE,Billable,01-Mar-2025 12:00:00,,Completed,26-May-2026 01:24:01,4843098000000688163,pmo_alignedautomation,30-Jun-2025 ,,,HR POD Team-2025-CO,LYB - HR POD Team,Staff Org,,26-May-2026 01:24:59,Sapan Dighe,01-Mar-2025 ,pmo_alignedautomation,Sapan Dighe,,,,30-Jun-2025 12:00:00,4843098000002997033,,Technology - DSS
,4843098000000701251,IT & Digital COE,Billable,09-Oct-2023 12:00:00,,Completed,21-Aug-2025 12:49:31,4843098000000688163,pmoappusers_alignedautoma,28-Feb-2025 ,,,HR POD Team-2025,LYB - HR POD Team,Staff Org,,26-May-2026 01:19:06,Sapan Dighe,01-Jan-2025 ,pmo_alignedautomation,Sapan Dighe,,,,28-Feb-2025 12:00:00,4843098000000701251,,Technology - DSS
,4843098000002199164,IT & Digital COE,Billable,09-Oct-2023 12:00:00,,Ongoing,11-Feb-2026 04:24:02,4843098000000688163,zohouser.pmo1_alignedauto,30-Jun-2026 ,,Yes,HR POD Team – Statement of Work for 2026,LYB - HR POD Team,Staff Org,2160,14-Apr-2026 03:55:06,Sapan Dighe,01-Jan-2026 ,pmo_alignedautomation,Sapan Dighe,4843098000000697183,9,,30-Jun-2026 12:00:00,4843098000002199164,,Technology - DSS
,4843098000000688711,N/A,Billable,01-Jan-2025 12:00:00,,Completed,21-Aug-2025 12:49:30,4843098000000688187,pmoappusers_alignedautoma,31-Mar-2026 ,,No,Grace Spot Buy and Tail spend Execution and Procurement Management capability Statement of Work for 2026,WR Grace - Spot Buy Procurement Management Services,Managed Services,2080,22-Apr-2026 02:05:20,Ujjwal Joshi,01-Jan-2026 ,pmo_alignedautomation,Gaurav Gulati,4843098000000697055,8,,31-Mar-2026 12:00:00,4843098000000688711,Done,COE
,4843098000002180200,,Billable,14-Jul-2025 04:42:01,,Ongoing,12-Feb-2026 04:43:18,4843098000000688167,pmo_alignedautomation,31-Jan-2027 ,,,"Global Professional Services – AI, GenAI & Agentic Operationalization",Dell - GPS Mod 2.0 - Consulting IP management,Managed Services,,13-May-2026 10:52:49,Bhavesh Bhargava,01-Feb-2026 ,zohouser.pmo1_alignedauto,Prabhakar Chaudhary,,,1006-2272-553998,31-Jan-2027 04:42:21,4843098000002180200,Yet to be Scheduled,
,4843098000002180188,,Billable,01-Dec-2023 04:41:11,,Ongoing,12-Feb-2026 04:41:29,4843098000000688167,pmo_alignedautomation,31-Jan-2027 ,"Dell - AsDeployed Configurator, Dell - ISG Deployment Modernization (GPS Horizon 2)",,"Global Professional Services – AI, GenAI & Agentic Operationalization","Dell - GPS Mod 1.0 - PSAS, Product Accelerator, ACG and EPS",Managed Services,,13-May-2026 10:52:49,"Bhavesh Bhargava,Sanjaykumar Shaha",01-Feb-2026 ,zohouser.pmo1_alignedauto,Prabhakar Chaudhary,,,1006-2272-553998,31-Jan-2027 04:41:18,4843098000002180188,Yet to be Scheduled,
,4843098000002180194,,Billable,14-Jul-2025 04:42:01,,Ongoing,12-Feb-2026 04:43:04,4843098000000688167,pmo_alignedautomation,31-Jan-2027 ,,,"Global Professional Services – AI, GenAI & Agentic Operationalization",Dell - GPS Mod 2.0 - ISG Deploy Agentic AI,Managed Services,,13-May-2026 10:52:49,Sanjaykumar Shaha,01-Feb-2026 ,zohouser.pmo1_alignedauto,Prabhakar Chaudhary,,,1006-2272-553998,31-Jan-2027 04:42:21,4843098000002180194,Yet to be Scheduled,
,4843098000002790002,N/A,Billable,01-Jun-2024 12:00:00,,Completed,22-Apr-2026 12:40:59,4843098000000688171,zohouser.pmo1_alignedauto,30-Apr-2025 ,,,Global Messaging Application – Support Services 2025 | Global Messaging Application – Support Services 2025 Change Order 1,Eli Lilly - Global Messaging Application,Managed Services,,22-Apr-2026 12:59:35,Vikram Nahata,01-Apr-2025 ,zohouser.pmo1_alignedauto,Ashwani Tiwary,,,,30-Apr-2025 12:00:00,4843098000002790002,,Technology - TSS
,4843098000000688491,N/A,Billable,01-Jun-2024 12:00:00,,Completed,21-Aug-2025 12:49:30,4843098000000688171,pmoappusers_alignedautoma,30-Sep-2025 ,,,Global Messaging Application – Support Services 2025,Eli Lilly - Global Messaging Application,Managed Services,,22-Apr-2026 12:48:18,Vikram Nahata,01-Jan-2025 ,zohouser.pmo1_alignedauto,Ashwani Tiwary,,,,30-Sep-2025 12:00:00,4843098000000688491,,Technology - TSS
,4843098000002026007,,Billable,01-Jan-2026 05:20:57,,Ongoing,15-Jan-2026 05:21:36,4843098000000688171,zohouser.pmo1_alignedauto,31-Dec-2026 ,,,Global Messages Tool – Support Services,Eli Lilly - Global Messages Tool - Support Services,Managed Services,,22-Apr-2026 12:34:43,Vikram Nahata,01-Jan-2026 ,zohouser.pmo1_alignedauto,Ashwani Tiwary,,,,31-Dec-2026 05:21:00,4843098000002026007,Yet to be Scheduled,
,4843098000002750041,N/A,Billable,01-Jun-2024 12:00:00,,Completed,15-Apr-2026 06:21:33,4843098000000688171,zohouser.pmo1_alignedauto,31-Dec-2025 ,,,Global Messages Phase 3,Eli Lilly - Global Messaging Application,Managed Services,,22-Apr-2026 12:58:28,Vikram Nahata,01-Oct-2025 ,zohouser.pmo1_alignedauto,Ashwani Tiwary,,,,31-Dec-2025 12:00:00,4843098000002750041,,Technology - TSS
,4843098000002759002,N/A,Billable,16-Jan-2023 12:00:00,1,Completed,16-Apr-2026 12:13:13,4843098000000688171,zohouser.pmo1_alignedauto,31-Dec-2025 ,,,GT and CMS Support and Enhancement Services Renewal,Eli Lilly - GT & CMS Support and Enhancement Services,Managed Services,,22-Apr-2026 01:16:44,Vikram Nahata,01-Jan-2025 ,zohouser.pmo1_alignedauto,Ashwani Tiwary,,,,31-Dec-2025 12:00:00,4843098000002759002,,Technology - TSS
,4843098000000688531,N/A,Billable,16-Jan-2023 12:00:00,1,Ongoing,21-Aug-2025 12:49:30,4843098000000688171,pmoappusers_alignedautoma,30-Sep-2026 ,,,GT and CMS Support and Enhancement Services Change Order 2,Eli Lilly - GT & CMS Support and Enhancement Services,Managed Services,,22-Apr-2026 01:17:28,Vikram Nahata,01-Jan-2026 ,zohouser.pmo1_alignedauto,Ashwani Tiwary,,,,30-Sep-2026 12:00:00,4843098000000688531,,Technology - TSS
,4843098000002790009,N/A,Billable,01-Dec-2024 12:00:00,,Completed,22-Apr-2026 01:24:59,4843098000000688171,zohouser.pmo1_alignedauto,30-Apr-2025 ,,,GT Connect Application Support | GT Connect Application Support Change Order-1 | GT Connect Application Support Change Order-2 | GT Connect Application Support Change Order 3,Eli Lilly - GT Connect Application Support,Managed Services,,22-Apr-2026 01:30:05,Vikram Nahata,01-Apr-2025 ,zohouser.pmo1_alignedauto,Ashwani Tiwary,,,,30-Apr-2025 12:00:00,4843098000002790009,Yet to be Scheduled,
,4843098000002790007,N/A,Billable,01-Dec-2024 12:00:00,,Completed,22-Apr-2026 01:24:55,4843098000000688171,zohouser.pmo1_alignedauto,31-May-2025 ,,,GT Connect Application Support | GT Connect Application Support Change Order-1 | GT Connect Application Support Change Order-2,Eli Lilly - GT Connect Application Support,Managed Services,,22-Apr-2026 01:35:15,Vikram Nahata,01-Mar-2025 ,zohouser.pmo1_alignedauto,Ashwani Tiwary,,,,31-May-2025 12:00:00,4843098000002790007,Yet to be Scheduled,
,4843098000002759005,N/A,Billable,01-Dec-2024 12:00:00,,Completed,16-Apr-2026 12:20:15,4843098000000688171,zohouser.pmo1_alignedauto,28-Feb-2025 ,,,GT Connect Application Support | GT Connect Application Support Change Order-1,Eli Lilly - GT Connect Application Support,Managed Services,,22-Apr-2026 01:35:05,Vikram Nahata,01-Feb-2025 ,zohouser.pmo1_alignedauto,Ashwani Tiwary,,,,28-Feb-2025 12:00:00,4843098000002759005,Yet to be Scheduled,
,4843098000000688971,N/A,Billable,01-Dec-2024 12:00:00,,Completed,21-Aug-2025 12:49:31,4843098000000688171,pmoappusers_alignedautoma,31-Jan-2025 ,,,GT Connect Application Support,Eli Lilly - GT Connect Application Support,Managed Services,,22-Apr-2026 01:34:57,Vikram Nahata,01-Jan-2025 ,zohouser.pmo1_alignedauto,Ashwani Tiwary,,,,31-Jan-2025 12:00:00,4843098000000688971,Yet to be Scheduled,
,,N/A,Billable,14-Jul-2025 12:00:00,,Completed,21-Aug-2025 12:49:30,4843098000000688167,pmoappusers_alignedautoma,,,,GPS Modernization 2.0,Dell - GPS Modernization 2.0,,,12-Feb-2026 01:54:48,Bhavesh Bhargava,,pmo_alignedautomation,Prabhakar Chaudhary,,,,31-Jan-2026 04:40:57,4843098000000688455,,
,4843098000000688535,N/A,Billable,09-Dec-2024 12:00:00,,Completed,21-Aug-2025 12:49:30,4843098000000688171,pmoappusers_alignedautoma,31-Dec-2025 ,,,GIC Infrastructure Support Services,Eli Lilly - GIC Infrastructure Support Staffing,Staff Org,,22-Apr-2026 12:31:36,Vikram Nahata,09-Dec-2024 ,zohouser.pmo1_alignedauto,Ashwani Tiwary,,,,10-Jul-2025 12:00:00,4843098000000688535,,
,4843098000000688379,N/A,Billable,16-Dec-2025 12:00:00,,Completed,21-Aug-2025 12:49:30,4843098000000688167,pmoappusers_alignedautoma,,,,GAM – Data Quality Modernization,Dell- GAM – Data Modernization Project,Managed Services,,17-Apr-2026 04:52:12,Praveen Chaudhari,,pmo_alignedautomation,Praveen Chaudhari,,,,15-Mar-2026 04:42:39,4843098000000688379,,
,4843098000002762009,N/A,Billable,16-Dec-2025 12:00:00,,Ongoing,16-Apr-2026 05:30:21,4843098000000688167,pmo_alignedautomation,31-Mar-2027 ,,,GAM Change Order 2,Dell- GAM – Data Modernization Project Phase 2,Managed Services,,13-May-2026 10:55:45,Praveen Chaudhari,01-Apr-2026 ,zohouser.pmo1_alignedauto,Praveen Chaudhari,,,1001-2270-723729,31-Mar-2027 04:42:39,4843098000002762009,,
,4843098000000688979,N/A,Billable,30-May-2024 12:00:00,,Completed,21-Aug-2025 12:49:31,4843098000000688171,pmoappusers_alignedautoma,30-Jun-2025 ,,,Full Stack Engineer Staffing Services Change Order 1,Eli Lilly - Full Stack Engineer,Staff Org,,22-Apr-2026 12:30:24,Vikram Nahata,01-Dec-2024 ,zohouser.pmo1_alignedauto,Ashwani Tiwary,,,,30-Jun-2025 12:00:00,4843098000000688979,,Technology - TSS
,4843098000000688635,IT & Digital COE,Billable,22-Jul-2024 12:00:00,,Completed,21-Aug-2025 12:49:30,4843098000000688163,pmoappusers_alignedautoma,31-Mar-2025 ,,,Full Stack Development – Statement of Work for 2024 | CO-1 – PowerApps Capability,LYB - Full Stack Development,Staff Org,,28-May-2026 07:38:00,Sapan Dighe,22-Jul-2024 ,pmo_alignedautomation,Sarang Kulkarni,,,,31-Mar-2025 12:00:00,4843098000000688635,,Development
,4843098000000688719,N/A,Billable,03-Feb-2025 12:00:00,,Completed,21-Aug-2025 12:49:30,4843098000000688203,pmoappusers_alignedautoma,14-Nov-2025 ,,,Fuel Spend Management: Data Management & Analytics – Phase 1 Extension,WEC - Fuel Spend Management: Data Management & Analytics,Managed Services,,17-Apr-2026 01:25:37,Rajdeep Haloi,15-Sep-2025 ,zohouser.pmo1_alignedauto,Sarang Kulkarni,,,,14-Nov-2025 12:00:00,4843098000000688719,Done,
,4843098000002750012,N/A,Billable,03-Feb-2025 12:00:00,,Completed,15-Apr-2026 01:13:15,4843098000000688203,zohouser.pmo1_alignedauto,15-Aug-2025 ,,,Fuel Spend Management: Data Management & Analytics,WEC - Fuel Spend Management: Data Management & Analytics,Managed Services,,17-Apr-2026 01:22:15,Rajdeep Haloi,03-Feb-2025 ,zohouser.pmo1_alignedauto,Sarang Kulkarni,,,,15-Aug-2025 12:00:00,4843098000002750012,Done,
,4843098000002672005,,Billable,31-Mar-2026 01:27:30,,Ongoing,02-Apr-2026 01:28:03,4843098000000688167,pmo_alignedautomation,30-Jul-2026 ,,,ESG Services: Takeback Phase 3,Dell - ESG Services: Takeback Phase 3,Managed Services,,18-May-2026 04:41:09,Krishnakant Chaudhary,31-Mar-2026 ,pmo_alignedautomation,Amit Daudkhane,,,1006-2272-732153,30-Jul-2026 01:27:35,4843098000002672005,Yet to be Scheduled,
,4843098000000701215,IT & Digital COE,Billable,20-Jan-2025 12:00:00,,Completed,21-Aug-2025 12:49:31,4843098000000688163,pmoappusers_alignedautoma,28-Feb-2025 ,,,ERTO Project Team-2025,LYB - ERTO,Staff Org,,26-May-2026 01:16:03,Sapan Dighe,20-Jan-2025 ,pmo_alignedautomation,Sapan Dighe,,,,28-Feb-2025 12:00:00,4843098000000701215,,
,4843098000002180144,N/A,Billable,01-Jul-2023 12:00:00,,Ongoing,12-Feb-2026 01:47:04,4843098000000688167,pmo_alignedautomation,31-Mar-2027 ,,,EDM Services,Dell - EDM Development,Staff Org,,13-May-2026 10:56:50,Pallavi Dhotre,01-Feb-2026 ,zohouser.pmo1_alignedauto,Praveen Chaudhari,,,1001-2450-747024,31-Jan-2027 12:00:00,4843098000002180144,Yet to be Scheduled,
,4843098000000688463,N/A,Billable,01-Jul-2025 12:00:00,,Completed,21-Aug-2025 12:49:30,4843098000000688167,pmoappusers_alignedautoma,,,,EDM - CARE Development,Dell - EDM Care Development,Staff Org,,13-May-2026 10:56:39,Praveen Chaudhari,,zohouser.pmo1_alignedauto,Praveen Chaudhari,,,1001-2450-116076,30-Apr-2026 12:00:00,4843098000000688463,,
,4843098000000688611,IT & Digital COE,Billable,20-Jan-2023 12:00:00,New SOW signed from Jul to Dec 2025,Completed,21-Aug-2025 12:49:30,4843098000000688163,pmoappusers_alignedautoma,30-Jun-2025 ,LYB - Digital Implementation Resources - Max Chavez - RMD,,Digital Projects-2025,LYB -Digital Projects,Staff Org,,28-May-2026 08:09:39,Gaurish Sathe,01-Jan-2025 ,pmo_alignedautomation,Gaurish Sathe,,,,30-Jun-2025 12:00:00,4843098000000688611,,Functional
,4843098000000701119,IT & Digital COE,Billable,20-Jan-2023 12:00:00,New SOW signed from Jul to Dec 2025,Completed,21-Aug-2025 12:49:31,4843098000000688163,pmoappusers_alignedautoma,31-Jan-2025 ,,,Digital Projects-2025,LYB - Digital Implementation Resources - Max Chavez - RMD,Staff Org,,18-May-2026 04:51:30,Gaurish Sathe,01-Jan-2025 ,pmo_alignedautomation,Gaurish Sathe,,,,31-Jan-2025 04:49:59,4843098000000701119,,Functional
,4843098000003045024,IT & Digital COE,Billable,20-Jan-2023 12:00:00,New SOW signed from Jul to Dec 2025,Completed,28-May-2026 08:07:48,4843098000000688163,pmo_alignedautomation,31-Dec-2025 ,LYB - Digital Implementation Resources - Max Chavez - RMD,,Digital Projects from July till December – Statement of Work for 2025,LYB -Digital Projects,Staff Org,,28-May-2026 08:10:23,Gaurish Sathe,01-Jul-2025 ,pmo_alignedautomation,Gaurish Sathe,,,,31-Dec-2025 12:00:00,4843098000003045024,,Functional
,4843098000000688603,IT & Digital COE,Billable,01-Feb-2025 12:00:00,,Completed,21-Aug-2025 12:49:30,4843098000000688163,pmoappusers_alignedautoma,31-Dec-2025 ,,,Digital AI Projects Support - 2025,LYB - Digital AI Projects,Staff Org,,18-May-2026 03:50:23,Praveen Chaudhari,01-Jan-2025 ,pmo_alignedautomation,Praveen Chaudhari,,,,30-Sep-2025 12:00:00,4843098000000688603,,Technology - DS
,4843098000000701371,IT & Digital COE,Billable,20-Jan-2023 12:00:00,,Completed,21-Aug-2025 12:49:32,4843098000000688163,pmoappusers_alignedautoma,31-Jan-2026 ,,,Digital AI Projects Support - 2025,LYB - Digital Implementation Resources - Advanced Analytics,Staff Org,,18-May-2026 03:51:15,Praveen Chaudhari,01-Jan-2025 ,pmo_alignedautomation,Praveen Chaudhari,,,,31-Jan-2025 03:50:33,4843098000000701371,,Technology - DS
,,N/A,Billable,02-Jul-2025 12:00:00,,Completed,21-Aug-2025 12:49:30,4843098000000688167,pmoappusers_alignedautoma,,,,Dell-University of Tennessee - Data Engineer-CO-3,Dell - University of Tennessee (External),,,16-Oct-2025 04:44:24,Yogesh Bahiramwar,,zohouser.pmo1_alignedauto,Syed Armaan Chawdhary,,,,25-Sep-2025 12:00:00,4843098000000688395,,
,4843098000003012003,N/A,Billable,04-Dec-2023 12:00:00,Dell - Data Lake Solution - Dell-University of Tennessee-CO-2,Completed,25-May-2026 03:31:01,4843098000000688167,pmo_alignedautomation,,,,Dell-University of Tennessee - Data Engineer-CO-1 | Dell-University of Tennessee - Data Engineer-CO-2,Dell - University of Tennessee (External),Staff Org,,25-May-2026 03:33:54,,,pmo_alignedautomation,Swapnil Bhong,,,,03-Apr-2025 12:00:00,4843098000003012003,Done,Technology - DSS
,4843098000000688915,N/A,Billable,04-Dec-2023 12:00:00,Dell - Data Lake Solution - Dell-University of Tennessee-CO-2,Completed,21-Aug-2025 12:49:31,4843098000000688167,pmoappusers_alignedautoma,,,,Dell-University of Tennessee - Data Engineer-CO-1,Dell - University of Tennessee (External),Staff Org,,25-May-2026 03:33:47,,,pmo_alignedautomation,Swapnil Bhong,,,,28-Feb-2025 12:00:00,4843098000000688915,Done,Technology - DSS
,4843098000003213002,,Billable,15-Jun-2026 08:55:53,,Ongoing,15-Jun-2026 08:57:02,,zohouser.pmo1_alignedauto,15-Dec-2026 ,,,Dell SRU,Dell - Data Marketplace,,,17-Jun-2026 04:30:02,Jerin Sam,15-Jun-2026 ,zohouser.pmo1_alignedauto,Pritisinh Shinde,,,,15-Dec-2026 08:56:02,4843098000003213002,Yet to be Scheduled,
Dell - SKU Cost Refresh (GPS),4843098000000688443,N/A,For Allocation,01-Dec-2023 12:00:00,,Completed,21-Aug-2025 12:49:30,4843098000000688167,pmoappusers_alignedautoma,,,,Dell Global Professional Services (GPS) Transformation Blueprint-SKU Cost Update Refresh,Dell - Global Prof Services (GPS) Transformation,Managed Services,,18-May-2026 12:25:05,,,pmo_alignedautomation,Prabhakar Chaudhary,,,,31-Jan-2026 04:40:57,4843098000000688443,Done,
,4843098000000688439,N/A,Billable,01-Dec-2023 12:00:00,,Completed,21-Aug-2025 12:49:30,4843098000000688167,pmoappusers_alignedautoma,,,,Dell Global Professional Services (GPS) Transformation Blueprint-2025 | Dell Global Professional Services (GPS) Transformation Blueprint-SKU Cost Update Refresh,Dell - Global Prof Services (GPS) Transformation,Managed Services,,26-May-2026 06:24:36,Sanjaykumar Shaha,,zoho_alignedautomation,Prabhakar Chaudhary,,,,31-Jan-2026 04:40:57,4843098000000688439,Done,
Dell - AsDeployed Configurator,,N/A,For Allocation,01-Dec-2023 12:00:00,,Completed,21-Aug-2025 12:49:30,4843098000000688167,pmoappusers_alignedautoma,,,,Dell Global Professional Services (GPS) Transformation Blueprint-2025,Dell - Global Prof Services (GPS) Transformation,Managed Services,,12-Feb-2026 01:54:48,,,pmo_alignedautomation,Prabhakar Chaudhary,,,,31-Jan-2026 04:40:57,4843098000000688451,Done,
Dell - ISG Deployment Modernization (GPS Horizon 2),,N/A,For Allocation,01-Dec-2023 12:00:00,,Completed,21-Aug-2025 12:49:30,4843098000000688167,pmoappusers_alignedautoma,,,,Dell Global Professional Services (GPS) Transformation Blueprint-2025,Dell - Global Prof Services (GPS) Transformation,Managed Services,,12-Feb-2026 01:54:48,,,pmo_alignedautomation,Prabhakar Chaudhary,,,,31-Jan-2026 04:40:57,4843098000000688447,Done,
,4843098000002301003,,Billable,03-Feb-2026 03:11:02,,Completed,20-Feb-2026 03:12:42,4843098000000688171,pmo_alignedautomation,31-May-2026 ,,,Data Alignment Tool (DAT),Eli Lilly - Data Alignment Tool (DAT) - AA,Managed Services,,05-Jun-2026 04:20:40,Tushar Bhamare,03-Feb-2026 ,pmo_alignedautomation,Gaurish Sathe,4843098000000697131,,,31-May-2026 03:11:08,4843098000002301003,Yet to be Scheduled,Technology - TSS
,4843098000002199211,IT & Digital COE,Billable,01-Jul-2025 12:00:00,,Completed,11-Feb-2026 06:25:30,4843098000000688163,zohouser.pmo1_alignedauto,30-Apr-2026 ,,Yes,DQP Support – Statement of Work for 2026,LYB - DQP Support,Staff Org,2160,14-May-2026 04:42:05,Sapan Dighe,01-Jan-2026 ,pmo_alignedautomation,Sapan Dighe,4843098000000697183,9,,30-Apr-2026 12:00:00,4843098000002199211,,
,4843098000000688655,IT & Digital COE,Billable,01-Jul-2025 12:00:00,,Completed,21-Aug-2025 12:49:30,4843098000000688163,pmoappusers_alignedautoma,31-Dec-2025 ,,,DQP Support – Statement of Work for 2025,LYB - DQP Support,,,11-Feb-2026 06:43:41,Sapan Dighe,01-Jul-2025 ,zohouser.pmo1_alignedauto,Sapan Dighe,,,,31-Dec-2025 12:00:00,4843098000000688655,,
,4843098000002918042,IT & Digital COE,Billable,01-May-2026 12:00:00,,Ongoing,14-May-2026 04:40:08,4843098000000688163,pmo_alignedautomation,30-Jun-2026 ,,Yes,DQP Support 2026 – CO1,LYB - DQP Support,Staff Org,2160,14-May-2026 04:41:46,Sapan Dighe,01-May-2026 ,pmo_alignedautomation,Sapan Dighe,4843098000000697183,9,,30-Jun-2026 12:00:00,4843098000002918042,,
,4843098000002918047,IT & Digital COE,Billable,01-Feb-2026 12:00:00,DQP Raw Material workflow Phase 2 – Statement of Work for 2025-26,Completed,14-May-2026 06:34:58,4843098000000688163,pmo_alignedautomation,10-Feb-2026 ,LYB - DQP Finance enhancements,Yes,DQP Raw Material workflow Phase 2 - CO-2,LYB - DQP Raw Materials Phase 2,Staff Org,2160,15-May-2026 10:25:56,Sapan Dighe,01-Feb-2026 ,pmo_alignedautomation,Sapan Dighe,4843098000000697183,9,,10-Feb-2026 12:00:00,4843098000002918047,,Technology - TSS
,4843098000000688275,IT & Digital COE,Billable,01-Aug-2025 12:00:00,DQP Raw Material workflow Phase 2 – Statement of Work for 2025-26,Completed,21-Aug-2025 12:49:29,4843098000000688163,pmoappusers_alignedautoma,31-Jan-2026 ,LYB - DQP Finance enhancements,Yes,DQP Raw Material workflow Phase 2 - CO-1,LYB - DQP Raw Materials Phase 2,Staff Org,2160,15-May-2026 10:24:31,Sapan Dighe,01-Aug-2025 ,pmo_alignedautomation,Sapan Dighe,4843098000000697183,9,,31-Jan-2026 12:00:00,4843098000000688275,,Technology - TSS
,4843098000002767006,IT & Digital COE,Billable,01-Aug-2025 12:00:00,Original SOW - DQP Raw Material workflow enhancements – Statement of Work for 2024 (Project to start from August),Completed,16-Apr-2026 05:03:10,4843098000000688163,pmo_alignedautomation,31-Jul-2025 ,,,DQP Finance enhancements,LYB - DQP Finance enhancements,,,16-Apr-2026 05:04:17,Sapan Dighe,01-Jun-2025 ,pmo_alignedautomation,Sapan Dighe,,,,,4843098000002767006,,Technology - TSS
,4843098000000688659,IT & Digital COE,Billable,01-Jun-2025 12:00:00,,Completed,21-Aug-2025 12:49:30,4843098000000688163,pmoappusers_alignedautoma,31-Oct-2025 ,,,DQP Customer enhancements – Statement of Work for 2025,LYB - DQP Customer Enhancements,,,22-May-2026 07:34:42,Sapan Dighe,18-Aug-2025 ,pmo_alignedautomation,Sarang Kulkarni,,,,30-Nov-2025 12:00:00,4843098000000688659,,
,4843098000002791011,Nerve Center,Billable,01-Mar-2025 12:00:00,,Completed,22-Apr-2026 04:37:04,4843098000000688195,pmo_alignedautomation,31-Dec-2026 ,,Yes,DAC Project POD | DAC UI/UX Designer SOW,Worley - DAC Project POD,Staff Org,2080,27-Apr-2026 04:06:59,Sarvesh Kulkarni,01-Jul-2025 ,pmo_alignedautomation,Sarang Kulkarni,4843098000000697143,9,,31-Dec-2025 12:00:00,4843098000002791011,Done,
,4843098000000688731,Nerve Center,Billable,01-Mar-2025 12:00:00,,Completed,21-Aug-2025 12:49:30,4843098000000688195,pmoappusers_alignedautoma,31-May-2026 ,,Yes,DAC Project POD,Worley - DAC Project POD,Staff Org,2080,27-Apr-2026 04:06:59,Sarvesh Kulkarni,01-Mar-2025 ,pmo_alignedautomation,Sarang Kulkarni,4843098000000697143,9,,30-Jun-2025 12:00:00,4843098000000688731,Done,
,4843098000002180130,N/A,Billable,01-May-2025 12:00:00,,Completed,12-Feb-2026 12:28:54,4843098000000688167,pmo_alignedautomation,,Dell - AMRS: Account Management,,Customer Success Customer Reporting,Dell - Customer Success Customer Reporting,Managed Services,,16-Feb-2026 04:53:16,Soumen Ghosh,,zohouser.pmo1_alignedauto,Nitin Asati,,,,31-Jan-2026 12:00:00,4843098000002180130,Done,
,4843098000000688615,IT & Digital COE,Billable,20-Jan-2022 12:00:00,,Completed,21-Aug-2025 12:49:30,4843098000000688163,pmoappusers_alignedautoma,31-Dec-2025 ,,,Customer Centricity (CCE) CoE POD Team-2025,LYB - Customer Centricity POD,Staff Org,,15-Apr-2026 06:53:12,Sapan Dighe,01-Jan-2025 ,pmo_alignedautomation,Sapan Dighe,,,,31-Dec-2025 12:00:00,4843098000000688615,Yet to be Scheduled,Technology - DSS
,4843098000001344089,,Billable,01-Oct-2025 03:33:22,,Completed,16-Oct-2025 03:34:25,4843098000000688163,zohouser.pmo1_alignedauto,31-Dec-2025 ,,,Customer 360 – DE Resource Statement of Work for 2025,LYB - Customer 360,,,15-Apr-2026 06:56:43,Sapan Dighe,01-Oct-2025 ,pmo_alignedautomation,Sapan Dighe,,,,31-Dec-2025 03:33:25,4843098000001344089,Yet to be Scheduled,Technology - DS
,4843098000002750006,Procurement COE,Billable,16-Sep-2024 12:00:00,,Completed,15-Apr-2026 12:30:58,4843098000000688195,zohouser.pmo1_alignedauto,14-Mar-2025 ,,,Cost Optimization | CO-1 Cost Optimization,Worley PCOE - IT Contract Renewal Cost Optimization,Staff Org,,20-Apr-2026 12:52:01,Nishant Kumar,16-Sep-2024 ,zohouser.pmo1_alignedauto,Gaurav Gulati,,,,14-Mar-2025 12:00:00,4843098000002750006,,COE
,4843098000000688663,IT & Digital COE,Billable,01-Jul-2025 12:00:00,,Completed,21-Aug-2025 12:49:30,4843098000000688163,pmoappusers_alignedautoma,31-Dec-2025 ,,,Commodity for Value (CFV) Project – Statement of Work for 2025,LYB - Commodity for Value (CFV),,,15-Apr-2026 06:54:00,Sapan Dighe,01-Jul-2025 ,pmo_alignedautomation,Sapan Dighe,,,,31-Dec-2025 12:00:00,4843098000000688663,,
,4843098000000688835,N/A,Billable,01-Feb-2022 12:00:00,,Completed,21-Aug-2025 12:49:31,4843098000000688167,pmoappusers_alignedautoma,,,,Celonis Consulting Services - AMENDMENT NO. 3,Dell - Digital,Managed Services,,18-May-2026 11:33:56,Neerav Saxena,,pmo_alignedautomation,Swapnil Bhong,,,,31-Jan-2025 12:00:00,4843098000000688835,,
,4843098000000688567,Procurement COE,Billable,20-Jan-2022 12:00:00,,Completed,21-Aug-2025 12:49:30,4843098000000688163,pmoappusers_alignedautoma,19-Jan-2026 ,,Yes,CSIT Procurement COE-2025 | Procurement Operations COE-2025 | Raw Materials Procurement COE-2025 | Technical Materials Procurement COE-2025 | Technical Services Procurement COE-2025,LYB - India COE Category Pool,Staff Org,2080,13-Apr-2026 05:43:58,Gaurav Gulati,20-Jan-2022 ,zohouser.pmo1_alignedauto,Gaurav Gulati,4843098000000697079,8,,19-Jan-2026 12:00:00,4843098000000688567,Done,Functional
,4843098000000688563,Procurement COE,Billable,03-Aug-2020 12:00:00,,Completed,21-Aug-2025 12:49:30,4843098000000688163,pmoappusers_alignedautoma,19-Jan-2026 ,,Yes,CSIT Procurement COE-2025 | Procurement Operations COE-2025 | Raw Materials Procurement COE-2025 | Technical Materials Procurement COE-2025 | Technical Services Procurement COE-2025,LYB- India COE Analyst Pool,Staff Org,2080,13-Apr-2026 05:45:02,Ujjwal Joshi,03-Aug-2020 ,zohouser.pmo1_alignedauto,Gaurav Gulati,4843098000000697079,8,,19-Jan-2026 12:00:00,4843098000000688563,Done,Functional
,4843098000000701467,Nerve Center,Billable,01-Nov-2024 12:00:00,,Completed,21-Aug-2025 12:49:32,4843098000000688195,pmoappusers_alignedautoma,,,,CO-Nerve Center for Worley,Worley - Nerve Center Base Version,,,14-Apr-2026 05:38:31,Sameer Mujawar,,zohouser.pmo1_alignedauto,Sarang Kulkarni,,,,31-Jan-2025 12:00:00,4843098000000701467,,
,4843098000003052008,IT & Digital COE,Billable,01-Jan-2023 12:00:00,,Completed,28-May-2026 05:22:43,4843098000000688163,pmo_alignedautomation,31-Dec-2025 ,,,CO-7 Sustainability,LYB - Sustainability POD PO,Staff Org,,28-May-2026 05:24:30,Sapan Dighe,01-Nov-2025 ,pmo_alignedautomation,Sapan Dighe,,,,31-Dec-2025 12:00:00,4843098000003052008,,Technology - DSS
,4843098000003052006,IT & Digital COE,Billable,01-Jan-2023 12:00:00,,Completed,28-May-2026 05:22:37,4843098000000688163,pmo_alignedautomation,31-Oct-2025 ,,,CO-6 Sustainability,LYB - Sustainability POD PO,Staff Org,,28-May-2026 05:23:51,Sapan Dighe,01-Oct-2025 ,pmo_alignedautomation,Sapan Dighe,,,,31-Oct-2025 12:00:00,4843098000003052006,,Technology - DSS
,4843098000002760023,Procurement COE,Billable,16-Sep-2024 12:00:00,,Ongoing,17-Apr-2026 02:56:11,4843098000000688195,zohouser.pmo1_alignedauto,30-Jun-2026 ,,Yes,CO-5 Cost Optimization,Worley PCOE - IT Contract Renewal Cost Optimization,Managed Services,1920,17-Apr-2026 03:01:29,Nishant Kumar,01-Apr-2026 ,zohouser.pmo1_alignedauto,Gaurav Gulati,4843098000000697079,8,,30-Jun-2026 12:00:00,4843098000002760023,,COE
,4843098000000688559,IT & Digital COE,Billable,01-Jul-2025 12:00:00,,Completed,21-Aug-2025 12:49:30,4843098000000688163,pmoappusers_alignedautoma,,,,CO-4 PowerApps/Power BI Support for Sustainability,LYB - PowerApp / PBI requirement for Sustainability,,,15-Jan-2026 05:10:58,Sapan Dighe,,pmo_alignedautomation,Sapan Dighe,,,,31-Dec-2025 12:00:00,4843098000000688559,,
,4843098000002199074,Procurement COE,Billable,16-Sep-2024 12:00:00,,Completed,11-Feb-2026 01:47:17,4843098000000688195,zohouser.pmo1_alignedauto,31-Mar-2026 ,,Yes,CO-4 Cost Optimization,Worley PCOE - IT Contract Renewal Cost Optimization,Managed Services,1920,17-Apr-2026 03:10:05,Nishant Kumar,01-Jan-2026 ,zohouser.pmo1_alignedauto,Gaurav Gulati,4843098000000697079,8,,31-Mar-2026 12:00:00,4843098000002199074,,COE
,4843098000003045022,IT & Digital COE,Billable,01-Jan-2023 12:00:00,,Completed,28-May-2026 07:41:33,4843098000000688163,pmo_alignedautomation,30-Sep-2025 ,,,CO-3 Sustainability POD Extension,LYB - Sustainability POD PO,Staff Org,,28-May-2026 07:44:48,Sapan Dighe,01-Jul-2025 ,pmo_alignedautomation,Sapan Dighe,,,,30-Sep-2025 12:00:00,4843098000003045022,,Technology - DSS
,4843098000002750010,Procurement COE,Billable,16-Sep-2024 12:00:00,,Completed,15-Apr-2026 12:34:48,4843098000000688195,zohouser.pmo1_alignedauto,31-Dec-2025 ,,,CO-3 Cost Optimization,Worley PCOE - IT Contract Renewal Cost Optimization,Staff Org,,17-Apr-2026 03:09:11,Nishant Kumar,01-Oct-2025 ,zohouser.pmo1_alignedauto,Gaurav Gulati,,,,31-Dec-2025 12:00:00,4843098000002750010,,COE
,4843098000000688511,N/A,Billable,01-Sep-2024 12:00:00,Original SOW - UK Speaker Utilization Support and Enhancement Services,Ongoing,21-Aug-2025 12:49:30,4843098000000688171,pmoappusers_alignedautoma,31-Aug-2026 ,,,CO-2 UK Speaker Utilizer Support and Enhancement Services,Eli Lilly - UK Speaker Utilization Support and Enhancement Services,Managed Services,,22-Apr-2026 04:30:14,Vikram Nahata,01-Jan-2026 ,zohouser.pmo1_alignedauto,Ashwani Tiwary,,,,31-Aug-2026 12:00:00,4843098000000688511,,Technology - TSS
,4843098000003045020,IT & Digital COE,Billable,01-Jan-2023 12:00:00,,Completed,28-May-2026 07:41:24,4843098000000688163,pmo_alignedautomation,30-Jun-2025 ,,,CO-2 Sustainability POD Extension,LYB - Sustainability POD PO,Staff Org,,28-May-2026 07:44:04,Sapan Dighe,01-May-2025 ,pmo_alignedautomation,Sapan Dighe,,,,30-Jun-2025 12:00:00,4843098000003045020,,Technology - DSS
,4843098000003093008,,Billable,11-May-2026 07:18:31,,Ongoing,02-Jun-2026 07:19:31,4843098000000688195,pmo_alignedautomation,07-Aug-2026 ,,,CO-2 Project Delivery Platform POD,Worley - PDP Artemis,Managed Services,,02-Jun-2026 07:19:31,Pooja Mahindalekar,11-May-2026 ,pmo_alignedautomation,Sarang Kulkarni,,,,07-Aug-2026 07:18:37,4843098000003093008,Yet to be Scheduled,Development
,4843098000000688591,IT & Digital COE,Billable,01-Jan-2023 12:00:00,PO used from Dec'23 to Jun'24 - 4405218126,Completed,21-Aug-2025 12:49:30,4843098000000688163,pmoappusers_alignedautoma,31-Oct-2025 ,,,CO-2 PowerApps Capability for Asia priorities,LYB - Asia POD PO,Staff Org,,15-Apr-2026 06:19:18,Sapan Dighe,01-Jul-2025 ,pmo_alignedautomation,Sapan Dighe,,,,31-Dec-2025 12:00:00,4843098000000688591,,Technology - DSS
,4843098000002767002,IT & Digital COE,Billable,26-Aug-2024 12:00:00,PO extended till June 30,Completed,16-Apr-2026 04:06:50,4843098000000688163,pmo_alignedautomation,31-May-2025 ,,,"CO-2 DQ support for Vendor Domain, CLCS project Extension","LYB - DQ Support for Vendor Domain, C&LCS project",Staff Org,,16-Apr-2026 04:08:17,Sapan Dighe,01-Apr-2025 ,pmo_alignedautomation,Sapan Dighe,,,,30-Jun-2025 12:00:00,4843098000002767002,,
,4843098000000688723,Procurement COE,Billable,16-Sep-2024 12:00:00,,Completed,21-Aug-2025 12:49:30,4843098000000688195,pmoappusers_alignedautoma,30-Sep-2025 ,,,CO-2 Cost Optimization,Worley PCOE - IT Contract Renewal Cost Optimization,Staff Org,,17-Apr-2026 03:08:07,Nishant Kumar,01-Jul-2025 ,zohouser.pmo1_alignedauto,Gaurav Gulati,,,,30-Sep-2025 12:00:00,4843098000000688723,,COE
,4843098000002791014,Nerve Center,Billable,01-Mar-2025 12:00:00,,Ongoing,22-Apr-2026 04:40:26,4843098000000688195,pmo_alignedautomation,31-Mar-2027 ,,Yes,CO-1 – DAC Project POD | CO-1 DAC UIUX Designer SOW,Worley - DAC Project POD,Staff Org,2080,27-Apr-2026 04:04:14,Sarvesh Kulkarni,01-Jan-2026 ,pmo_alignedautomation,Sarang Kulkarni,4843098000000697143,9,,31-May-2027 12:00:00,4843098000002791014,Done,
,4843098000002760002,N/A,Billable,01-Sep-2024 12:00:00,Original SOW - UK Speaker Utilization Support and Enhancement Services,Completed,16-Apr-2026 01:31:29,4843098000000688171,zohouser.pmo1_alignedauto,31-Dec-2025 ,,,CO-1 UK Speaker Utilizer Support and Enhancement Services,Eli Lilly - UK Speaker Utilization Support and Enhancement Services,Managed Services,,22-Apr-2026 04:29:27,Vikram Nahata,01-Jan-2025 ,zohouser.pmo1_alignedauto,Ashwani Tiwary,,,,31-Dec-2025 12:00:00,4843098000002760002,,Technology - TSS
,4843098000000688599,IT & Digital COE,Billable,01-Jan-2023 12:00:00,,Completed,21-Aug-2025 12:49:30,4843098000000688163,pmoappusers_alignedautoma,30-Apr-2025 ,,,CO-1 Sustainability POD Extension,LYB - Sustainability POD PO,Staff Org,,28-May-2026 07:43:01,Sapan Dighe,01-Feb-2025 ,pmo_alignedautomation,Sapan Dighe,,,,30-Apr-2025 12:00:00,4843098000000688599,,Technology - DSS
,4843098000000688735,Nerve Center,Billable,24-Apr-2025 12:00:00,,Completed,21-Aug-2025 12:49:30,4843098000000688195,pmoappusers_alignedautoma,31-Oct-2025 ,,,CO-1 Project Delivery Platform POD,Worley - PDP POD,Managed Services,,14-Apr-2026 06:07:30,Sameer Mujawar,01-Aug-2025 ,zohouser.pmo1_alignedauto,Sarang Kulkarni,,,,31-Oct-2025 12:00:00,4843098000000688735,,
,,IT & Digital COE,Billable,18-Jun-2025 12:00:00,,Completed,21-Aug-2025 12:49:30,4843098000000688163,pmoappusers_alignedautoma,,,,CO-1 PowerApps Development-2025,LYB - PowerApps Development building a tool,,,17-Oct-2025 04:45:57,Sapan Dighe,,zohouser.pmo1_alignedauto,Sarang Kulkarni,,,,17-Sep-2025 12:00:00,4843098000000688647,,
,4843098000000688583,IT & Digital COE,For Billing Purpose,20-Jan-2023 12:00:00,Add this project for Billing purpose,Completed,21-Aug-2025 12:49:30,4843098000000688163,pmoappusers_alignedautoma,,,,CO-1 IT & Digital COE Extension,LYB - IT Resources Data & Analytics - Mark Ponter,Staff Org,,15-Jan-2026 05:19:12,"Shrirang Salway,Sapan Dighe",,pmo_alignedautomation,Sapan Dighe,,,,31-Dec-2025 12:00:00,4843098000000688583,,Technology - TSS
,4843098000002997046,IT & Digital COE,Billable,20-Jan-2023 12:00:00,,Completed,26-May-2026 04:49:53,4843098000000688163,pmo_alignedautomation,,,,CO-1 IT & Digital COE Extension,LYB - IT Resources Data & Analytics,Staff Org,,26-May-2026 04:49:53,Sapan Dighe,,pmo_alignedautomation,Sapan Dighe,,,,31-Dec-2025 12:00:00,4843098000002997046,Yet to be Scheduled,Technology - TSS
,4843098000000688587,IT & Digital COE,For Billing Purpose,20-Jan-2023 12:00:00,Add this project for Billing purpose,Completed,21-Aug-2025 12:49:30,4843098000000688163,pmoappusers_alignedautoma,,,,CO-1 IT & Digital COE Extension,LYB - IT Resources Data & Analytics - Vivek Agarwal,Staff Org,,15-Jan-2026 05:19:30,"Shrirang Salway,Sapan Dighe",,pmo_alignedautomation,Sapan Dighe,,,,31-Dec-2025 12:00:00,4843098000000688587,,Technology - TSS
,4843098000003045016,IT & Digital COE,Billable,22-Jul-2024 12:00:00,,Completed,28-May-2026 07:25:23,4843098000000688163,pmo_alignedautomation,31-Dec-2025 ,,,CO-1 Full Stack Development – Statement of Work for 2024,LYB - Full Stack Development,Staff Org,,28-May-2026 07:27:06,Sapan Dighe,01-Apr-2025 ,pmo_alignedautomation,Sarang Kulkarni,,,,31-Dec-2025 12:00:00,4843098000003045016,,Development
,4843098000000805003,IT & Digital COE,Billable,18-Aug-2025 06:30:57,,Completed,08-Sep-2025 06:32:09,4843098000000688163,pmo_alignedautomation,12-Sep-2025 ,,,CO-1 DQP Finance enhancements,LYB - DQP Finance Extension,Managed Services,,16-Apr-2026 05:13:11,Sapan Dighe,18-Aug-2025 ,pmo_alignedautomation,Sapan Dighe,,,,12-Sep-2025 06:31:03,4843098000000805003,,Technology - DS
,4843098000000701267,IT & Digital COE,Billable,26-Aug-2024 12:00:00,PO extended till June 30,Completed,21-Aug-2025 12:49:31,4843098000000688163,pmoappusers_alignedautoma,31-Mar-2025 ,,,"CO-1 DQ support for Vendor Domain, CLCS project Extension","LYB - DQ Support for Vendor Domain, C&LCS project",Staff Org,,16-Apr-2026 04:06:34,Sapan Dighe,01-Jan-2025 ,pmo_alignedautomation,Sapan Dighe,,,,30-Jun-2025 12:00:00,4843098000000701267,,
,4843098000002750008,Procurement COE,Billable,16-Sep-2024 12:00:00,,Completed,15-Apr-2026 12:33:02,4843098000000688195,zohouser.pmo1_alignedauto,30-Jun-2025 ,,,CO-1 Cost Optimization | Cost Optimization,Worley PCOE - IT Contract Renewal Cost Optimization,Staff Org,,20-Apr-2026 12:43:47,Nishant Kumar,03-Feb-2025 ,zohouser.pmo1_alignedauto,Gaurav Gulati,,,,30-Jun-2025 12:00:00,4843098000002750008,,COE
,4843098000000688631,IT & Digital COE,Billable,01-Jul-2025 12:00:00,,Completed,21-Aug-2025 12:49:30,4843098000000688163,pmoappusers_alignedautoma,31-Dec-2025 ,,,CO – HR POD Extension,LYB - HR POD Team,Staff Org,,26-May-2026 01:23:43,Sapan Dighe,01-Jul-2025 ,pmo_alignedautomation,Sapan Dighe,,,,31-Dec-2025 12:00:00,4843098000000688631,,Technology - DSS
,4843098000000688983,N/A,Billable,27-Jan-2025 12:00:00,,Completed,21-Aug-2025 12:49:31,4843098000000688171,pmoappusers_alignedautoma,28-Feb-2025 ,,,CMH Medical Affairs TL Utilization Dashboard,Eli Lilly - CMH Medical Affairs TL Utilization Dashboard,,,22-Apr-2026 12:27:15,Vikram Nahata,27-Jan-2025 ,zohouser.pmo1_alignedauto,Ashwani Tiwary,,,,28-Feb-2025 12:00:00,4843098000000688983,,
,4843098000000688483,N/A,Billable,01-Jan-2025 12:00:00,,Completed,21-Aug-2025 12:49:30,4843098000000688171,pmoappusers_alignedautoma,30-Jun-2025 ,,,CMH Medical Affairs AutomateHub – Support Services 2025 | CMH Medical Affairs AutomateHub – Support Services 2025 Change Order 1,Eli Lilly - CMH Medical Affairs AutomateHub – Support Services,Managed Services,,21-Apr-2026 06:05:22,Vikram Nahata,01-Mar-2025 ,zohouser.pmo1_alignedauto,Ashwani Tiwary,,,,30-Jun-2025 12:00:00,4843098000000688483,,
,4843098000002786002,N/A,Billable,01-Jan-2025 12:00:00,,Completed,21-Apr-2026 05:37:46,4843098000000688171,zohouser.pmo1_alignedauto,30-Sep-2025 ,,,CMH Medical Affairs AutomateHub – Support Services 2025 Change Order 1,Eli Lilly - CMH Medical Affairs AutomateHub – Support Services,Managed Services,,21-Apr-2026 06:19:19,Vikram Nahata,01-Jul-2025 ,zohouser.pmo1_alignedauto,Ashwani Tiwary,,,,30-Sep-2025 12:00:00,4843098000002786002,,
,4843098000002786008,N/A,Billable,01-Jan-2025 12:00:00,,Completed,21-Apr-2026 06:06:51,4843098000000688171,zohouser.pmo1_alignedauto,31-Dec-2025 ,,,CMH Medical Affairs AutomateHub – Support Services 2025,Eli Lilly - CMH Medical Affairs AutomateHub – Support Services,Managed Services,,21-Apr-2026 06:19:09,Vikram Nahata,01-Oct-2025 ,zohouser.pmo1_alignedauto,Ashwani Tiwary,,,,31-Dec-2025 12:00:00,4843098000002786008,,
,4843098000000701023,N/A,Billable,10-Feb-2025 12:00:00,,Completed,21-Aug-2025 12:49:31,4843098000000688171,pmoappusers_alignedautoma,22-Apr-2025 ,,,CMH Medical Affairs Ad Board CIAB Assistant,Eli Lilly - CMH Medical Affairs Ad Board CIAB Assistant,Managed Services,,21-Apr-2026 05:21:09,Vikram Nahata,10-Feb-2025 ,zohouser.pmo1_alignedauto,Ashwani Tiwary,,,,22-Apr-2025 12:00:00,4843098000000701023,,
,4843098000000688975,N/A,Billable,03-Mar-2025 12:00:00,,Completed,21-Aug-2025 12:49:31,4843098000000688171,pmoappusers_alignedautoma,15-May-2025 ,,,CMH Congress Attendance Tracker,Eli Lily - CMH Congress Attendance Tracker,Managed Services,,22-Apr-2026 04:43:50,Vikram Nahata,03-Mar-2025 ,zohouser.pmo1_alignedauto,Ashwani Tiwary,,,,15-May-2025 12:00:00,4843098000000688975,,
,4843098000001344244,,Billable,24-Sep-2025 05:58:55,,Completed,16-Oct-2025 05:59:39,4843098000000688171,zohouser.pmo1_alignedauto,12-Dec-2025 ,,,CMH Ad Board Summary CoPilot Assistant,Eli Lilly - CMH Ad Board Summary Copilot Assistant,,,08-May-2026 05:33:14,Vikram Nahata,24-Sep-2025 ,pmo_alignedautomation,Ashwani Tiwary,,,,12-Dec-2025 05:59:00,4843098000001344244,Yet to be Scheduled,
,4843098000002465032,,Billable,16-Feb-2026 12:16:51,,Completed,06-Mar-2026 12:17:34,4843098000000688171,zohouser.pmo1_alignedauto,30-Apr-2026 ,,,CMH AML Rockstar Agent,Eli Lilly - CMH AML Rockstar Agent,Managed Services,,12-May-2026 11:31:42,Durgesh Jhala,16-Feb-2026 ,pmo_alignedautomation,Ashwani Tiwary,,,,30-Apr-2026 12:16:56,4843098000002465032,Yet to be Scheduled,
,4843098000000688279,N/A,Billable,15-Aug-2023 12:00:00,we have submitted the change order for this Jul to Dec'25. We have not received the signed copy yet,Completed,21-Aug-2025 12:49:29,4843098000000688183,pmoappusers_alignedautoma,31-Dec-2025 ,,,CHANGE ORDER – Austin Cash Application Transformation,Austin Cash Application Transformation - Support,Managed Services,,20-Apr-2026 05:04:10,Sameer Mujawar,01-Oct-2025 ,zohouser.pmo1_alignedauto,Sarang Kulkarni,,,,31-Dec-2025 12:00:00,4843098000000688279,Done,Functional
,4843098000002969013,Procurement COE,Billable,29-Jan-2026 03:42:15,,Completed,20-May-2026 04:25:23,4843098000000688163,pmo_alignedautomation,28-May-2026 ,,Yes,CHANGE ORDER 3 – For Project Elephant (Formerly Divestiture),LYB - PCOE Project Elephant - Divestiture,Staff Org,2080,17-Jun-2026 05:14:21,Gaurav Gulati,29-Jan-2026 ,zohouser.pmo1_alignedauto,Gaurav Gulati,4843098000000697079,8,,28-May-2026 03:42:23,4843098000002969013,Yet to be Scheduled,COE
,4843098000002969004,Procurement COE,Billable,10-Jan-2026 03:42:15,,Completed,20-May-2026 03:46:46,4843098000000688163,pmo_alignedautomation,28-Jan-2026 ,,Yes,CHANGE ORDER 2 – For Project Elephant (Formerly Divestiture),LYB - PCOE Project Elephant - Divestiture,Staff Org,2080,20-May-2026 03:49:23,Gaurav Gulati,10-Jan-2026 ,pmo_alignedautomation,Gaurav Gulati,4843098000000697079,8,,28-Jan-2026 03:42:23,4843098000002969004,Yet to be Scheduled,COE
,4843098000000701363,IT & Digital COE,Billable,01-Jun-2024 12:00:00,,Completed,21-Aug-2025 12:49:32,4843098000000688163,pmoappusers_alignedautoma,31-Jan-2025 ,,,CHANGE ORDER 1 – PowerApps and Web Application Development Extension,LYB - Web Application Development POD,,,28-May-2026 07:54:55,,01-Nov-2024 ,pmo_alignedautomation,Sarang Kulkarni,,,,31-Jan-2025 12:00:00,4843098000000701363,,Development
,4843098000002969006,Procurement COE,Billable,22-Sep-2025 03:42:15,,Completed,20-May-2026 03:48:45,4843098000000688163,pmo_alignedautomation,28-May-2026 ,,Yes,CHANGE ORDER 1 – For Project Elephant (Formerly Divestiture) | CHANGE ORDER 2 – For Project Elephant (Formerly Divestiture) | CHANGE ORDER 3 – For Project Elephant (Formerly Divestiture),LYB - PCOE Project Elephant - Divestiture,Staff Org,2080,20-May-2026 04:49:44,Gaurav Gulati,22-Sep-2025 ,pmo_alignedautomation,Gaurav Gulati,4843098000000697079,8,,28-May-2026 03:42:23,4843098000002969006,Yet to be Scheduled,COE
,4843098000002969002,Procurement COE,Billable,22-Sep-2025 03:42:15,,Completed,20-May-2026 03:46:01,4843098000000688163,pmo_alignedautomation,09-Jan-2026 ,,Yes,CHANGE ORDER 1 – For Project Elephant (Formerly Divestiture),LYB - PCOE Project Elephant - Divestiture,Staff Org,2080,20-May-2026 03:49:11,Gaurav Gulati,22-Sep-2025 ,pmo_alignedautomation,Gaurav Gulati,4843098000000697079,8,,09-Jan-2026 03:42:23,4843098000002969002,Yet to be Scheduled,COE
,4843098000002750037,N/A,Billable,15-Aug-2023 12:00:00,we have submitted the change order for this Jul to Dec'25. We have not received the signed copy yet,Completed,15-Apr-2026 04:22:48,4843098000000688183,zohouser.pmo1_alignedauto,30-Sep-2025 ,,,Austin Cash Application Transformation-Support,Austin Cash Application Transformation - Support,Managed Services,,20-Apr-2026 05:22:42,Sameer Mujawar,01-Jan-2025 ,zohouser.pmo1_alignedauto,Sarang Kulkarni,,,,30-Sep-2025 12:00:00,4843098000002750037,Done,Functional
,4843098000002222244,N/A,Billable,15-Aug-2023 12:00:00,we have submitted the change order for this Jul to Dec'25. We have not received the signed copy yet,Ongoing,13-Feb-2026 04:11:37,4843098000000688183,zohouser.pmo1_alignedauto,30-Jun-2026 ,,,Austin Cash Application Transformation Support POD Joint Statement of Work (SOW),Austin Cash Application Transformation - Support,Managed Services,,20-Apr-2026 05:04:53,Sameer Mujawar,01-Jan-2026 ,zohouser.pmo1_alignedauto,Sarang Kulkarni,,,,30-Jun-2026 12:00:00,4843098000002222244,Done,Functional
,4843098000000688747,N/A,Billable,01-Dec-2024 12:00:00,,Completed,21-Aug-2025 12:49:30,4843098000000688183,pmoappusers_alignedautoma,31-Jan-2025 ,,,Austin Cash Application Transformation - Go live readiness,Austin Cash Application Transformation - Go-Live Readiness,Managed Services,,15-Apr-2026 04:05:14,Sameer Mujawar,01-Dec-2024 ,zohouser.pmo1_alignedauto,Sarang Kulkarni,,,,31-Jan-2025 12:00:00,4843098000000688747,,Functional
,4843098000001006015,IT & Digital COE,Billable,01-Sep-2025 09:30:57,,Completed,18-Sep-2025 03:40:45,4843098000000688163,zohouser.pmo1_alignedauto,31-Dec-2025 ,,,Asia OTIF Project – Statement of Work for 2025,LYB - Asia OTIF,Managed Services,,22-May-2026 07:29:19,Sapan Dighe,01-Sep-2025 ,pmo_alignedautomation,Sapan Dighe,,,,31-Dec-2025 06:31:03,4843098000001006015,,Technology - DS
,,IT & Digital COE,Billable,23-Sep-2024 12:00:00,,Completed,21-Aug-2025 12:49:30,4843098000000688163,pmoappusers_alignedautoma,,,,Asia CoE POD Team-2025,LYB - PowerApps Development (Asia POD),Staff Org,,26-Nov-2025 02:52:32,Sapan Dighe,,zohouser.pmo1_alignedauto,Sapan Dighe,,,,31-Oct-2025 12:00:00,4843098000000688595,,Development
,4843098000000701019,N/A,Billable,09-Dec-2024 12:00:00,,Completed,21-Aug-2025 12:49:31,4843098000000688171,pmoappusers_alignedautoma,30-Jun-2025 ,,,Application Support Lead Services,Eli Lilly - Application Support Lead Staffing Services,Staff Org,,21-Apr-2026 05:10:04,Vikram Nahata,09-Dec-2024 ,zohouser.pmo1_alignedauto,Ashwani Tiwary,,,,30-Jun-2025 12:00:00,4843098000000701019,,
,4843098000000688671,N/A,Billable,01-Apr-2025 12:00:00,,Ongoing,21-Aug-2025 12:49:30,4843098000000688199,pmoappusers_alignedautoma,31-Oct-2027 ,,,Application Management Services,Nordson - AMS,Staff Org,,20-Apr-2026 05:18:18,Sarvesh Kulkarni,01-Jan-2026 ,zohouser.pmo1_alignedauto,Sarang Kulkarni,4843098000000696943,,,31-Oct-2027 12:00:00,4843098000000688671,,
(Dell DTD) Dell - ODE / E Support Manual Dispatch Processing,,N/A,For Allocation,18-Apr-2021 12:00:00,,Ongoing,21-Aug-2025 12:49:30,4843098000000688167,pmoappusers_alignedautoma,,,,"Amendment 2 TechDirect, Field, Depot & E support Every Defect Matters",Dell - DTD,Managed Services,,15-Jan-2026 01:53:32,Amar Nirmal,,zohouser.pmo1_alignedauto,Syed Armaan Chawdhary,,,,31-Jan-2027 05:18:02,4843098000000688351,Done,Functional
(Dell DTD) Dell - Case Management,,N/A,For Allocation,26-Aug-2025 12:00:00,,Ongoing,10-Oct-2025 01:19:44,4843098000000688167,zohodeveloper_alignedauto,,,,"Amendment 2 TechDirect, Field, Depot & E support Every Defect Matters",Dell - DTD,Managed Services,,15-Jan-2026 01:53:32,Amar Nirmal,,zohouser.pmo1_alignedauto,Syed Armaan Chawdhary,,,,31-Jan-2027 05:18:02,4843098000001239007,Done,Functional
(Dell DTD) Dell - Business Intelligence,,N/A,For Allocation,18-Apr-2021 12:00:00,,Ongoing,21-Aug-2025 12:49:30,4843098000000688167,pmoappusers_alignedautoma,,,,"Amendment 2 TechDirect, Field, Depot & E support Every Defect Matters",Dell - DTD,Managed Services,,15-Jan-2026 01:53:32,Amar Nirmal,,zohouser.pmo1_alignedauto,Syed Armaan Chawdhary,,,,31-Jan-2027 05:18:02,4843098000000688335,Done,Functional
,4843098000000688311,N/A,Billable,18-Apr-2021 12:00:00,,Ongoing,21-Aug-2025 12:49:29,4843098000000688167,pmoappusers_alignedautoma,,,,"Amendment 2 TechDirect, Field, Depot & E support Every Defect Matters",Dell - DTD,Managed Services,,06-May-2026 04:50:12,Amar Nirmal,05-Apr-2024 ,pmo_alignedautomation,Syed Armaan Chawdhary,,,,31-Jan-2027 05:18:02,4843098000000688311,Done,Functional
(Dell DTD) Dell - MDS LA,4843098000001795073,N/A,For Allocation,18-Apr-2021 12:00:00,,Completed,17-Dec-2025 03:47:18,4843098000000688167,zohouser.pmo1_alignedauto,,,,"Amendment 2 TechDirect, Field, Depot & E support Every Defect Matters",Dell - DTD,Managed Services,,16-Jan-2026 04:14:31,Amar Nirmal,,zohouser.pmo1_alignedauto,Syed Armaan Chawdhary,,,,31-Jan-2027 05:18:02,4843098000001795073,Done,Functional
(Dell DTD) Dell - Depot Basic / Pro Support Distress Case Management / Automation,,N/A,For Allocation,18-Apr-2021 12:00:00,,Ongoing,21-Aug-2025 12:49:29,4843098000000688167,pmoappusers_alignedautoma,,,,"Amendment 2 TechDirect, Field, Depot & E support Every Defect Matters",Dell - DTD,Managed Services,,15-Jan-2026 01:53:32,Amar Nirmal,,zohouser.pmo1_alignedauto,Syed Armaan Chawdhary,,,,31-Jan-2027 05:18:02,4843098000000688319,Done,Functional
(Dell DTD) Dell - MDS,4843098000000688367,N/A,For Allocation,18-Apr-2021 12:00:00,,Ongoing,21-Aug-2025 12:49:30,4843098000000688167,pmoappusers_alignedautoma,,,,"Amendment 2 TechDirect, Field, Depot & E support Every Defect Matters",Dell - DTD,Managed Services,,16-Jan-2026 04:14:51,Amar Nirmal,,zohouser.pmo1_alignedauto,Syed Armaan Chawdhary,,,,31-Jan-2027 05:18:02,4843098000000688367,Done,Functional
(Dell DTD) Dell - Enrollment,,N/A,For Allocation,18-Apr-2021 12:00:00,,Ongoing,21-Aug-2025 12:49:30,4843098000000688167,pmoappusers_alignedautoma,,,,"Amendment 2 TechDirect, Field, Depot & E support Every Defect Matters",Dell - DTD,Managed Services,,15-Jan-2026 01:53:32,Amar Nirmal,,zohouser.pmo1_alignedauto,Syed Armaan Chawdhary,,,,31-Jan-2027 05:18:02,4843098000000688343,Done,Functional
(Dell DTD) Dell - CSAT-IVY / Distress Case Management / Automation,,N/A,For Allocation,18-Apr-2021 12:00:00,,Ongoing,21-Aug-2025 12:49:30,4843098000000688167,pmoappusers_alignedautoma,,,,"Amendment 2 TechDirect, Field, Depot & E support Every Defect Matters",Dell - DTD,Managed Services,,15-Jan-2026 01:53:32,Amar Nirmal,,zohouser.pmo1_alignedauto,Syed Armaan Chawdhary,,,,31-Jan-2027 05:18:02,4843098000000688359,Done,Functional
(Dell DTD) Dell - Every Defect Matters,,N/A,For Allocation,18-Apr-2021 12:00:00,,Ongoing,21-Aug-2025 12:49:30,4843098000000688167,pmoappusers_alignedautoma,,,,"Amendment 2 TechDirect, Field, Depot & E support Every Defect Matters",Dell - DTD,Managed Services,,15-Jan-2026 01:53:32,Amar Nirmal,,zohouser.pmo1_alignedauto,Syed Armaan Chawdhary,,,,31-Jan-2027 05:18:02,4843098000000688327,Done,Functional
,,IT & Digital COE,Billable,07-Jul-2025 12:00:00,,Completed,21-Aug-2025 12:49:30,4843098000000688163,pmoappusers_alignedautoma,,,,Advance Manufacturing Project Data Engineering support – Statement of Work for 2025,LYB - Advance Manufacturing Project Data Engineering support,,,17-Oct-2025 04:53:12,Sapan Dighe,,zohouser.pmo1_alignedauto,Sapan Dighe,,,,06-Aug-2025 12:00:00,4843098000000688667,,
,4843098000003045003,Procurement COE,Billable,20-Jan-2022 12:00:00,,Ongoing,28-May-2026 06:51:28,4843098000000688163,pmo_alignedautomation,19-Jan-2027 ,,No,APS Raw Materials Procurement Center of Excellence (COE) Capability,LYB - India COE APS Category Pool,Staff Org,2080,28-May-2026 06:54:41,Gaurav Gulati,20-Jan-2026 ,pmo_alignedautomation,Gaurav Gulati,4843098000000697079,8,,19-Jan-2027 12:00:00,4843098000003045003,Done,Functional
,4843098000003045011,Procurement COE,Billable,20-Jan-2022 12:00:00,,Completed,28-May-2026 07:09:33,4843098000000688163,pmo_alignedautomation,31-Jan-2026 ,,No,APS Raw Materials Procurement COE-2025 | APS Raw Materials Procurement Center of Excellence (COE) Capability,LYB - India COE APS Category Pool,Staff Org,2080,28-May-2026 07:10:09,Gaurav Gulati,20-Jan-2025 ,pmo_alignedautomation,Gaurav Gulati,4843098000000697079,8,,31-Jan-2026 12:00:00,4843098000003045011,Done,Functional
,4843098000003045008,Procurement COE,Billable,20-Jan-2022 12:00:00,,Completed,28-May-2026 07:07:03,4843098000000688163,pmo_alignedautomation,31-Jan-2026 ,,Yes,APS Raw Materials Procurement COE-2025 | APS Raw Materials Procurement Center of Excellence (COE) Capability,LYB - India COE APS Category Pool (Mukul Khosla),Staff Org,2080,28-May-2026 07:08:07,Gaurav Gulati,20-Jan-2025 ,pmo_alignedautomation,Gaurav Gulati,4843098000000697079,8,,31-Jan-2026 12:00:00,4843098000003045008,Done,Functional
,4843098000000688571,Procurement COE,Billable,20-Jan-2022 12:00:00,,Completed,21-Aug-2025 12:49:30,4843098000000688163,pmoappusers_alignedautoma,19-Jan-2026 ,,No,APS Raw Materials Procurement COE-2025,LYB - India COE APS Category Pool,Staff Org,2080,28-May-2026 06:52:16,Gaurav Gulati,20-Jan-2025 ,pmo_alignedautomation,Gaurav Gulati,4843098000000697079,8,,19-Jan-2027 12:00:00,4843098000000688571,Done,Functional
,4843098000000688575,Procurement COE,Billable,20-Jan-2022 12:00:00,,Completed,21-Aug-2025 12:49:30,4843098000000688163,pmoappusers_alignedautoma,19-Jan-2026 ,,Yes,APS Raw Materials Procurement COE-2025,LYB - India COE APS Category Pool (Mukul Khosla),Staff Org,2080,28-May-2026 06:51:03,Gaurav Gulati,20-Jan-2025 ,pmo_alignedautomation,Gaurav Gulati,4843098000000697079,8,,19-Jan-2026 12:00:00,4843098000000688575,Done,Functional
,4843098000000688623,IT & Digital COE,Billable,01-Jan-2024 12:00:00,,Completed,21-Aug-2025 12:49:30,4843098000000688163,pmoappusers_alignedautoma,,,,APS POD II COE – 2025,LYB - APS POD II - COE,Staff Org,,15-Jan-2026 05:23:05,Sapan Dighe,,pmo_alignedautomation,Sapan Dighe,,,,31-Dec-2025 12:00:00,4843098000000688623,,Technology - DSS
,4843098000000688619,IT & Digital COE,Billable,01-Jan-2023 12:00:00,,Completed,21-Aug-2025 12:49:30,4843098000000688163,pmoappusers_alignedautoma,,,,APS POD I COE-2025,LYB - APS PoD,Staff Org,,15-Jan-2026 05:22:55,Sapan Dighe,,pmo_alignedautomation,Sapan Dighe,,,,31-Dec-2025 12:00:00,4843098000000688619,,Technology - DSS
,4843098000002750031,N/A,Billable,01-Apr-2025 12:00:00,,Completed,15-Apr-2026 03:17:37,4843098000000688199,zohouser.pmo1_alignedauto,30-Sep-2025 ,,,"AMS Pilot for ServiceNow, NeoCase and AgilePoint",Nordson - AMS,Staff Org,,20-Apr-2026 05:20:49,Sarvesh Kulkarni,01-Apr-2025 ,zohouser.pmo1_alignedauto,Sarang Kulkarni,4843098000000696943,,,30-Sep-2025 12:00:00,4843098000002750031,,
,4843098000000688459,N/A,Billable,01-Jul-2023 12:00:00,,Completed,21-Aug-2025 12:49:30,4843098000000688167,pmoappusers_alignedautoma,31-Jan-2026 ,Dell - Every Defect Matters - Amendment 2,,AMENDMENT NO. 9 TO Dell_Aligned Automation TechDirect SOW Phase 2-EDM,Dell - EDM Development,Managed Services,,16-Feb-2026 04:51:03,Abhishek Mane,01-Jul-2023 ,zohouser.pmo1_alignedauto,Praveen Chaudhari,,,,31-Jan-2026 12:00:00,4843098000000688459,Yet to be Scheduled,
,4843098000000688387,N/A,Billable,07-Oct-2024 12:00:00,1 resource of Nitin's org working for Amit S in Dell,Ongoing,21-Aug-2025 12:49:30,4843098000000688167,pmoappusers_alignedautoma,31-Jan-2027 ,Dell - NLPe (SRU Extension),,AMENDMENT NO. 9 TO Dell_Aligned Automation Tech Direct SOW Phase 2-SRU,Dell - NLPe (AI + Dev),Staff Org,,13-May-2026 11:01:29,"Soumen Ghosh,Vinodh Ramadas",01-Feb-2026 ,zohouser.pmo1_alignedauto,Nitin Asati,,,1001-2450-116076,31-Jan-2027 12:00:00,4843098000000688387,,
,4843098000000688743,N/A,Billable,15-Oct-2024 12:00:00,On hold from July 25,Completed,21-Aug-2025 12:49:30,4843098000000688167,pmoappusers_alignedautoma,,Dell - Offer Lifecycle Process - Discovery & Optimization,,AMENDMENT NO. 9 TO Dell_Aligned Automation Tech Direct SOW Phase 2-SRU,Dell - Digitization & Automation,Managed Services,,15-May-2026 03:16:54,Kavindra Mishra,,pmo_alignedautomation,Swapnil Bhong,,,,30-Jun-2025 12:00:00,4843098000000688743,Done,
,4843098000000688355,N/A,Billable,02-Jun-2025 12:00:00,,Ongoing,21-Aug-2025 12:49:30,4843098000000688167,pmoappusers_alignedautoma,31-Jan-2027 ,,,AMENDMENT NO. 9 TO Dell_Aligned Automation Tech Direct SOW Phase 2-SRU,Dell - Cash Register,Managed Services,,13-May-2026 11:02:11,Sapan Dighe,01-Feb-2026 ,zohouser.pmo1_alignedauto,Sapan Dighe,,,1001-2450-116076,31-Jan-2027 04:44:18,4843098000000688355,,
,4843098000000688415,N/A,Billable,01-Feb-2025 12:00:00,,Completed,21-Aug-2025 12:49:30,4843098000000688167,pmoappusers_alignedautoma,,,,AMENDMENT NO. 9 TO Dell_Aligned Automation Tech Direct SOW Phase 2-SRU,Dell - 4 NOs,Managed Services,,13-May-2026 11:03:57,Shruti Pandey,,zohouser.pmo1_alignedauto,Swapnil Bhong,,,1001-2450-116076,31-Oct-2025 12:00:00,4843098000000688415,,
,4843098000000688419,N/A,Billable,15-Jan-2024 12:00:00,,Ongoing,21-Aug-2025 12:49:30,4843098000000688167,pmoappusers_alignedautoma,31-Jan-2027 ,Dell – TechDirect Ph2 - FPE UI,,AMENDMENT NO. 9 TO Dell_Aligned Automation Tech Direct SOW Phase 2-SRU,Dell - Fraud Prevention,Managed Services,,13-May-2026 11:03:36,Neerav Saxena,01-Feb-2026 ,zohouser.pmo1_alignedauto,Swapnil Bhong,,,1001-2450-116076,31-Jan-2027 04:44:18,4843098000000688419,Done,Technology - DS
,4843098000000688427,N/A,Billable,06-Dec-2023 12:00:00,,Completed,21-Aug-2025 12:49:30,4843098000000688167,pmoappusers_alignedautoma,,"Dell - Skan Task Mining, Dell - Gen AI for Support",,AMENDMENT NO. 9 TO Dell_Aligned Automation Tech Direct SOW Phase 2-SRU,Dell - Skan AI,Managed Services,,13-May-2026 11:02:47,Neerav Saxena,,zohouser.pmo1_alignedauto,Swapnil Bhong,,,1001-2450-116076,31-Dec-2025 12:00:00,4843098000000688427,Done,
,4843098000000688423,N/A,Billable,01-Feb-2025 12:00:00,,Completed,21-Aug-2025 12:49:30,4843098000000688167,pmoappusers_alignedautoma,,,,AMENDMENT NO. 9 TO Dell_Aligned Automation Tech Direct SOW Phase 2-SRU,Dell - Intelligent Coaching,Managed Services,,13-May-2026 11:03:12,Neerav Saxena,,zohouser.pmo1_alignedauto,Swapnil Bhong,,,1001-2450-116076,31-Aug-2025 12:00:00,4843098000000688423,Done,
,4843098000000688839,N/A,Billable,16-Oct-2023 12:00:00,,Completed,21-Aug-2025 12:49:31,4843098000000688167,pmoappusers_alignedautoma,,Dell - SRU Intelligence,,AMENDMENT NO. 9 TO Dell_Aligned Automation Tech Direct SOW Phase 2-SRU,Dell - SRU Enhancements & Operationalization,Managed Services,,15-Apr-2026 12:34:14,,,pmo_alignedautomation,Kavindra Mishra,,,,30-Jun-2025 12:00:00,4843098000000688839,Done,Technology - TSS
,4843098000001977003,,Billable,01-Jan-2026 12:12:56,,Ongoing,12-Jan-2026 12:14:16,4843098000000688167,zohouser.pmo1_alignedauto,31-Jan-2027 ,,,AMENDMENT NO. 9 TO Dell_Aligned Automation Tech Direct SOW Phase 2-SRU,Dell - RTG Analytics Support,Managed Services,,18-May-2026 04:15:26,Neerav Saxena,01-Feb-2026 ,pmo_alignedautomation,Swapnil Bhong,,,1001-2450-116076,31-Jan-2027 12:13:02,4843098000001977003,Yet to be Scheduled,
,4843098000000688859,N/A,Billable,01-Oct-2024 12:00:00,,Completed,21-Aug-2025 12:49:31,4843098000000688167,pmoappusers_alignedautoma,,,,AMENDMENT NO. 8 TO Dell_Aligned Automation Tech Direct SOW Phase 2-Cost of Support Services,INT - Dell - WFM - Presales,Managed Services,,18-May-2026 12:12:58,Amit Daudkhane,,pmo_alignedautomation,Ankit Garg,,,,31-Jan-2025 03:49:50,4843098000000688859,,
,4843098000000688939,N/A,Billable,06-Nov-2023 12:00:00,,Completed,21-Aug-2025 12:49:31,4843098000000688167,pmoappusers_alignedautoma,,,,AMENDMENT NO. 8 TO Dell_Aligned Automation Tech Direct SOW Phase 2-Cost of Support Services,Dell - Cost of Support Services,Managed Services,,18-May-2026 11:33:39,Lokesh Bhansali,,pmo_alignedautomation,Sarang Kulkarni,,,,31-Jan-2025 12:00:00,4843098000000688939,,Functional
,4843098000000688843,N/A,Billable,01-Feb-2025 12:00:00,,Completed,21-Aug-2025 12:49:31,4843098000000688167,pmoappusers_alignedautoma,,INT - Dell - WFM - Presales,,AMENDMENT NO. 8 TO Dell_Aligned Automation Tech Direct SOW Phase 2-Cost of Support Services,Dell - WFO Discovery & Modernization,Managed Services,,15-May-2026 04:24:16,Amit Daudkhane,,pmo_alignedautomation,Ankit Garg,,,,28-Feb-2025 12:00:00,4843098000000688843,,
,4843098000000688339,N/A,Billable,01-Mar-2025 12:00:00,,Ongoing,21-Aug-2025 12:49:30,4843098000000688167,pmoappusers_alignedautoma,05-Nov-2026 ,Dell - AI Acceleration/ Agentic Automation,,AMENDMENT NO. 8 TO Dell_Aligned Automation Tech Direct SOW Phase 2-Cost of Support Services,Dell - Gen AI for Support /  Agentic Automation,Managed Services,,13-May-2026 11:00:34,Lokesh Bhansali,05-Nov-2025 ,zohouser.pmo1_alignedauto,Lokesh Bhansali,,,1001-2450-100807,05-Nov-2026 12:00:00,4843098000000688339,,
,4843098000000688875,N/A,Billable,15-Oct-2024 12:00:00,On hold from July 25,Completed,21-Aug-2025 12:49:31,4843098000000688167,pmoappusers_alignedautoma,,,,AMENDMENT NO. 7 TO Dell_Aligned Automation TechDirect SOW Phase 2 (SRU),Dell - Offer Lifecycle Process - Discovery & Optimization,Managed Services,,18-May-2026 11:57:03,Kavindra Mishra,,pmo_alignedautomation,Swapnil Bhong,,,,31-Jan-2025 11:56:39,4843098000000688875,Done,
,4843098000000688855,N/A,Billable,16-Oct-2023 12:00:00,,Completed,21-Aug-2025 12:49:31,4843098000000688167,pmoappusers_alignedautoma,,,,AMENDMENT NO. 7 TO Dell_Aligned Automation TechDirect SOW Phase 2 (SRU),Dell - SRU Intelligence,Managed Services,,18-May-2026 12:01:54,,,pmo_alignedautomation,Kavindra Mishra,,,,31-Jan-2025 12:01:43,4843098000000688855,Done,Technology - TSS
,4843098000000688867,N/A,Billable,07-Oct-2024 12:00:00,,Completed,21-Aug-2025 12:49:31,4843098000000688167,pmoappusers_alignedautoma,,,,AMENDMENT NO. 7 TO Dell_Aligned Automation TechDirect SOW Phase 2 (SRU),Dell - NLPe (SRU Extension),Managed Services,,18-May-2026 11:57:56,Soumen Ghosh,,pmo_alignedautomation,Nitin Asati,,,,31-Jan-2025 12:00:00,4843098000000688867,,
,4843098000000688471,N/A,Billable,01-Feb-2025 12:00:00,,Completed,21-Aug-2025 12:49:30,4843098000000688167,pmoappusers_alignedautoma,,Dell - Data Science – Phase 2 - Aditya,,AMENDMENT NO. 7 TO Dell_Aligned Automation Fixed Fee Data Science – Phase 2-Aditya + Accelerate Automation initiatives | AMENDMENT NO. 8 TO Dell_Aligned Automation Fixed Fee Data Science – Phase 2,Dell - Data Science: Integrated Data Fabric & Automation,Staff Org,,02-Jun-2026 07:19:31,Abhijit Joshi,,pmo_alignedautomation,Swapnil Bhong,,,test,31-Jan-2026 12:00:00,4843098000000688471,Done,
,4843098000000688819,N/A,Billable,01-Jul-2023 12:00:00,,Completed,21-Aug-2025 12:49:31,4843098000000688167,pmoappusers_alignedautoma,,,,AMENDMENT NO. 6 TO Dell_Aligned Automation TechDirect SOW Phase 2-EDM,Dell - Every Defect Matters - Amendment 2,Managed Services,,18-May-2026 11:35:29,Abhishek Mane,,pmo_alignedautomation,Praveen Chaudhari,,,,31-Jan-2025 12:00:00,4843098000000688819,Yet to be Scheduled,
,,N/A,For Managing resources,15-Jan-2024 12:00:00,sub projects of TechDirect Ph 2 Gen AI,Completed,21-Aug-2025 12:49:31,4843098000000688167,pmoappusers_alignedautoma,,,,"AMENDMENT NO. 5 TechDirect SOW Phase 2-AI, GenAI and Digitalization/Automation",Dell – TechDirect Ph2 - Chat Analytics,Managed Services,,18-May-2026 12:11:55,Animesh Karmakar,,pmo_alignedautomation,Swapnil Bhong,,,,31-Jan-2025 12:00:00,4843098000000688931,,Technology - DS
,,N/A,Billable,15-Jan-2024 12:00:00,,Completed,21-Aug-2025 12:49:30,4843098000000688167,pmoappusers_alignedautoma,,,,"AMENDMENT NO. 5 TechDirect SOW Phase 2-AI, GenAI and Digitalization/Automation",Dell – TechDirect Ph2 - FPE UI,Managed Services,,18-May-2026 12:11:55,Neerav Saxena,,pmo_alignedautomation,Swapnil Bhong,,,,31-Jan-2025 12:00:00,4843098000000688795,Done,Technology - DS
,,N/A,Billable,15-Jan-2024 12:00:00,,Completed,21-Aug-2025 12:49:31,4843098000000688167,pmoappusers_alignedautoma,,,,"AMENDMENT NO. 5 TechDirect SOW Phase 2-AI, GenAI and Digitalization/Automation",Dell – TechDirect Ph2 - NBA,Managed Services,,18-May-2026 12:11:55,Shruti Pandey,,pmo_alignedautomation,Swapnil Bhong,,,,31-Jan-2025 12:00:00,4843098000000688831,,
,4843098000000688331,N/A,Billable,01-Feb-2022 12:00:00,,Completed,21-Aug-2025 12:49:30,4843098000000688167,pmoappusers_alignedautoma,,Dell - Digital,,AMENDMENT NO. 4 - Celonis Consulting Services Dell Digital FY'26_Q2,Dell - Process Mining,Managed Services,,16-Apr-2026 04:07:09,Neerav Saxena,,pmo_alignedautomation,Swapnil Bhong,,,,31-Jul-2025 12:00:00,4843098000000688331,,
,4843098000000688787,N/A,Billable,11-Apr-2021 12:00:00,,Completed,21-Aug-2025 12:49:30,4843098000000688167,pmoappusers_alignedautoma,,Dell - Graph db - Shalu-Rex,,AMENDMENT NO. 3 Data Science,Dell - AMRS: Account Management,Managed Services,,15-May-2026 02:58:18,,,pmo_alignedautomation,Nitin Asati,,,,30-Apr-2025 12:00:00,4843098000000688787,,
,4843098000000688919,N/A,Billable,01-Feb-2022 12:00:00,,Completed,21-Aug-2025 12:49:31,4843098000000688167,pmoappusers_alignedautoma,,,,AMENDMENT NO. 3 - Celonis Consulting Services Dell Digital FY'26_Q1,Dell - Process Mining,Managed Services,,15-May-2026 03:22:49,Neerav Saxena,,pmo_alignedautomation,Swapnil Bhong,,,,02-May-2025 12:00:00,4843098000000688919,,
,4843098000002180176,N/A,Billable,01-Feb-2026 12:00:00,2 DS resources,Ongoing,12-Feb-2026 03:53:03,4843098000000688167,pmo_alignedautomation,31-Jul-2026 ,,,AMENDMENT NO. 20 TO Dell_Aligned Automation Tech Direct SOW Phase 2,Dell - NLPe (AI),Staff Org,,18-May-2026 04:15:54,Vinodh Ramadas,01-Feb-2026 ,pmo_alignedautomation,Homyar Bhathena,,,1001-2270-721305,31-Jul-2026 12:00:00,4843098000002180176,,
,4843098000000688799,N/A,Billable,11-Apr-2021 12:00:00,,Completed,21-Aug-2025 12:49:30,4843098000000688167,pmoappusers_alignedautoma,,,,AMENDMENT NO. 2 Data Science,Dell - Graph db - Shalu-Rex,Managed Services,,18-May-2026 11:40:02,,,pmo_alignedautomation,Nitin Asati,,,,31-Jan-2025 11:39:50,4843098000000688799,,
,4843098000000688431,N/A,Billable,01-Jun-2025 12:00:00,,Ongoing,21-Aug-2025 12:49:30,4843098000000688167,pmoappusers_alignedautoma,31-Jul-2026 ,,,AMENDMENT NO. 16 TO Dell_Aligned Automation Tech Direct SOW Phase 2 | AMENDMENT NO. 19 TO Dell_Aligned Automation Tech Direct SOW Phase 2,Dell - NLPe (Dev),Staff Org,,13-May-2026 11:01:05,Soumen Ghosh,01-Dec-2025 ,zohouser.pmo1_alignedauto,Nitin Asati,,,1001-2270-721305,31-Jan-2027 12:00:00,4843098000000688431,,
,4843098000000688371,N/A,Billable,10-Jun-2025 12:00:00,,Completed,21-Aug-2025 12:49:30,4843098000000688167,pmoappusers_alignedautoma,,,,AMENDMENT NO. 14 TO Dell_Aligned Automation TechDirect SOW Phase 2 - Case Task Classification,Dell - CSG Case Classification ML Model,,,13-May-2026 11:00:14,,,zohouser.pmo1_alignedauto,Praveen Chaudhari,,,1001-2270-723683,31-Oct-2025 12:00:00,4843098000000688371,,
,4843098000002180182,N/A,Billable,14-Jul-2025 12:00:00,,Completed,12-Feb-2026 03:56:40,4843098000000688167,pmo_alignedautomation,,,,AMENDMENT NO. 13 TO Dell_Aligned Automation TechDirect SOW Phase 2,Dell- GAM – Data Modernization Project,Managed Services,,17-Apr-2026 04:52:01,Praveen Chaudhari,,pmo_alignedautomation,Praveen Chaudhari,,,,15-Dec-2025 04:42:39,4843098000002180182,,
,4843098000002180267,N/A,Billable,01-Jun-2025 12:00:00,,Completed,12-Feb-2026 05:49:56,4843098000000688167,pmo_alignedautomation,,,,AMENDMENT NO. 11 TO Dell_Aligned Automation Tech Direct SOW Phase 2 | AMENDMENT NO. 15 TO Dell_Aligned Automation Tech Direct SOW Phase 2-NLP,Dell - NLPe (Dev),Managed Services,,20-May-2026 11:48:37,Soumen Ghosh,,pmo_alignedautomation,Nitin Asati,,,,31-Jan-2026 12:00:00,4843098000002180267,,
,4843098000002180136,N/A,Billable,01-Feb-2025 12:00:00,,Ongoing,12-Feb-2026 01:27:19,4843098000000688167,pmo_alignedautomation,31-Jan-2027 ,,,AMENDMENT NO. 11 TO Dell_Aligned Automation Fixed Fee Data Science – Phase 2,Dell - Data Science: Integrated Data Fabric & Automation,Staff Org,,13-May-2026 10:57:16,Abhijit Joshi,01-Feb-2026 ,zohouser.pmo1_alignedauto,Swapnil Bhong,,,1001-2040-700390,31-Jan-2027 12:00:00,4843098000002180136,Done,
,4843098000003012010,N/A,Billable,15-Jan-2024 12:00:00,,Ongoing,26-May-2026 12:14:26,4843098000000688167,pmo_alignedautomation,31-Jan-2027 ,NBA ISG,,AMENDMENT NO. 10 TO Dell_Aligned Automation Tech Direct SOW Phase 2-Gen AI | AMENDMENT NO. 9 TO Dell_Aligned Automation Tech Direct SOW Phase 2-SRU,Dell - Next Best Action,Managed Services,,26-May-2026 12:15:17,Shruti Pandey,01-Feb-2026 ,pmo_alignedautomation,Swapnil Bhong,,,1001-2450-719034,31-Jan-2027 12:00:00,4843098000003012010,,
,4843098000000688475,N/A,Billable,15-Jan-2024 12:00:00,,Completed,21-Aug-2025 12:49:30,4843098000000688167,pmoappusers_alignedautoma,31-Jan-2027 ,NBA ISG,,AMENDMENT NO. 10 TO Dell_Aligned Automation Tech Direct SOW Phase 2-Gen AI,Dell - Next Best Action,Managed Services,,26-May-2026 12:15:43,Shruti Pandey,01-Feb-2026 ,pmo_alignedautomation,Swapnil Bhong,,,1001-2450-719034,31-Aug-2026 12:00:00,4843098000000688475,,
,4843098000002180152,N/A,Billable,01-Feb-2026 12:00:00,only 3 resources to be billed,Ongoing,12-Feb-2026 01:58:32,4843098000000688167,pmo_alignedautomation,31-Jan-2027 ,,,AMENDMENT NO. 10 TO Dell_Aligned Automation Fixed Fee Data Science – Phase 2,Dell - Knowledge Graphs,Managed Services,,13-May-2026 10:58:44,Abhijit Joshi,01-Feb-2026 ,zohouser.pmo1_alignedauto,Swapnil Bhong,,,1001-2450-113426,31-Jan-2027 04:44:18,4843098000002180152,Not to be audited,
,4843098000001860167,,Billable,01-Dec-2025 04:01:42,,Completed,30-Dec-2025 01:43:43,4843098000000688167,zohouser.pmo1_alignedauto,,INT - Dell Magi OTM Telemetry,,AMENDMENT NO. 1 To GAM – Data Quality Modernization,Dell - Magi OTM Telemetry PUC,,,30-Apr-2026 11:45:21,Shruti Pandey,,pmo_alignedautomation,Swapnil Bhong,,,,31-Jan-2026 04:01:45,4843098000001860167,Yet to be Scheduled,
,4843098000000688347,N/A,Billable,01-May-2025 12:00:00,,Ongoing,21-Aug-2025 12:49:30,4843098000000688167,pmoappusers_alignedautoma,31-Jan-2027 ,,,AMENDMENT NO. 1 TO AlignedAutomation Consulting Services Customer Success Customer Reporting,Dell - Customer Success Customer Reporting,Staff Org,,13-May-2026 10:53:16,Soumen Ghosh,01-Feb-2026 ,zohouser.pmo1_alignedauto,Nitin Asati,,,1001-2410-113716,31-Jan-2027 12:00:00,4843098000000688347,Done,
,4843098000003167005,,Billable,01-Jun-2026 11:40:26,,Ongoing,10-Jun-2026 11:42:16,4843098000000688167,pmo_alignedautomation,15-Dec-2026 ,,,63867 - SCM_Dell_20260601_Dell_SOW_AA_v2,Dell - CPU Rebate Optimization,Managed Services,,10-Jun-2026 11:42:16,Ujjwal Joshi,01-Jun-2026 ,pmo_alignedautomation,Gaurav Gulati,,,,15-Dec-2026 11:40:29,4843098000003167005,Yet to be Scheduled,
,4843098000000701287,IT & Digital COE,For Billing Purpose,20-Jan-2023 12:00:00,Add this project for Billing purpose,Completed,21-Aug-2025 12:49:31,4843098000000688163,pmoappusers_alignedautoma,30-Jun-2025 ,,,2025 IT & Digital Center of Excellence (COE) Capability for GTI,LYB - IT Resources Data & Analytics - Ellis Owusu,Staff Org,,26-May-2026 04:47:06,"Shrirang Salway,Sapan Dighe",01-Jan-2025 ,pmo_alignedautomation,Sapan Dighe,,,,30-Jun-2025 12:00:00,4843098000000701287,,Technology - TSS
,4843098000000688579,IT & Digital COE,Billable,20-Jan-2023 12:00:00,,Completed,21-Aug-2025 12:49:30,4843098000000688163,pmoappusers_alignedautoma,30-Jun-2025 ,,,2025 IT & Digital Center of Excellence (COE) Capability for GTI,LYB - IT Resources Data & Analytics,Staff Org,,26-May-2026 04:51:09,Sapan Dighe,01-Jan-2025 ,pmo_alignedautomation,Sapan Dighe,,,,31-Dec-2025 12:00:00,4843098000000688579,Yet to be Scheduled,Technology - TSS
,4843098000002997043,IT & Digital COE,Billable,20-Jan-2023 12:00:00,,Completed,26-May-2026 04:07:22,4843098000000688163,pmo_alignedautomation,30-Jun-2025 ,,,2025 IT & Digital Center of Excellence (COE) Capability for GTI,LYB - IT PMO Process,Staff Org,,26-May-2026 04:09:49,Sapan Dighe,01-Jan-2025 ,pmo_alignedautomation,Sapan Dighe,,,,30-Jun-2025 12:00:00,4843098000002997043,,Technology - TSS
,4843098000000701295,IT & Digital COE,For Billing Purpose,20-Jan-2023 12:00:00,Add this project for Billing purpose,Completed,21-Aug-2025 12:49:31,4843098000000688163,pmoappusers_alignedautoma,30-Jun-2025 ,,,2025 IT & Digital Center of Excellence (COE) Capability for GTI,LYB - IT Resources Data & Analytics - Yousuf Uddin,Staff Org,,26-May-2026 04:48:09,"Shrirang Salway,Sapan Dighe",01-Jan-2025 ,pmo_alignedautomation,Sapan Dighe,,,,30-Jun-2025 12:00:00,4843098000000701295,,Technology - TSS
,4843098000002997040,IT & Digital COE,Billable,20-Jan-2023 12:00:00,,Completed,26-May-2026 04:00:47,4843098000000688163,pmo_alignedautomation,30-Jun-2025 ,,,2025 IT & Digital Center of Excellence (COE) Capability for GTI,LYB - IT CoE - Manufacturing Product Team,Staff Org,,26-May-2026 04:00:47,"Shrirang Salway,Sapan Dighe",01-Jan-2025 ,pmo_alignedautomation,Sapan Dighe,,,,30-Apr-2025 12:00:00,4843098000002997040,,Technology - DSS
,,IT & Digital COE,Billable,01-Jan-2024 12:00:00,,Completed,21-Aug-2025 12:49:32,4843098000000688163,pmoappusers_alignedautoma,,,,,LYB - S2P Transformation POD,,,21-Aug-2025 12:49:32,Sapan Dighe,,pmoappusers_alignedautoma,Sapan Dighe,,,,31-Dec-2024 12:00:00,4843098000000701355,,Technology - DSS
,,IT & Digital COE,Billable,20-Jan-2023 12:00:00,,Completed,21-Aug-2025 12:49:32,4843098000000688163,pmoappusers_alignedautoma,,,,,LYB - Digital Implementation Resources - Max Chavez - SAP IBP JV,,,21-Aug-2025 12:49:32,Sarvesh Kulkarni,,pmoappusers_alignedautoma,Gaurish Sathe,,,,19-Jan-2025 12:00:00,4843098000000701339,,Functional
,,Nerve Center,Billable,01-Nov-2023 12:00:00,,Completed,21-Aug-2025 12:49:32,4843098000000688163,pmoappusers_alignedautoma,,,,,LYB -  S2P Application Enhancements,,,21-Aug-2025 12:49:32,Gyanendra Mishra,,pmoappusers_alignedautoma,Sarang Kulkarni,,,,31-Dec-2023 12:00:00,4843098000000701319,,
,4843098000002886002,Procurement COE,Operational Enablement,01-May-2026 12:06:13,,Completed,06-May-2026 12:05:32,4843098000000688163,pmo_alignedautomation,,,,,INT - LYB - P-COE Scale,,,18-Jun-2026 01:21:41,Gaurav Gulati,,zohouser.pmo1_alignedauto,Gaurav Gulati,,,,19-Jan-2027 12:06:32,4843098000002886002,,
,4843098000003126008,,Billable,08-Jun-2026 03:12:38,,Ongoing,05-Jun-2026 03:16:03,4843098000000688195,pmo_alignedautomation,11-Sep-2026 ,,,,Worley - MDR POD,Managed Services,,05-Jun-2026 03:16:03,Sarvesh Kulkarni,08-Jun-2026 ,pmo_alignedautomation,Sarang Kulkarni,4843098000000696943,,,11-Sep-2026 03:12:42,4843098000003126008,Yet to be Scheduled,Development
,,Nerve Center,Operational Enablement,01-Aug-2021 12:00:00,,Completed,21-Aug-2025 12:49:31,4843098000000688163,pmoappusers_alignedautoma,,,,,INT - LYB RM Spend Cube Change Management,,,21-Aug-2025 12:49:31,Hasan Jaffri,,pmoappusers_alignedautoma,Sarang Kulkarni,,,,09-Oct-2022 12:00:00,4843098000000701255,,
,4843098000003126005,,Billable,04-Jun-2026 02:05:18,,Ongoing,05-Jun-2026 02:06:00,4843098000000688171,pmo_alignedautomation,31-Dec-2026 ,,,,Eli Lilly - Limerick Data & Digital Services - AA,Managed Services,,15-Jun-2026 07:22:11,Gaurish Sathe,04-Jun-2026 ,pmo_alignedautomation,Gaurish Sathe,4843098000000697131,,,31-Dec-2026 02:05:21,4843098000003126005,Yet to be Scheduled,Technology - TSS
,,Nerve Center,Operational Enablement,20-Jan-2023 12:00:00,,Completed,21-Aug-2025 12:49:31,4843098000000688163,pmoappusers_alignedautoma,,,,,INT - LYB Operations Internal Scale,,,21-Aug-2025 12:49:31,Sarang Kulkarni,,pmoappusers_alignedautoma,Sarang Kulkarni,,,,31-Oct-2024 12:00:00,4843098000000701275,,
,,Nerve Center,Billable,20-Mar-2023 12:00:00,,Completed,21-Aug-2025 12:49:31,4843098000000688163,pmoappusers_alignedautoma,,,,,LYB - APAC Spend Analytics (Indirects),,,21-Aug-2025 12:49:31,Rajdeep Haloi,,pmoappusers_alignedautoma,Sarang Kulkarni,,,,21-Jul-2023 12:00:00,4843098000000701299,,
,4843098000000688383,N/A,Operational Enablement,01-Jan-2022 12:00:00,,Ongoing,21-Aug-2025 12:49:30,4843098000000688167,pmoappusers_alignedautoma,,INT - Dell Scaling Celonis & Other Projects,,,INT - Dell Scaling,Managed Services,,16-Feb-2026 04:47:41,,,zohouser.pmo1_alignedauto,Shishir Keshari,,,,,4843098000000688383,,
,,Nerve Center,Operational Enablement,01-Jan-2022 12:00:00,,Completed,21-Aug-2025 12:49:31,4843098000000688163,pmoappusers_alignedautoma,,,,,INT - LYB Spend Cube (Enhancements),,,21-Aug-2025 12:49:31,Lokesh Bhansali,,pmoappusers_alignedautoma,Sarang Kulkarni,,,,31-Aug-2022 12:00:00,4843098000000701235,,
,,Nerve Center,Billable,19-Dec-2022 12:00:00,,Completed,21-Aug-2025 12:49:31,4843098000000688163,pmoappusers_alignedautoma,,,,,LYB - APAC Transformation - Procurement Strategy Communication Tool (RM),,,21-Aug-2025 12:49:31,Rajdeep Haloi,,pmoappusers_alignedautoma,Sarang Kulkarni,,,,19-May-2023 12:00:00,4843098000000701219,,
,,Nerve Center,Billable,05-Dec-2022 12:00:00,,Completed,21-Aug-2025 12:49:31,4843098000000688163,pmoappusers_alignedautoma,,,,,LYB - APAC Transformation - Procurement Strategy Communication Tool (Indirect),,,21-Aug-2025 12:49:31,Rajdeep Haloi,,pmoappusers_alignedautoma,Sarang Kulkarni,,,,05-May-2023 12:00:00,4843098000000701199,,
,,N/A,Operational Enablement,,,Ongoing,21-Aug-2025 12:49:30,4843098000000688211,pmoappusers_alignedautoma,,,,,INT - DSS,,,21-Aug-2025 12:49:30,,,pmoappusers_alignedautoma,Shrirang Salway,,,,,4843098000000688683,,
,,Nerve Center,Operational Enablement,01-Feb-2025 12:00:00,,Completed,21-Aug-2025 12:49:30,4843098000000688195,pmoappusers_alignedautoma,,,,,INT – Worley Nerve Center,,,26-Nov-2025 01:46:19,Sameer Mujawar,,zohouser.pmo1_alignedauto,Sarang Kulkarni,,,,31-Jul-2025 12:00:00,4843098000000688727,,
,,N/A,Operational Enablement,01-Oct-2022 12:00:00,,Completed,21-Aug-2025 12:49:30,4843098000000688167,pmoappusers_alignedautoma,,,,,INT - Dell - Quantitative analysis for Telemetry (Shalu),,,21-Aug-2025 12:49:30,,,pmoappusers_alignedautoma,Yuvaraj Pawar,,,,30-Apr-2023 12:00:00,4843098000000688759,,
,,N/A,Operational Enablement,01-Jan-2022 12:00:00,,Completed,21-Aug-2025 12:49:30,4843098000000688167,pmoappusers_alignedautoma,,,,,INT - Dell EBI Scale,,,21-Aug-2025 12:49:30,Praveen Chaudhari,,pmoappusers_alignedautoma,Praveen Chaudhari,,,,31-Mar-2023 12:00:00,4843098000000688779,,
,,N/A,Operational Enablement,01-Jan-2022 12:00:00,,Completed,21-Aug-2025 12:49:30,4843098000000688167,pmoappusers_alignedautoma,,,,,INT - Dell Forecasting MLOps,,,21-Aug-2025 12:49:30,,,pmoappusers_alignedautoma,Yuvaraj Pawar,,,,30-Sep-2023 12:00:00,4843098000000688807,,
,4843098000000688295,N/A,Support,,,Ongoing,21-Aug-2025 12:49:29,4843098000000688215,pmoappusers_alignedautoma,,,,,Support (HR/Finance/Admin/IT),,,19-Feb-2026 05:14:19,,,pmo_alignedautomation,Seema Yadav,,,,,4843098000000688295,,
,,IT & Digital COE,Billable,01-Nov-2022 12:00:00,,Completed,21-Aug-2025 12:49:31,4843098000000688163,pmoappusers_alignedautoma,,,,,LYB - IT RESOURCES DATA&ANALYTICS - VENDOR AUTOMATION,,,21-Aug-2025 12:49:31,Neerav Saxena,,pmoappusers_alignedautoma,Sapan Dighe,,,,19-Jan-2024 12:00:00,4843098000000701179,,
,4843098000001376003,,Operational Enablement,09-Sep-2025 04:01:42,,Completed,23-Oct-2025 04:02:05,4843098000000688167,zohouser.pmo1_alignedauto,,,,,INT - Dell Magi OTM Telemetry,,,12-Feb-2026 03:30:18,Shruti Pandey,,pmo_alignedautomation,Swapnil Bhong,,,,30-Nov-2025 04:01:45,4843098000001376003,Yet to be Scheduled,
,4843098000002180158,,Operational Enablement,01-Feb-2026 04:01:42,,Ongoing,12-Feb-2026 03:31:08,4843098000000688167,pmo_alignedautomation,,Dell - Magi OTM Telemetry PUC,,,INT - Dell Magi OTM Telemetry,,,16-Feb-2026 04:57:41,,,zohouser.pmo1_alignedauto,Homyar Bhathena,,,,31-Dec-2026 04:01:45,4843098000002180158,Yet to be Scheduled,
,4843098000000701447,N/A,Operational Enablement,15-May-2023 12:00:00,,Completed,21-Aug-2025 12:49:32,4843098000000688251,pmoappusers_alignedautoma,,,,,INT - Skan UHG - Task Mining,,,05-Mar-2026 03:06:54,,,zohouser.pmo1_alignedauto,Swapnil Bhong,,,,31-Aug-2023 12:00:00,4843098000000701447,,
,,IT & Digital COE,Billable,12-Feb-2023 12:00:00,,Completed,21-Aug-2025 12:49:31,4843098000000688163,pmoappusers_alignedautoma,,,,,LYB - CO – IT and Digital Center of Excellence Capability 2023,,,05-Mar-2026 03:03:46,,,zohouser.pmo1_alignedauto,Sarang Kulkarni,,,,17-Apr-2023 12:00:00,4843098000000701159,,
,4843098000000701391,N/A,Operational Enablement,01-Nov-2022 12:00:00,,Completed,21-Aug-2025 12:49:32,4843098000000688211,pmoappusers_alignedautoma,,,,,INT - Data Quality Management,,,05-Mar-2026 03:06:02,Apoorva Vaidh,,zohouser.pmo1_alignedauto,Sarang Kulkarni,,,,31-Jul-2023 12:00:00,4843098000000701391,,
,,N/A,Billable,01-May-2024 12:00:00,,Completed,21-Aug-2025 12:49:31,4843098000000688167,pmoappusers_alignedautoma,,,,,Dell - Pasedena Independent School District (External),,,05-Mar-2026 03:03:21,,,zohouser.pmo1_alignedauto,Swapnil Bhong,,,,31-Oct-2024 12:00:00,4843098000000688907,,Functional
,,N/A,Operational Enablement,01-Jan-2022 12:00:00,,Completed,21-Aug-2025 12:49:32,4843098000000688259,pmoappusers_alignedautoma,,,,,INT - Shell Scaling,,,06-Mar-2026 11:49:38,,,zohouser.pmo1_alignedauto,Sarang Kulkarni,,,,,4843098000000701439,,
,,N/A,Operational Enablement,01-Jan-2022 12:00:00,Available,Completed,21-Aug-2025 12:49:31,4843098000000688163,pmoappusers_alignedautoma,,,,,INT - LYB Support and Enhancements (All Projects),,,21-Aug-2025 12:49:31,Sarang Kulkarni,,pmoappusers_alignedautoma,Sarang Kulkarni,,,,31-May-2024 12:00:00,4843098000000701163,,
,,IT & Digital COE,Billable,01-Sep-2023 12:00:00,Vikram moved to HR POD / 4405412588,Completed,21-Aug-2025 12:49:31,4843098000000688163,pmoappusers_alignedautoma,,,,,LYB - JV Project,,,21-Aug-2025 12:49:31,Sapan Dighe,,pmoappusers_alignedautoma,Sapan Dighe,,,,30-Jun-2024 12:00:00,4843098000000701143,,Technology - DSS
,,IT & Digital COE,Billable,15-Sep-2023 12:00:00,,Completed,21-Aug-2025 12:49:31,4843098000000688163,pmoappusers_alignedautoma,,,,,"LYB - DQ, Master Data and CCE Additional Capacity",,,21-Aug-2025 12:49:31,Sapan Dighe,,pmoappusers_alignedautoma,Sapan Dighe,,,,30-Apr-2024 12:00:00,4843098000000701123,,Technology - DSS
,,N/A,Operational Enablement,01-Jul-2023 12:00:00,,Completed,21-Aug-2025 12:49:31,4843098000000688219,pmoappusers_alignedautoma,,,,,INT - Procurement Demo,,,21-Aug-2025 12:49:31,,,pmoappusers_alignedautoma,Sarang Kulkarni,,,,31-Oct-2023 12:00:00,4843098000000701099,,
,,N/A,Billable,18-Sep-2023 12:00:00,,Completed,21-Aug-2025 12:49:31,4843098000000688171,pmoappusers_alignedautoma,,,,,Eli Lilly - LRL Learning and Development (L&D) – Metris Dashboard Support and Enhancement,,,21-Aug-2025 12:49:31,Vikram Nahata,,pmoappusers_alignedautoma,Ashwani Tiwary,,,,29-Feb-2024 12:00:00,4843098000000701083,,Technology - TSS
,,N/A,Billable,25-Nov-2024 12:00:00,,Completed,21-Aug-2025 12:49:31,4843098000000688171,pmoappusers_alignedautoma,,,,,Eli Lilly - Power BI Custom Visual Development,,,21-Aug-2025 12:49:31,Vikram Nahata,,pmoappusers_alignedautoma,Ashwani Tiwary,,,,03-Jan-2025 12:00:00,4843098000000701067,,
,4843098000003227007,,Operational Enablement,01-Jun-2026 05:58:46,,Ongoing,17-Jun-2026 06:00:07,,pmo_alignedautomation,,,,,INT - Dell - IBP - CSG,Managed Services,,17-Jun-2026 06:00:07,Atul More,,pmo_alignedautomation,Amit Daudkhane,,,,15-Aug-2026 05:58:49,4843098000003227007,Yet to be Scheduled,Development
,,N/A,Billable,01-Jun-2022 12:00:00,Change in Name,Completed,21-Aug-2025 12:49:31,4843098000000688171,pmoappusers_alignedautoma,,,,,Eli Lilly - Global Transparency Data Validation Tool,,,21-Aug-2025 12:49:31,Naresh Babu,,pmoappusers_alignedautoma,Ashwani Tiwary,,,,28-Feb-2023 12:00:00,4843098000000701043,,
,,N/A,Billable,01-Sep-2022 12:00:00,,Completed,21-Aug-2025 12:49:31,4843098000000688171,pmoappusers_alignedautoma,,,,,Eli Lilly - LRL Learning and Development (L&D) – Metris Dashboard,,,21-Aug-2025 12:49:31,Vikram Nahata,,pmoappusers_alignedautoma,Ashwani Tiwary,,,,15-Sep-2023 12:00:00,4843098000000701027,,
,,N/A,Billable,01-Mar-2023 12:00:00,PPS Modernization & GT Connect Integration,Completed,21-Aug-2025 12:49:31,4843098000000688171,pmoappusers_alignedautoma,,,,,Eli Lilly - PPS Modernization & GT Connect Integration,,,26-Aug-2025 02:10:33,Vikram Nahata,,pmoappusers_alignedautoma,Ashwani Tiwary,,,,15-Sep-2024 12:00:00,4843098000000688999,,Technology - TSS
,,N/A,Billable,21-Feb-2022 12:00:00,,Completed,21-Aug-2025 12:49:31,4843098000000688171,pmoappusers_alignedautoma,,,,,Eli Lilly - EC D2 Migration,,,21-Aug-2025 12:49:31,Bhagwat Shukla,,pmoappusers_alignedautoma,Ashwani Tiwary,,,,31-Dec-2022 12:00:00,4843098000000688967,,
,,N/A,Operational Enablement,01-Feb-2023 12:00:00,,Completed,21-Aug-2025 12:49:31,4843098000000688167,pmoappusers_alignedautoma,,,,,INT -  Dell - Development Project,,,21-Aug-2025 12:49:31,Affan Maste,,pmoappusers_alignedautoma,Ankit Garg,,,,30-Apr-2023 12:00:00,4843098000000688943,,
,,N/A,Operational Enablement,01-Dec-2022 12:00:00,,Completed,21-Aug-2025 12:49:31,4843098000000688167,pmoappusers_alignedautoma,,,,,INT -  Dell - EDM Defect Management,,,21-Aug-2025 12:49:31,Affan Maste,,pmoappusers_alignedautoma,Ankit Garg,,,,31-Jan-2023 12:00:00,4843098000000688903,,
,,N/A,Billable,01-Feb-2025 12:00:00,,Completed,21-Aug-2025 12:49:31,4843098000000688167,pmoappusers_alignedautoma,,,,,Dell - Data Science – Phase 2 - Aditya,Staff Org,,21-Aug-2025 12:49:31,Abhijit Joshi,,pmoappusers_alignedautoma,Swapnil Bhong,,,,31-Jan-2025 12:00:00,4843098000000688827,Done,
,,N/A,Operational Enablement,15-Jul-2024 12:00:00,,Completed,21-Aug-2025 12:49:32,4843098000000688195,pmoappusers_alignedautoma,,,,,INT - Worley,,,21-Aug-2025 12:49:32,Sameer Mujawar,,pmoappusers_alignedautoma,Sarang Kulkarni,,,,15-Aug-2024 12:00:00,4843098000000701471,,
,,N/A,Operational Enablement,07-Jul-2023 12:00:00,,Completed,21-Aug-2025 12:49:32,4843098000000688239,pmoappusers_alignedautoma,,,,,Int - SMBC PreSales,,,21-Aug-2025 12:49:32,Amit Daudkhane,,pmoappusers_alignedautoma,Ankit Garg,,,,07-Aug-2023 12:00:00,4843098000000701443,,
,,N/A,Billable,01-Sep-2023 12:00:00,,Completed,21-Aug-2025 12:49:32,4843098000000688263,pmoappusers_alignedautoma,,,,,P66 - Reports & Analytics - CO,,,21-Aug-2025 12:49:32,,,pmoappusers_alignedautoma,Praveen Chaudhari,,,,31-Mar-2024 12:00:00,4843098000000701419,,Technology - TSS
,,N/A,Operational Enablement,25-May-2023 12:00:00,,Completed,21-Aug-2025 12:49:32,4843098000000688211,pmoappusers_alignedautoma,,,,,Floworks - Automation POC,,,21-Aug-2025 12:49:32,,,pmoappusers_alignedautoma,Shishir Keshari,,,,04-Sep-2023 12:00:00,4843098000000701399,,
,4843098000000688695,N/A,Operational Enablement,01-Nov-2024 12:00:00,,Ongoing,21-Aug-2025 12:49:30,4843098000000688211,pmoappusers_alignedautoma,,,,,INT - Operations Scale,,,11-Feb-2026 05:00:28,Sarang Kulkarni,,pmo_alignedautomation,Sarang Kulkarni,,,,,4843098000000688695,,
,,N/A,Operational Enablement,,,Ongoing,21-Aug-2025 12:49:30,4843098000000688211,pmoappusers_alignedautoma,,,,,INT - TSS,,,21-Aug-2025 12:49:30,,,pmoappusers_alignedautoma,Nitin Asati,,,,,4843098000000688679,,
,,N/A,Operational Enablement,22-May-2025 12:00:00,,Completed,21-Aug-2025 12:49:30,4843098000000688207,pmoappusers_alignedautoma,,,,,INT - DTE Energy - IT Data Quality Assessment,,,26-Nov-2025 03:00:23,Rajdeep Haloi,,zohouser.pmo1_alignedauto,Sarang Kulkarni,,,,14-Nov-2025 12:00:00,4843098000000688479,,
(Dell DTD) Dell- EMEA/JP Depot,,N/A,For Allocation,15-Dec-2025 12:00:00,,Ongoing,21-Aug-2025 12:49:30,4843098000000688167,pmoappusers_alignedautoma,,,,,Dell - DTD,Managed Services,,15-Jan-2026 01:53:32,Amar Nirmal,,zohouser.pmo1_alignedauto,Syed Armaan Chawdhary,,,,,4843098000000688375,,Functional
,,Nerve Center,Billable,13-Feb-2023 12:00:00,,Completed,21-Aug-2025 12:49:31,4843098000000688163,pmoappusers_alignedautoma,,,,,LYB - ASP Portal,,,21-Aug-2025 12:49:31,Sachin Kumar,,pmoappusers_alignedautoma,Sarang Kulkarni,,,,13-Jul-2023 12:00:00,4843098000000701311,,
,,IT & Digital COE,Billable,01-Feb-2023 12:00:00,,Completed,21-Aug-2025 12:49:31,4843098000000688163,pmoappusers_alignedautoma,,,,,LYB - PDD - Raw Material,,,21-Aug-2025 12:49:31,Sapan Dighe,,pmoappusers_alignedautoma,Sapan Dighe,,,,30-Sep-2023 12:00:00,4843098000000701291,,
,,IT & Digital COE,Billable,01-Jan-2023 12:00:00,,Completed,21-Aug-2025 12:49:31,4843098000000688163,pmoappusers_alignedautoma,,,,,LYB - Manufacturing Data Factory,,,21-Aug-2025 12:49:31,Sapan Dighe,,pmoappusers_alignedautoma,Sapan Dighe,,,,31-Jan-2023 12:00:00,4843098000000701271,,
,,Nerve Center,Billable,01-May-2024 12:00:00,Original SOW - DQP Raw Material workflow enhancements – Statement of Work for 2024 (Project to start from August),Completed,21-Aug-2025 12:49:31,4843098000000688163,pmoappusers_alignedautoma,,,,,LYB - DQP Raw Materials,,,21-Aug-2025 12:49:31,Sapan Dighe,,pmoappusers_alignedautoma,Sapan Dighe,,,,09-Aug-2024 12:00:00,4843098000000701247,,Technology - TSS
,,Nerve Center,On Hold,03-Apr-2024 12:00:00,Old PO - 4405469149,Completed,21-Aug-2025 12:49:31,4843098000000688163,pmoappusers_alignedautoma,,,,,LYB - Adoption of Monday.com,,,21-Aug-2025 12:49:31,Parul Rakhan,,pmoappusers_alignedautoma,Parul Rakhan,,,,15-Aug-2024 12:00:00,4843098000000701231,,Functional
,,Procurement COE,Operational Enablement,01-Dec-2022 12:00:00,,Completed,21-Aug-2025 12:49:31,4843098000000688163,pmoappusers_alignedautoma,,,,,INT - LYB PCOE - Price benchmarking solution,,,21-Aug-2025 12:49:31,Ritu Jain,,pmoappusers_alignedautoma,Yuvaraj Pawar,,,,30-Sep-2023 12:00:00,4843098000000701211,,
,,IT & Digital COE,Billable,01-Feb-2023 12:00:00,,Completed,21-Aug-2025 12:49:31,4843098000000688163,pmoappusers_alignedautoma,,,,,LYB - CCE Project,,,21-Aug-2025 12:49:31,Sapan Dighe,,pmoappusers_alignedautoma,Sarang Kulkarni,,,,01-Oct-2023 12:00:00,4843098000000701191,,
,,Nerve Center,Billable,01-Feb-2023 12:00:00,,Completed,21-Aug-2025 12:49:31,4843098000000688163,pmoappusers_alignedautoma,,,,,LYB - CSIT Spend Analytics - NA Enhancements,,,21-Aug-2025 12:49:31,Atul More,,pmoappusers_alignedautoma,Sarang Kulkarni,,,,31-Jul-2023 12:00:00,4843098000000701175,,
,4843098000000688699,N/A,Operational Enablement,,,Completed,21-Aug-2025 12:49:30,4843098000000688211,pmoappusers_alignedautoma,,,,,INT - Pre Sales GCC,,,17-Jun-2026 04:55:50,,,zohouser.pmo1_alignedauto,Ashwani Tiwary,,,,31-Mar-2026 04:55:24,4843098000000688699,,
,,IT & Digital COE,Billable,08-Aug-2023 12:00:00,PO used from Jan - Mar - 4405199924,Completed,21-Aug-2025 12:49:31,4843098000000688163,pmoappusers_alignedautoma,,,,,LYB - UI/UX Capability,,,21-Aug-2025 12:49:31,Sapan Dighe,,pmoappusers_alignedautoma,Sapan Dighe,,,,31-Dec-2024 12:00:00,4843098000000701155,,Technology - TSS
,,IT & Digital COE,Billable,24-Jul-2023 12:00:00,,Completed,21-Aug-2025 12:49:31,4843098000000688163,pmoappusers_alignedautoma,,,,,LYB - VEP Project,,,21-Aug-2025 12:49:31,Sapan Dighe,,pmoappusers_alignedautoma,Sapan Dighe,,,,31-Dec-2024 12:00:00,4843098000000701139,,Technology - TSS
,4843098000000701115,Nerve Center,Operational Enablement,,,Completed,21-Aug-2025 12:49:31,4843098000000688163,pmoappusers_alignedautoma,,,,,INT - LYB CS Master Dashboard - EU+IT Spend Dashboard & Analytics - TS Enhancements,,,28-Jan-2026 11:56:45,Atul More,,zohouser.pmo1_alignedauto,Sarang Kulkarni,,,,,4843098000000701115,,
,,N/A,Operational Enablement,01-Sep-2023 12:00:00,,Completed,21-Aug-2025 12:49:31,4843098000000688219,pmoappusers_alignedautoma,,,,,INT - Customer Success Application,,,21-Aug-2025 12:49:31,,,pmoappusers_alignedautoma,"Nitin Asati,Sarang Kulkarni",,,,30-Nov-2023 12:00:00,4843098000000701095,,
,,N/A,Billable,18-Sep-2023 12:00:00,,Completed,21-Aug-2025 12:49:31,4843098000000688171,pmoappusers_alignedautoma,,,,,Eli Lilly - LRL Learning and Development (L&D) – Metris Dashboard Support and Enhancement,,,21-Aug-2025 12:49:31,Vikram Nahata,,pmoappusers_alignedautoma,Ashwani Tiwary,,,,29-Feb-2024 12:00:00,4843098000000701079,,Technology - TSS
,,N/A,Billable,01-Sep-2024 12:00:00,,Completed,21-Aug-2025 12:49:31,4843098000000688171,pmoappusers_alignedautoma,,,,,Eli Lilly - Oncology Medical Affairs AutomateHub - Support Services,,,21-Aug-2025 12:49:31,Vikram Nahata,,pmoappusers_alignedautoma,Ashwani Tiwary,,,,31-Dec-2024 12:00:00,4843098000000701059,,Technology - TSS
,,N/A,Billable,19-Jun-2023 12:00:00,,Completed,21-Aug-2025 12:49:31,4843098000000688171,pmoappusers_alignedautoma,,,,,Eli Lilly - Medical Affairs IT Services,,,21-Aug-2025 12:49:31,Vikram Nahata,,pmoappusers_alignedautoma,Ashwani Tiwary,,,,31-Dec-2024 12:00:00,4843098000000701039,,Technology - TSS
,,N/A,Billable,30-Apr-2022 12:00:00,,Completed,21-Aug-2025 12:49:31,4843098000000688171,pmoappusers_alignedautoma,,,,,Eli Lilly - CMS Reporting and Middleware Support Services,,,21-Aug-2025 12:49:31,Vikram Nahata,,pmoappusers_alignedautoma,Ashwani Tiwary,,,,31-Dec-2022 12:00:00,4843098000000701015,,
,,N/A,Billable,22-May-2023 12:00:00,,Completed,21-Aug-2025 12:49:31,4843098000000688171,pmoappusers_alignedautoma,,,,,Eli Lilly - Warehouse App,,,21-Aug-2025 12:49:31,Vikram Nahata,,pmoappusers_alignedautoma,Ashwani Tiwary,,,,25-Aug-2023 12:00:00,4843098000000688995,,
,,N/A,Operational Enablement,01-Oct-2022 12:00:00,,Completed,21-Aug-2025 12:49:31,4843098000000688167,pmoappusers_alignedautoma,,,,,INT - Dell - Data Science (Shalu),,,21-Aug-2025 12:49:31,,,pmoappusers_alignedautoma,Yuvaraj Pawar,,,,30-Apr-2023 12:00:00,4843098000000688959,,
,,N/A,Billable,05-Sep-2022 12:00:00,,Completed,21-Aug-2025 12:49:31,4843098000000688167,pmoappusers_alignedautoma,,,,,Dell - Coaching Portal,,,21-Aug-2025 12:49:31,Ameya Nadkarni,,pmoappusers_alignedautoma,Nitin Asati,,,,31-Mar-2023 12:00:00,4843098000000688935,,
,,N/A,Billable,01-May-2023 12:00:00,,Completed,21-Aug-2025 12:49:31,4843098000000688167,pmoappusers_alignedautoma,,,,,Dell - Managed Services,Managed Services,,21-Aug-2025 12:49:31,Neerav Saxena,,pmoappusers_alignedautoma,Swapnil Bhong,,,,,4843098000000688891,,
,,N/A,Billable,21-Sep-2022 12:00:00,,Completed,21-Aug-2025 12:49:31,4843098000000688167,pmoappusers_alignedautoma,,,,,Dell - Depot Forecasting,,,21-Aug-2025 12:49:31,Amit Daudkhane,,pmoappusers_alignedautoma,Ankit Garg,,,,30-Apr-2023 12:00:00,4843098000000688815,,
,,N/A,Billable,01-Jun-2023 12:00:00,,Completed,21-Aug-2025 12:49:32,4843098000000688191,pmoappusers_alignedautoma,,,,,Weatherford - AWS / Cloud Management,,,21-Aug-2025 12:49:32,Vyas Verma,,pmoappusers_alignedautoma,Nitin Asati,,,,31-Dec-2023 12:00:00,4843098000000701463,,
,,N/A,Billable,02-Sep-2022 12:00:00,,Completed,21-Aug-2025 12:49:32,4843098000000688259,pmoappusers_alignedautoma,,,,,Shell,,,06-Mar-2026 11:49:38,,,zohouser.pmo1_alignedauto,Sarang Kulkarni,,,,30-Jun-2024 12:00:00,4843098000000701435,,Technology - DS
,,N/A,Billable,05-May-2023 12:00:00,,Completed,21-Aug-2025 12:49:32,4843098000000688263,pmoappusers_alignedautoma,,,,,P66 - Reports & Analytics,,,21-Aug-2025 12:49:32,,,pmoappusers_alignedautoma,Praveen Chaudhari,,,,04-Jan-2024 12:00:00,4843098000000701415,,Technology - DSS
,,Nerve Center,Operational Enablement,01-May-2023 12:00:00,,Completed,21-Aug-2025 12:49:32,4843098000000688211,pmoappusers_alignedautoma,,,,,INT - Analyst Pool Activity Automation,,,21-Aug-2025 12:49:32,Sanjaykumar Shaha,,pmoappusers_alignedautoma,Sarang Kulkarni,,,,31-Dec-2023 12:00:00,4843098000000701395,,
,,IT & Digital COE,Billable,01-Jan-2024 12:00:00,,Completed,21-Aug-2025 12:49:32,4843098000000688163,pmoappusers_alignedautoma,,,,,LYB - DQP Vendor Reactivation,,,21-Aug-2025 12:49:32,Sapan Dighe,,pmoappusers_alignedautoma,Sapan Dighe,,,,29-Feb-2024 12:00:00,4843098000000701351,,Technology - TSS
,,IT & Digital COE,Billable,01-Jul-2022 12:00:00,New PDD Project created,Completed,21-Aug-2025 12:49:32,4843098000000688163,pmoappusers_alignedautoma,,,,,LYB - Finance Master Data Proj,,,21-Aug-2025 12:49:32,Neerav Saxena,,pmoappusers_alignedautoma,Sapan Dighe,,,,31-Dec-2022 12:00:00,4843098000000701335,,
,,Nerve Center,Billable,01-Nov-2022 12:00:00,,Completed,21-Aug-2025 12:49:32,4843098000000688163,pmoappusers_alignedautoma,,,,,LYB- Margin Optimization Phase 5A APAC,,,21-Aug-2025 12:49:32,Lokesh Bhansali,,pmoappusers_alignedautoma,Sarang Kulkarni,,,,31-Jan-2023 12:00:00,4843098000000701315,,
,,N/A,Billable,01-May-2023 12:00:00,,Completed,21-Aug-2025 12:49:32,4843098000000688223,pmoappusers_alignedautoma,,,,,Reata - Concur Implementation/Stabilization,,,21-Aug-2025 12:49:32,,,pmoappusers_alignedautoma,Ashwani Tiwary,,,,30-Sep-2023 12:00:00,4843098000000701431,,
,4843098000000701403,N/A,Operational Enablement,01-Aug-2022 12:00:00,,Completed,21-Aug-2025 12:49:32,4843098000000688211,pmoappusers_alignedautoma,,,,,INT - Supply Chain Goliath,,,05-Mar-2026 03:06:35,Sanjaykumar Shaha,,zohouser.pmo1_alignedauto,Prabhakar Chaudhary,,,,15-Mar-2023 12:00:00,4843098000000701403,,
,,N/A,Billable,18-Sep-2023 12:00:00,,Completed,21-Aug-2025 12:49:31,4843098000000688167,pmoappusers_alignedautoma,,,,,Dell - GPS Horizon 1,,,05-Mar-2026 03:03:21,,,zohouser.pmo1_alignedauto,Swapnil Bhong,,,,18-Dec-2023 12:00:00,4843098000000688895,,
,,N/A,Billable,18-Aug-2022 12:00:00,,Completed,21-Aug-2025 12:49:31,4843098000000688167,pmoappusers_alignedautoma,,,,,Dell - Sustainability - IT Process Modernization,,,05-Mar-2026 03:03:21,Norma Marsh,,zohouser.pmo1_alignedauto,Swapnil Bhong,,,,31-Jan-2024 12:00:00,4843098000000688911,,
,,IT & Digital COE,Billable,20-Jan-2023 12:00:00,,Completed,21-Aug-2025 12:49:32,4843098000000688163,pmoappusers_alignedautoma,,,,,LYB - Digital Implementation Resources - Max Chavez - Inspection Productivity Tool,,,05-Mar-2026 03:03:46,,,zohouser.pmo1_alignedauto,Sarang Kulkarni,,,,19-Jan-2025 12:00:00,4843098000000701359,,
(Dell DTD) Dell - Case Management,,N/A,For Allocation,26-Aug-2025 12:00:00,,Ongoing,22-Sep-2025 06:56:20,4843098000000688167,zohouser.pmo1_alignedauto,,,,,Dell - DTD,Managed Services,,22-Sep-2025 06:58:12,Amar Nirmal,,zohouser.pmo1_alignedauto,Swapneel Kajale,,,,,4843098000001047054,Done,Functional
,4843098000000688291,N/A,Marketing,,,Ongoing,21-Aug-2025 12:49:29,4843098000000688215,pmoappusers_alignedautoma,,,,,Marketing,,,19-Feb-2026 05:13:15,,,pmo_alignedautomation,Sheena Sandhu,,,,,4843098000000688291,,
,,N/A,Billable,01-Aug-2022 12:00:00,,Completed,21-Aug-2025 12:49:30,4843098000000688167,pmoappusers_alignedautoma,,,,,Dell - Labor Forecasting,,,21-Aug-2025 12:49:30,Amit Daudkhane,,pmoappusers_alignedautoma,Ankit Garg,,,,30-Apr-2023 12:00:00,4843098000000688803,,
,,N/A,Billable,09-Sep-2022 12:00:00,,Completed,21-Aug-2025 12:49:30,4843098000000688167,pmoappusers_alignedautoma,,,,,Dell - EBI,,,21-Aug-2025 12:49:30,Praveen Chaudhari,,pmoappusers_alignedautoma,Praveen Chaudhari,,,,31-Mar-2023 12:00:00,4843098000000688771,,
,,N/A,,05-Apr-2023 12:00:00,,Completed,21-Aug-2025 12:49:30,4843098000000688267,pmoappusers_alignedautoma,,,,,Carrier - Demand Planning | Forecasting | Supply Management Managed Services,,,21-Aug-2025 12:49:30,Amit Daudkhane,,pmoappusers_alignedautoma,Ankit Garg,,,,05-Jul-2023 12:00:00,4843098000000688755,,
,,Procurement COE,Operational Enablement,01-Jan-2022 12:00:00,,Completed,21-Aug-2025 12:49:31,4843098000000688163,pmoappusers_alignedautoma,,,,,INT - LYB - P-COE Scale,,,21-Aug-2025 12:49:31,Gaurav Gulati,,pmoappusers_alignedautoma,Gaurav Gulati,,,,31-Aug-2023 12:00:00,4843098000000701183,,
,,IT & Digital COE,Billable,07-Feb-2022 12:00:00,,Completed,21-Aug-2025 12:49:31,4843098000000688163,pmoappusers_alignedautoma,,,,,LYB - C3i (C3 Data Intelligence),,,21-Aug-2025 12:49:31,Sapan Dighe,,pmoappusers_alignedautoma,Sapan Dighe,,,,19-Jan-2025 12:00:00,4843098000000701167,,Technology - DSS
,,Nerve Center,Operational Enablement,01-Jan-2022 12:00:00,,Completed,21-Aug-2025 12:49:31,4843098000000688163,pmoappusers_alignedautoma,,,,,INT - LYB Procurement Strategy Communication Tool,,,21-Aug-2025 12:49:31,Sameer Mujawar,,pmoappusers_alignedautoma,Sarang Kulkarni,,,,,4843098000000701147,,
,,Nerve Center,Operational Enablement,01-Jan-2022 12:00:00,,Completed,21-Aug-2025 12:49:31,4843098000000688163,pmoappusers_alignedautoma,,,,,INT - LYB-APAC Transformation,,,21-Aug-2025 12:49:31,Rajdeep Haloi,,pmoappusers_alignedautoma,Sarang Kulkarni,,,,,4843098000000701127,,
,,N/A,Operational Enablement,01-Oct-2024 12:00:00,,Completed,21-Aug-2025 12:49:31,4843098000000688219,pmoappusers_alignedautoma,,,,,INT - Supply Chain Demo,,,21-Aug-2025 12:49:31,Gyanendra Mishra,,pmoappusers_alignedautoma,Amit Daudkhane,,,,31-Dec-2024 12:00:00,4843098000000701103,,
,,N/A,Operational Enablement,,,Completed,21-Aug-2025 12:49:31,4843098000000688243,pmoappusers_alignedautoma,,,,,INT - HPE Presales,,,21-Aug-2025 12:49:31,Sarang Kulkarni,,pmoappusers_alignedautoma,Shishir Keshari,,,,,4843098000000701087,,
,,N/A,Billable,10-Oct-2024 12:00:00,,Completed,21-Aug-2025 12:49:31,4843098000000688171,pmoappusers_alignedautoma,,,,,Eli Lilly - Immunology Medical Affairs AutomateHub,,,21-Aug-2025 12:49:31,Vikram Nahata,,pmoappusers_alignedautoma,Ashwani Tiwary,,,,31-Dec-2024 12:00:00,4843098000000701071,,
,,N/A,Billable,01-Nov-2024 12:00:00,,Completed,21-Aug-2025 12:49:31,4843098000000688171,pmoappusers_alignedautoma,,,,,Eli Lilly - Neuroscience Medical Affairs AutomateHub Support Services,,,21-Aug-2025 12:49:31,Vikram Nahata,,pmoappusers_alignedautoma,Ashwani Tiwary,,,,31-Dec-2024 12:00:00,4843098000000701051,,Technology - TSS
,,N/A,Billable,01-Oct-2022 12:00:00,,Completed,21-Aug-2025 12:49:31,4843098000000688171,pmoappusers_alignedautoma,,,,,Eli Lilly - IT Services,,,26-Aug-2025 02:11:09,Vikram Nahata,,pmoappusers_alignedautoma,Ashwani Tiwary,,,,31-Dec-2024 12:00:00,4843098000000701031,,Technology - TSS
,,N/A,Billable,19-Jun-2023 12:00:00,,Completed,21-Aug-2025 12:49:31,4843098000000688171,pmoappusers_alignedautoma,,,,,Eli Lilly - Nozomi Vulnerability Data Connector,,,21-Aug-2025 12:49:31,Vikram Nahata,,pmoappusers_alignedautoma,Ashwani Tiwary,,,,01-Sep-2023 12:00:00,4843098000000701003,,
,,N/A,Billable,01-Apr-2024 12:00:00,Oncology Medical Affairs Projects – Phase 1,Completed,21-Aug-2025 12:49:31,4843098000000688171,pmoappusers_alignedautoma,,,,,Eli Lilly - Oncology Medical Affairs IT Projects,,,21-Aug-2025 12:49:31,Vikram Nahata,,pmoappusers_alignedautoma,Ashwani Tiwary,,,,30-Aug-2024 12:00:00,4843098000000688987,,Technology - TSS
,,N/A,Operational Enablement,01-Oct-2022 12:00:00,,Completed,21-Aug-2025 12:49:31,4843098000000688167,pmoappusers_alignedautoma,,,,,INT - Dell - Graph DB/Modeling (Shalu),,,21-Aug-2025 12:49:31,,,pmoappusers_alignedautoma,Yuvaraj Pawar,,,,30-Apr-2023 12:00:00,4843098000000688951,,
,,N/A,Billable,01-Jun-2022 12:00:00,,Completed,21-Aug-2025 12:49:31,4843098000000688167,pmoappusers_alignedautoma,,,,,Dell – Address Validation,,,21-Aug-2025 12:49:31,,,pmoappusers_alignedautoma,Ashwani Tiwary,,,,31-Jan-2023 12:00:00,4843098000000688923,,
,4843098000002477003,,Billable,01-Feb-2026 03:04:16,,Ongoing,06-Mar-2026 03:04:25,4843098000000688167,pmo_alignedautomation,,,,,Dell - RTG Model Development,Managed Services,,18-May-2026 04:16:09,Vinodh Ramadas,,pmo_alignedautomation,Swapnil Bhong,,,1001-2450-116076,31-Jul-2026 03:36:18,4843098000002477003,Yet to be Scheduled,Technology - DS
,,N/A,Billable,16-May-2022 12:00:00,,Completed,21-Aug-2025 12:49:31,4843098000000688167,pmoappusers_alignedautoma,,,,,Dell - Part Forecasting,,,21-Aug-2025 12:49:31,Prashant Binzlekar,,pmoappusers_alignedautoma,Ankit Garg,,,,20-May-2023 12:00:00,4843098000000688847,,
,,Procurement COE,Operational Enablement,01-Sep-2024 12:00:00,,Completed,21-Aug-2025 12:49:32,4843098000000688195,pmoappusers_alignedautoma,,,,,INT Worley - Procurement Modernization - Assessment and Opportunity Identification,,,21-Aug-2025 12:49:32,Praveen Chaudhari,,pmoappusers_alignedautoma,Sarang Kulkarni,,,,28-Feb-2025 12:00:00,4843098000000701475,,
,,N/A,Billable,14-Aug-2023 12:00:00,,Completed,21-Aug-2025 12:49:32,4843098000000688187,pmoappusers_alignedautoma,,,,,WR Grace - Share Point Project,,,21-Aug-2025 12:49:32,Rajdeep Haloi,,pmoappusers_alignedautoma,Sarang Kulkarni,,,,31-Dec-2023 12:00:00,4843098000000701455,,
,,N/A,Operational Enablement,24-Jun-2024 12:00:00,,Completed,21-Aug-2025 12:49:32,4843098000000688235,pmoappusers_alignedautoma,,,,,INT -  Peak XV POC,,,21-Aug-2025 12:49:32,Rajdeep Haloi,,pmoappusers_alignedautoma,Sarang Kulkarni,,,,09-Aug-2024 12:00:00,4843098000000701423,,
,,N/A,Billable,01-May-2023 12:00:00,,Completed,21-Aug-2025 12:49:32,4843098000000688263,pmoappusers_alignedautoma,,,,,P66 - Data Science Managed Capacity,,,21-Aug-2025 12:49:32,Ritu Jain,,pmoappusers_alignedautoma,Ritu Jain,,,,30-Sep-2023 12:00:00,4843098000000701407,,
,,Nerve Center,Operational Enablement,,,Completed,21-Aug-2025 12:49:32,4843098000000688163,pmoappusers_alignedautoma,,,,,INT - LYB CSIT Spend Analytics,,,21-Aug-2025 12:49:32,Atul More,,pmoappusers_alignedautoma,Sarang Kulkarni,,,,,4843098000000701375,,
,,IT & Digital COE,For Billing Purpose,17-Apr-2023 12:00:00,Add this project for Billing purpose,Completed,21-Aug-2025 12:49:32,4843098000000688163,pmoappusers_alignedautoma,,,,,LYB - EAC Sustainability Project I,,,21-Aug-2025 12:49:32,Sarang Kulkarni,,pmoappusers_alignedautoma,Sarang Kulkarni,,,,30-Apr-2024 12:00:00,4843098000000701343,,Technology - TSS
,,N/A,Operational Enablement,03-Jan-2023 12:00:00,,Completed,21-Aug-2025 12:49:30,4843098000000688167,pmoappusers_alignedautoma,,,,,INT - Dell - Federated learning,,,21-Aug-2025 12:49:30,Aniket Kulkarni,,pmoappusers_alignedautoma,Yuvaraj Pawar,,,,30-Apr-2023 12:00:00,4843098000000688763,,
,,IT & Digital COE,Billable,25-Jul-2022 12:00:00,,Completed,21-Aug-2025 12:49:32,4843098000000688163,pmoappusers_alignedautoma,,,,,LYB - Functional Expertise for Advanced Analytics Projects,,,21-Aug-2025 12:49:32,Praveen Chaudhari,,pmoappusers_alignedautoma,Praveen Chaudhari,,,,19-Jan-2024 12:00:00,4843098000000701327,,
,,N/A,Billable,01-May-2023 12:00:00,on allocation board there is only 1 project as Dell - Personalization AI/GenAI which has resource for Dell-Knowledge graphs as well. Link : Dell - Data Science: Integrated Data Fabric & Automation project also to its Personlization resources,Completed,21-Aug-2025 12:49:30,4843098000000688167,pmoappusers_alignedautoma,,,,,Dell - Managed Services,Managed Services,,21-Aug-2025 12:49:30,Abhijit Joshi,,pmoappusers_alignedautoma,Swapnil Bhong,,,,31-Jan-2025 12:00:00,4843098000000688783,Done,
,4843098000000688283,N/A,Management,,,Ongoing,21-Aug-2025 12:49:29,4843098000000688215,pmoappusers_alignedautoma,,,,,Management,,,19-Feb-2026 05:12:50,,,pmo_alignedautomation,Rajnesh Kumar,,,,,4843098000000688283,,
,4843098000000688299,N/A,Support,,,Ongoing,21-Aug-2025 12:49:29,4843098000000688215,pmoappusers_alignedautoma,,,,,PMO,,,19-Feb-2026 05:14:32,,,pmo_alignedautomation,Abhinav Mishra,,,,,4843098000000688299,,
,,N/A,Billable,01-Feb-2021 12:00:00,,Completed,10-Oct-2025 05:56:30,4843098000000688171,zohouser.pmo1_alignedauto,,,,,Eli Lilly - CMS Data Ingestion,,,10-Oct-2025 05:57:49,Vikram Nahata,,zohouser.pmo1_alignedauto,Ashwani Tiwary,,,,30-Dec-2022 12:00:00,4843098000001235013,,Technology - TSS
,4843098000002180206,N/A,Pipeline,01-Feb-2026 01:13:42,,Ongoing,12-Feb-2026 04:58:15,,pmo_alignedautomation,,,,,Available for Review,,,13-Feb-2026 01:15:04,,,pmo_alignedautomation,"Abhinav Mishra,Seema Yadav",,,,31-Dec-2026 01:13:44,4843098000002180206,,
,,N/A,Billable,01-Mar-2025 12:00:00,,Completed,21-Aug-2025 12:49:31,4843098000000688167,pmoappusers_alignedautoma,,,,,Dell - AI Acceleration/ Agentic Automation,Managed Services,,05-Mar-2026 03:03:21,,,zohouser.pmo1_alignedauto,Swapnil Bhong,,,,31-Jan-2025 12:00:00,4843098000000688851,,
,,IT & Digital COE,Billable,,,Completed,21-Aug-2025 12:49:32,4843098000000688163,pmoappusers_alignedautoma,,,,,LYB - PG Scheduler,,,05-Mar-2026 03:03:46,,,zohouser.pmo1_alignedauto,Sarang Kulkarni,,,,,4843098000000701367,,
,4843098000000688871,N/A,Operational Enablement,07-Feb-2023 12:00:00,,Completed,21-Aug-2025 12:49:31,4843098000000688167,pmoappusers_alignedautoma,,,,,INT - Dell - DTD Automation,,,05-Mar-2026 03:04:27,,,zohouser.pmo1_alignedauto,Nitin Asati,,,,17-May-2023 12:00:00,4843098000000688871,,
,,N/A,Operational Enablement,15-Jul-2024 12:00:00,,Completed,21-Aug-2025 12:49:31,4843098000000688167,pmoappusers_alignedautoma,,,,,INT - Dell - External PS - PreSales,,,05-Mar-2026 03:05:01,,,zohouser.pmo1_alignedauto,Swapnil Bhong,,,,31-Jan-2025 12:00:00,4843098000000688947,,
,4843098000002546186,,,,,,13-Mar-2026 12:23:54,,zohouser.pmo1_alignedauto,,,,,Other,,,13-Mar-2026 12:23:54,,,zohouser.pmo1_alignedauto,,,,,,4843098000002546186,Yet to be Scheduled,
,,N/A,Operational Enablement,15-Jan-2024 12:00:00,sub projects of TechDirect Ph 2 Gen AI,On Hold,21-Aug-2025 12:49:30,4843098000000688167,pmoappusers_alignedautoma,,,,,INT - Dell – TechDirect Ph2 - Chat Analytics,Managed Services,,21-Aug-2025 12:49:30,Ritu Jain,,pmoappusers_alignedautoma,Swapnil Bhong,,,,28-Feb-2025 12:00:00,4843098000000688739,,Technology - DS
,,N/A,Operational Enablement,01-Apr-2023 12:00:00,,Ongoing,21-Aug-2025 12:49:30,4843098000000688211,pmoappusers_alignedautoma,,,,,INT - Data Science,,,21-Aug-2025 12:49:30,,,pmoappusers_alignedautoma,Homyar Bhathena,,,,,4843098000000688687,,
,,IT & Digital COE,Operational Enablement,01-Jan-2022 12:00:00,,Ongoing,21-Aug-2025 12:49:30,4843098000000688163,pmoappusers_alignedautoma,,,,,INT - LYB IT COE Scale,Staff Org,,21-Aug-2025 12:49:30,Sapan Dighe,,pmoappusers_alignedautoma,Sapan Dighe,,,,,4843098000000688627,,
,4843098000000688547,N/A,Pipeline,,,Ongoing,21-Aug-2025 12:49:30,,pmoappusers_alignedautoma,,,,,No Allocation,,,19-Feb-2026 05:11:06,,,pmo_alignedautomation,Abhinav Mishra,,,,,4843098000000688547,,
,,N/A,Operational Enablement,01-Jan-2022 12:00:00,,Ongoing,21-Aug-2025 12:49:30,4843098000000688171,pmoappusers_alignedautoma,,INT - Eli Lilly Scaling,,,INT - Eli Lilly Scaling - AA,,,24-Dec-2025 01:21:41,Gaurish Sathe,,zohouser.pmo1_alignedauto,Ashwani Tiwary,,,,,4843098000000688507,,
,,N/A,Operational Enablement,01-Jan-2024 12:00:00,,Ongoing,21-Aug-2025 12:49:30,4843098000000688167,pmoappusers_alignedautoma,,,,,INT - Dell - DTD Automation,Managed Services,,21-Aug-2025 12:49:30,,,pmoappusers_alignedautoma,Nitin Asati,,,,,4843098000000688391,,
,4843098000000688363,N/A,Operational Enablement,,,Completed,21-Aug-2025 12:49:30,4843098000000688167,pmoappusers_alignedautoma,,,,,INT - Dell - Care Field IBP POV,,,10-Feb-2026 01:21:05,Amit Daudkhane,,pmo_alignedautomation,Ankit Garg,,,,30-Sep-2025 01:20:47,4843098000000688363,,
,,IT & Digital COE,Billable,01-Sep-2023 12:00:00,,Completed,21-Aug-2025 12:49:31,4843098000000688163,pmoappusers_alignedautoma,,,,,LYB - VEP UI/UX,,,21-Aug-2025 12:49:31,Sapan Dighe,,pmoappusers_alignedautoma,Sapan Dighe,,,,31-Dec-2023 12:00:00,4843098000000701303,,
,,IT & Digital COE,Billable,14-Feb-2022 12:00:00,,Completed,21-Aug-2025 12:49:31,4843098000000688163,pmoappusers_alignedautoma,,,,,LYB - Turnaround (C3 Data Management),,,21-Aug-2025 12:49:31,Sapan Dighe,,pmoappusers_alignedautoma,Sapan Dighe,,,,31-Dec-2022 12:00:00,4843098000000701279,,
,,IT & Digital COE,Billable,20-Jan-2023 12:00:00,,Completed,21-Aug-2025 12:49:31,4843098000000688163,pmoappusers_alignedautoma,,,,,LYB - IT PMO Process,Staff Org,,21-Aug-2025 12:49:31,Sapan Dighe,,pmoappusers_alignedautoma,Sapan Dighe,,,,30-Jun-2025 12:00:00,4843098000000701259,,Technology - TSS
,,Nerve Center,Operational Enablement,10-May-2021 12:00:00,,Completed,21-Aug-2025 12:49:31,4843098000000688163,pmoappusers_alignedautoma,,,,,INT - LYB Supply Chain Spend Analytics Phase III,,,21-Aug-2025 12:49:31,,,pmoappusers_alignedautoma,Sameer Mujawar,,,,11-Nov-2022 12:00:00,4843098000000701239,,
,,Nerve Center,Operational Enablement,01-Jan-2022 12:00:00,,Completed,21-Aug-2025 12:49:31,4843098000000688163,pmoappusers_alignedautoma,,,,,INT - LYB Bid Waiver Digitization-Phase 1 & 2,,,21-Aug-2025 12:49:31,Sarang Kulkarni,,pmoappusers_alignedautoma,Sarang Kulkarni,,,,15-Aug-2022 12:00:00,4843098000000701223,,
,,Nerve Center,Operational Enablement,01-Jan-2022 12:00:00,,Completed,21-Aug-2025 12:49:31,4843098000000688163,pmoappusers_alignedautoma,,,,,INT - LYB Inventory Management Phase 2,,,21-Aug-2025 12:49:31,Sanjaykumar Shaha,,pmoappusers_alignedautoma,Sarang Kulkarni,,,,,4843098000000701203,,
,,Nerve Center,Billable,03-Apr-2023 12:00:00,,Completed,21-Aug-2025 12:49:31,4843098000000688163,pmoappusers_alignedautoma,,,,,LYB - GPU Risk Assessment Scaleup-CSIT,,,21-Aug-2025 12:49:31,Sarang Kulkarni,,pmoappusers_alignedautoma,Sarang Kulkarni,,,,05-Jul-2023 12:00:00,4843098000000701151,,
,,Nerve Center,Operational Enablement,01-Jan-2022 12:00:00,,Completed,21-Aug-2025 12:49:31,4843098000000688163,pmoappusers_alignedautoma,,,,,INT - LYB Sales Enablement,,,21-Aug-2025 12:49:31,,,pmoappusers_alignedautoma,Sarang Kulkarni,,,,,4843098000000701135,,
,,IT & Digital COE,Billable,17-Apr-2023 12:00:00,Previous PO - 4404988529,Completed,21-Aug-2025 12:49:31,4843098000000688163,pmoappusers_alignedautoma,,,,,LYB - EAC Sustainability Project,,,21-Aug-2025 12:49:31,Sarang Kulkarni,,pmoappusers_alignedautoma,Sarang Kulkarni,,,,30-Apr-2024 12:00:00,4843098000000701111,,Technology - TSS
,,N/A,Operational Enablement,26-Jun-2023 12:00:00,,Completed,21-Aug-2025 12:49:31,4843098000000688219,pmoappusers_alignedautoma,,,,,INT - Accelerator Development,,,21-Aug-2025 12:49:31,Amit Daudkhane,,pmoappusers_alignedautoma,Ankit Garg,,,,31-Aug-2023 12:00:00,4843098000000701091,,
,,N/A,Billable,01-Sep-2022 12:00:00,Getting Closed in Feb,Completed,21-Aug-2025 12:49:31,4843098000000688171,pmoappusers_alignedautoma,,,,,Eli Lilly - Payer Analytics Migration,,,21-Aug-2025 12:49:31,Vikram Nahata,,pmoappusers_alignedautoma,Ashwani Tiwary,,,,28-Feb-2023 12:00:00,4843098000000701075,,
,,N/A,Billable,01-Nov-2024 12:00:00,,Completed,21-Aug-2025 12:49:31,4843098000000688171,pmoappusers_alignedautoma,,,,,Eli Lilly - CMH Advisor Activity Summary – AI Tool Assessment,,,21-Aug-2025 12:49:31,Vikram Nahata,,pmoappusers_alignedautoma,Ashwani Tiwary,,,,31-Dec-2024 12:00:00,4843098000000701055,,
,,N/A,Billable,10-May-2022 12:00:00,1,Completed,21-Aug-2025 12:49:31,4843098000000688171,pmoappusers_alignedautoma,,,,,Eli Lilly - Software Development & Application Support,,,26-Aug-2025 02:11:23,Vikram Nahata,,pmoappusers_alignedautoma,Ashwani Tiwary,,,,30-Dec-2022 12:00:00,4843098000000701035,,
,,N/A,Billable,12-Jun-2024 12:00:00,,Completed,21-Aug-2025 12:49:31,4843098000000688171,pmoappusers_alignedautoma,,,,,Eli Lilly - Neuroscience Medical Affairs,,,21-Aug-2025 12:49:31,Vikram Nahata,,pmoappusers_alignedautoma,Ashwani Tiwary,,,,17-Sep-2024 12:00:00,4843098000000701007,,Technology - TSS
,,N/A,Billable,16-Oct-2022 12:00:00,,Completed,21-Aug-2025 12:49:31,4843098000000688171,pmoappusers_alignedautoma,,,,,Eli Lilly - Procedure Management Portal (PMP),,,26-Aug-2025 02:10:20,Vikram Nahata,,pmoappusers_alignedautoma,Ashwani Tiwary,,,,05-Jan-2024 12:00:00,4843098000000688991,,
,,N/A,Operational Enablement,01-Jan-2022 12:00:00,,Completed,21-Aug-2025 12:49:31,4843098000000688167,pmoappusers_alignedautoma,,,,,INT - Dell Scaling Celonis & Other Projects,Managed Services,,21-Aug-2025 12:49:31,,,pmoappusers_alignedautoma,Shishir Keshari,,,,31-Jan-2025 12:00:00,4843098000000688955,,
,,N/A,Billable,15-Jan-2024 12:00:00,,Completed,21-Aug-2025 12:49:31,4843098000000688167,pmoappusers_alignedautoma,,,,,"Dell – TechDirect Ph2 - AI, GenAI and Digitalization/Automation",,,21-Aug-2025 12:49:31,Animesh Karmakar,,pmoappusers_alignedautoma,Swapnil Bhong,,,,31-Jan-2025 12:00:00,4843098000000688927,,Technology - DS
,,N/A,Operational Enablement,30-Jan-2023 12:00:00,,Completed,21-Aug-2025 12:49:31,4843098000000688167,pmoappusers_alignedautoma,,,,,INT- Dell Re-Balancing Optimizer,,,21-Aug-2025 12:49:31,Abhijit Joshi,,pmoappusers_alignedautoma,Ankit Garg,,,,30-Jun-2023 12:00:00,4843098000000688883,,
,,Nerve Center,Billable,01-Jul-2024 12:00:00,,Completed,21-Aug-2025 12:49:32,4843098000000688195,pmoappusers_alignedautoma,,,,,Worley - Nerve Center,,,21-Aug-2025 12:49:32,Sameer Mujawar,,pmoappusers_alignedautoma,Sarang Kulkarni,,,,30-Sep-2024 12:00:00,4843098000000701483,,
,4843098000000701323,IT & Digital COE,Billable,20-Jan-2023 12:00:00,,Completed,21-Aug-2025 12:49:32,4843098000000688163,pmoappusers_alignedautoma,,,,,LYB - IT CoE - Manufacturing Product Team,Staff Org,,26-May-2026 04:01:22,"Shrirang Salway,Sapan Dighe",,pmo_alignedautomation,Sapan Dighe,,,,31-Dec-2024 12:00:00,4843098000000701323,,Technology - DSS
,,N/A,Billable,14-Aug-2023 12:00:00,,Completed,21-Aug-2025 12:49:32,4843098000000688187,pmoappusers_alignedautoma,,,,,WR Grace - S2P Automation,,,21-Aug-2025 12:49:32,Rajdeep Haloi,,pmoappusers_alignedautoma,Sarang Kulkarni,,,,31-Dec-2023 12:00:00,4843098000000701459,,Functional
,,N/A,Operational Enablement,01-Jan-2022 12:00:00,,Completed,21-Aug-2025 12:49:32,4843098000000688175,pmoappusers_alignedautoma,,,,,INT - Philips Scale,,,21-Aug-2025 12:49:32,,,pmoappusers_alignedautoma,Sapan Dighe,,,,,4843098000000701427,,
,,N/A,Billable,10-Oct-2022 12:00:00,,Completed,21-Aug-2025 12:49:32,4843098000000688263,pmoappusers_alignedautoma,,,,,P66,,,21-Aug-2025 12:49:32,,,pmoappusers_alignedautoma,Praveen Chaudhari,,,,30-Apr-2023 12:00:00,4843098000000701411,,
,,Nerve Center,Operational Enablement,01-Jan-2023 12:00:00,,Completed,21-Aug-2025 12:49:32,4843098000000688211,pmoappusers_alignedautoma,,,,,INT - Procurement Nerve Center Demo,,,21-Aug-2025 12:49:32,Lokesh Bhansali,,pmoappusers_alignedautoma,Sarang Kulkarni,,,,31-Mar-2024 12:00:00,4843098000000701383,,
,,IT & Digital COE,Billable,20-Jan-2023 12:00:00,,Completed,21-Aug-2025 12:49:32,4843098000000688163,pmoappusers_alignedautoma,,,,,LYB - Digital Implementation Resources - Ryan Murphy,,,21-Aug-2025 12:49:32,Sarvesh Kulkarni,,pmoappusers_alignedautoma,Gaurish Sathe,,,,19-Jan-2025 12:00:00,4843098000000701347,,Technology - TSS
,,N/A,Operational Enablement,01-Jan-2022 12:00:00,,Completed,21-Aug-2025 12:49:31,4843098000000688167,pmoappusers_alignedautoma,,,,,INT - Dell Skan.ai - Task Mining,,,05-Mar-2026 03:05:01,,,zohouser.pmo1_alignedauto,Swapnil Bhong,,,,31-May-2023 12:00:00,4843098000000688863,,
,,Nerve Center,Billable,19-Dec-2022 12:00:00,,Completed,21-Aug-2025 12:49:32,4843098000000688163,pmoappusers_alignedautoma,,,,,LYB -  APAC Transformation - RM Spend Analytics - Enhancements,,,21-Aug-2025 12:49:32,Sachin Kumar,,pmoappusers_alignedautoma,Sarang Kulkarni,,,,17-Feb-2023 12:00:00,4843098000000701331,,
,,N/A,Operational Enablement,01-Jun-2025 12:00:00,,Completed,21-Aug-2025 12:49:31,4843098000000688167,pmoappusers_alignedautoma,,,,,INT Dell - CSG Case Classification ML Model,,,05-Mar-2026 03:05:01,Shanky Karachiwala,,zohouser.pmo1_alignedauto,Swapnil Bhong,,,,30-Jun-2025 12:00:00,4843098000000688899,,
,4843098000000701387,N/A,Operational Enablement,15-May-2023 12:00:00,,Completed,21-Aug-2025 12:49:32,4843098000000688211,pmoappusers_alignedautoma,,,,,INT - BPMS Training,,,06-Mar-2026 11:52:06,,,zohouser.pmo1_alignedauto,Swapnil Bhong,,,,30-Sep-2023 12:00:00,4843098000000701387,,
,,N/A,Billable,06-Dec-2023 12:00:00,,Completed,21-Aug-2025 12:49:31,4843098000000688167,pmoappusers_alignedautoma,,,,,Dell - Gen AI for Support,Managed Services,,05-Mar-2026 03:03:21,Neerav Saxena,,zohouser.pmo1_alignedauto,Swapnil Bhong,,,,31-Jan-2025 12:00:00,4843098000000688887,Done,
,,N/A,Operational Enablement,01-Jan-2022 12:00:00,,Ongoing,24-Dec-2025 01:19:07,4843098000000688171,zohouser.pmo1_alignedauto,,INT - Eli Lilly Scaling,,,INT - Eli Lilly Scaling - AIS,,,24-Dec-2025 01:24:17,Vikram Nahata,,zohouser.pmo1_alignedauto,Ashwani Tiwary,,,,,4843098000001822056,,
,,N/A,Billable,15-Feb-2021 12:00:00,,Completed,10-Oct-2025 05:54:26,4843098000000688171,zohouser.pmo1_alignedauto,,,,,Eli Lilly - PPQ,,,13-Oct-2025 01:33:33,Shivshankar Awari,,zohouser.pmo1_alignedauto,Ashwani Tiwary,,,,30-Nov-2021 12:00:00,4843098000001235009,,Technology - TSS
,4843098000000688287,N/A,Sales,,,Ongoing,21-Aug-2025 12:49:29,4843098000000688215,pmoappusers_alignedautoma,,,,,Sales,,,19-Feb-2026 05:13:01,,,pmo_alignedautomation,Steve Simpson,,,,,4843098000000688287,,
,,N/A,Billable,05-Jul-2021 12:00:00,,Completed,21-Aug-2025 12:49:30,4843098000000688167,pmoappusers_alignedautoma,,,,,Dell - EDM - Defect Management /CLCA,,,21-Aug-2025 12:49:30,,,pmoappusers_alignedautoma,Ankit Garg,,,,04-Oct-2022 12:00:00,4843098000000688791,,
,,N/A,Billable,01-Oct-2023 12:00:00,,Completed,21-Aug-2025 12:49:30,4843098000000688167,pmoappusers_alignedautoma,,,,,Dell - Takeback ESG Services,,,21-Aug-2025 12:49:30,Amit Daudkhane,,pmoappusers_alignedautoma,Ankit Garg,,,,31-Dec-2024 12:00:00,4843098000000688767,,Functional
,,N/A,Billable,12-Jun-2023 12:00:00,,Completed,21-Aug-2025 12:49:30,4843098000000688255,pmoappusers_alignedautoma,,,,,Calbio - Data Modernization,,,21-Aug-2025 12:49:30,Abhishek Mudholkar,,pmoappusers_alignedautoma,Hardik Rijhwani,,,,21-Jul-2023 12:00:00,4843098000000688751,,
,,N/A,Operational Enablement,01-Sep-2023 12:00:00,,Ongoing,21-Aug-2025 12:49:30,4843098000000688211,pmoappusers_alignedautoma,,,,,INT - Pre Sales & Content Management,,,21-Aug-2025 12:49:30,Ujjwal Joshi,,pmoappusers_alignedautoma,Gaurav Gulati,,,,,4843098000000688691,,
,4843098000000688551,N/A,Operational Enablement,01-Oct-2024 12:00:00,,Completed,21-Aug-2025 12:49:30,4843098000000688211,pmoappusers_alignedautoma,,,,,INT - AA Support team Digitization & Automation,,,17-Jun-2026 05:05:11,,,zohouser.pmo1_alignedauto,Nitin Asati,,,,28-Feb-2026 12:00:00,4843098000000688551,,
,,IT & Digital COE,Billable,01-Mar-2023 12:00:00,,Completed,21-Aug-2025 12:49:31,4843098000000688163,pmoappusers_alignedautoma,,,,,LYB - S2P Application Support POD,,,21-Aug-2025 12:49:31,Sarang Kulkarni,,pmoappusers_alignedautoma,Sarang Kulkarni,,,,31-Dec-2024 12:00:00,4843098000000701307,Done,Technology - DSS
,,Nerve Center,Operational Enablement,03-Jan-2023 12:00:00,,Completed,21-Aug-2025 12:49:31,4843098000000688163,pmoappusers_alignedautoma,,,,,LYB - Global Inventory Management and Optimization - Phase 2,,,21-Aug-2025 12:49:31,Sanjaykumar Shaha,,pmoappusers_alignedautoma,Sarang Kulkarni,,,,15-Jul-2023 12:00:00,4843098000000701283,,
,,Nerve Center,Operational Enablement,01-Jan-2022 12:00:00,,Completed,21-Aug-2025 12:49:31,4843098000000688163,pmoappusers_alignedautoma,,,,,INT - LYB - Risk Assessment,,,21-Aug-2025 12:49:31,,,pmoappusers_alignedautoma,Sarang Kulkarni,,,,,4843098000000701263,,
,,Nerve Center,Operational Enablement,02-Aug-2022 12:00:00,,Completed,21-Aug-2025 12:49:31,4843098000000688163,pmoappusers_alignedautoma,,,,,INT - LYB ASP Performance - Governance Scorecard,,,21-Aug-2025 12:49:31,Sachin Kumar,,pmoappusers_alignedautoma,Sarang Kulkarni,,,,31-Oct-2022 12:00:00,4843098000000701243,,
,,Nerve Center,Billable,06-Feb-2023 12:00:00,,Completed,21-Aug-2025 12:49:31,4843098000000688163,pmoappusers_alignedautoma,,,,,LYB - TS Deep Spend Analytics,,,21-Aug-2025 12:49:31,Sameer Mujawar,,pmoappusers_alignedautoma,Sarang Kulkarni,,,,05-May-2023 12:00:00,4843098000000701227,,
,,Nerve Center,Operational Enablement,01-Jan-2022 12:00:00,,Completed,21-Aug-2025 12:49:31,4843098000000688163,pmoappusers_alignedautoma,,,,,INT - LYB TA Long Leads Materials Visibility,,,21-Aug-2025 12:49:31,Sarang Kulkarni,,pmoappusers_alignedautoma,Sarang Kulkarni,,,,31-Jul-2022 12:00:00,4843098000000701207,,
,4843098000002935055,,Operational Enablement,01-May-2026 07:42:10,,Ongoing,13-May-2026 07:44:41,4843098000000688167,zohouser.pmo1_alignedauto,,,,,INT - GAM Agentic AI,,,13-May-2026 07:44:41,,,zohouser.pmo1_alignedauto,Vinodh Ramadas,,,,31-Jul-2026 07:42:15,4843098000002935055,Yet to be Scheduled,
,,Nerve Center,Operational Enablement,13-Jan-2022 12:00:00,,Completed,21-Aug-2025 12:49:31,4843098000000688163,pmoappusers_alignedautoma,,,,,INT - LYB RM Digital Enablement (Margin Optimization),,,21-Aug-2025 12:49:31,Lokesh Bhansali,,pmoappusers_alignedautoma,Sarang Kulkarni,,,,30-Sep-2022 12:00:00,4843098000000701187,,
,,Nerve Center,Operational Enablement,01-Jan-2022 12:00:00,,Completed,21-Aug-2025 12:49:31,4843098000000688163,pmoappusers_alignedautoma,,,,,LYB - Training Survey Portal,,,21-Aug-2025 12:49:31,Lokesh Bhansali,,pmoappusers_alignedautoma,Sarang Kulkarni,,,,30-Sep-2022 12:00:00,4843098000000701171,,
